scons: Reading SConscript files ...
Mkdir("/home/domin/DutyFree/gem5/build_Intel_8592/gem5.build")
Checking for linker -Wl,--as-needed support... yes
Warning: Detected GCC version 15.2.0 is not officially supported.
         gem5 supports GCC v11 up to v14.2.
Checking for compiler -gz support... yes
Checking for linker -gz support... yes
Info: Using Python config: python3-config
Checking for C header file Python.h... yes
Checking Python version... 3.14.4
Checking for accept(0,0,0) in C++ library None... yes
Checking for zlibVersion() in C++ library z... yes
Checking for C library tcmalloc_minimal... no
Checking for C library tcmalloc... no
Warning: You can get a 12% performance improvement by installing tcmalloc
         (libgoogle-perftools-dev package on Ubuntu or RedHat).
Building in /home/domin/DutyFree/gem5/build_Intel_8592
"build_tools/kconfig_base.py" "/home/domin/DutyFree/gem5/build_Intel_8592/gem5.build/Kconfig" "/home/domin/DutyFree/gem5/src/Kconfig"
Checking for C header file capstone/capstone.h... no
Warning: Header file <capstone/capstone.h> not found.
         This host has no capstone library installed.
Checking for C header file linux/kvm.h... yes
Checking for timer_create(CLOCK_MONOTONIC, NULL, NULL) in C library None... yes
Checking for member exclude_host in struct perf_event_attr...yes
Checking for shm_open("/test", 0, 0) in C library None... yes
Checking for C header file fenv.h... yes
Checking for C header file png.h... no
Warning: Header file <png.h> not found.
         This host has no libpng library.
         Disabling support for PNG framebuffers.
Checking for clock_nanosleep(0,0,NULL,NULL) in C library None... yes
Checking for C header file valgrind/valgrind.h... no
Checking for pkg-config package hdf5-serial... no
Checking for pkg-config package hdf5... no
Checking for H5Fcreate("", 0, 0, 0) in C library hdf5... no
Warning: Couldn't find HDF5 C++ libraries. Disabling HDF5 support.
Checking for C header file linux/if_tun.h... yes
Checking size of struct kvm_xsave ... yes
Warning: While checking protoc version: [Errno 2] No such file or directory:
         'protoc'
Warning: Protocol buffer compiler (protoc) not found.
         Please install protobuf-compiler for tracing support.
Checking for backtrace_symbols_fd((void *)1, 0, 0) in C library None... yes
Checking whether __i386__ is declared... no
Checking whether __x86_64__ is declared... yes
BUILD_TLM not set, not building CHI-TLM integration

Checking for compiler -Wno-self-assign-overloaded support... yes
Checking for linker -Wno-free-nonheap-object support... yes
scons: done reading SConscript files.
scons: Building targets ...
 [     CXX] src/python/gem5py.cc -> build_Intel_8592/python/gem5py.pyo
 [     CXX] src/python/gem5py_m5.cc -> build_Intel_8592/python/gem5py_m5.pyo
 [   SLICC] src/mem/ruby/protocol/chi/CHI.slicc -> build_Intel_8592/mem/ruby/protocol/MachineType.hh, build_Intel_8592/mem/ruby/protocol/DirectoryRequestType.hh, build_Intel_8592/mem/ruby/protocol/CHI/MiscNode_Event.cc, build_Intel_8592/mem/ruby/protocol/CHI/Cache_DirEntry.cc, build_Intel_8592/mem/ruby/protocol/CHI/Cache_State.cc, build_Intel_8592/mem/ruby/protocol/CHI/Memory_Event.hh, build_Intel_8592/mem/ruby/protocol/SequencerStatus.hh, build_Intel_8592/mem/ruby/protocol/CHI/MiscNode_Wakeup.cc, build_Intel_8592/mem/ruby/protocol/RequestStatus.hh, build_Intel_8592/mem/ruby/protocol/CHI/CHIResponseType.cc, build_Intel_8592/mem/ruby/protocol/MaskPredictorIndex.cc, build_Intel_8592/mem/ruby/protocol/HtmCallbackMode.cc, build_Intel_8592/mem/ruby/protocol/CHI/MiscNode_Event.hh, build_Intel_8592/mem/ruby/protocol/CHI/Cache_DirEntry.hh, build_Intel_8592/mem/ruby/protocol/CHI/Cache_State.hh, build_Intel_8592/mem/ruby/protocol/CHI/Memory_RetryQueueEntry.cc, build_Intel_8592/mem/ruby/protocol/SeriesRequestGeneratorStatus.cc, build_Intel_8592/mem/ruby/protocol/CHI/Types.hh, build_Intel_8592/mem/ruby/protocol/RubyAccessMode.cc, build_Intel_8592/mem/ruby/protocol/CHI/CHIResponseType.hh, build_Intel_8592/mem/ruby/protocol/MaskPredictorIndex.hh, build_Intel_8592/mem/ruby/protocol/HtmCallbackMode.hh, build_Intel_8592/mem/ruby/protocol/CHI/MiscNode_RetryQueueEntry.cc, build_Intel_8592/mem/ruby/protocol/CHI/CHIDataMsg.cc, build_Intel_8592/mem/ruby/protocol/CHI/Cache_Event.cc, build_Intel_8592/mem/ruby/protocol/CHI/Cache_TBE.cc, build_Intel_8592/mem/ruby/protocol/CHI/Memory_RetryQueueEntry.hh, build_Intel_8592/mem/ruby/protocol/SeriesRequestGeneratorStatus.hh, build_Intel_8592/mem/ruby/protocol/CacheRequestType.cc, build_Intel_8592/mem/ruby/protocol/RubyAccessMode.hh, build_Intel_8592/mem/ruby/protocol/MaskPredictorTraining.cc, build_Intel_8592/mem/ruby/protocol/HtmFailedInCacheReason.cc, build_Intel_8592/mem/ruby/protocol/CHI/MiscNode_RetryQueueEntry.hh, build_Intel_8592/mem/ruby/protocol/CHI/Cache_Event.hh, build_Intel_8592/mem/ruby/protocol/CHI/Cache_TBE.hh, build_Intel_8592/mem/ruby/protocol/CHI/Memory_State.cc, build_Intel_8592/mem/ruby/protocol/TesterStatus.cc, build_Intel_8592/mem/ruby/protocol/CacheRequestType.hh, build_Intel_8592/mem/ruby/protocol/RubyRequestType.cc, build_Intel_8592/mem/ruby/protocol/MaskPredictorTraining.hh, build_Intel_8592/mem/ruby/protocol/HtmFailedInCacheReason.hh, build_Intel_8592/mem/ruby/protocol/CHI/MiscNode_RetryTriggerMsg.cc, build_Intel_8592/mem/ruby/protocol/CHI/Cache_Transitions.cc, build_Intel_8592/mem/ruby/protocol/CHI/Memory_State.hh, build_Intel_8592/mem/ruby/protocol/TesterStatus.hh, build_Intel_8592/mem/ruby/protocol/SequencerRequestType.hh, build_Intel_8592/mem/ruby/protocol/RubyRequestType.hh, build_Intel_8592/mem/ruby/protocol/MaskPredictorType.cc, build_Intel_8592/mem/ruby/protocol/InvalidateGeneratorStatus.cc, build_Intel_8592/mem/ruby/protocol/CHI/MiscNode_RetryTriggerMsg.hh, build_Intel_8592/mem/ruby/protocol/CHI/Cache_TriggerMsg.cc, build_Intel_8592/mem/ruby/protocol/CHI/Memory_TBE.cc, build_Intel_8592/mem/ruby/protocol/TransitionResult.cc, build_Intel_8592/mem/ruby/protocol/SequencerStatus.cc, build_Intel_8592/mem/ruby/protocol/SequencerMsg.cc, build_Intel_8592/mem/ruby/protocol/MaskPredictorType.hh, build_Intel_8592/mem/ruby/protocol/InvalidateGeneratorStatus.hh, build_Intel_8592/mem/ruby/protocol/CHI/Cache_ReplacementMsg.cc, build_Intel_8592/mem/ruby/protocol/MemoryControlRequestType.hh, build_Intel_8592/mem/ruby/protocol/MemoryRequestType.cc, build_Intel_8592/mem/ruby/protocol/CHI/Cache_TriggerMsg.hh, build_Intel_8592/mem/ruby/protocol/CHI/Memory_TBE.hh, build_Intel_8592/mem/ruby/protocol/TransitionResult.hh, build_Intel_8592/mem/ruby/protocol/SequencerMsg.hh, build_Intel_8592/mem/ruby/protocol/MemoryControlRequestType.cc, build_Intel_8592/mem/ruby/protocol/CHI/CHI_Cache_Controller.py, build_Intel_8592/mem/ruby/protocol/LinkDirection.cc, build_Intel_8592/mem/ruby/protocol/CHI/Cache_ReplacementMsg.hh, build_Intel_8592/mem/ruby/protocol/CHI/MiscNode_State.cc, build_Intel_8592/mem/ruby/protocol/CacheResourceType.cc, build_Intel_8592/mem/ruby/protocol/CHI/CHIDataType.hh, build_Intel_8592/mem/ruby/protocol/MemoryRequestType.hh, build_Intel_8592/mem/ruby/protocol/CHI/Cache_Wakeup.cc, build_Intel_8592/mem/ruby/protocol/AccessPermission.hh, build_Intel_8592/mem/ruby/protocol/CHI/Memory_Transitions.cc, build_Intel_8592/mem/ruby/protocol/CHI/CHIProtocolInfo.hh, build_Intel_8592/mem/ruby/protocol/SequencerRequestType.cc, build_Intel_8592/mem/ruby/protocol/MemoryMsg.hh, build_Intel_8592/mem/ruby/protocol/CHI/CHI_Memory_Controller.py, build_Intel_8592/mem/ruby/protocol/LinkDirection.hh, build_Intel_8592/mem/ruby/protocol/CHI/Cache_RequestType.cc, build_Intel_8592/mem/ruby/protocol/CHI/MiscNode_State.hh, build_Intel_8592/mem/ruby/protocol/MemoryMsg.cc, build_Intel_8592/mem/ruby/protocol/CHI/CHIRequestMsg.cc, build_Intel_8592/mem/ruby/protocol/AccessPermission.cc, build_Intel_8592/mem/ruby/protocol/MessageSizeType.cc, build_Intel_8592/mem/ruby/protocol/CHI/Memory_Controller.cc, build_Intel_8592/mem/ruby/protocol/CHI/Memory_TriggerMsg.cc, build_Intel_8592/mem/ruby/protocol/CHI/CHIDataMsg.hh, build_Intel_8592/mem/ruby/protocol/CHI/CHI_MiscNode_Controller.py, build_Intel_8592/mem/ruby/protocol/LockStatus.cc, build_Intel_8592/mem/ruby/protocol/CHI/Cache_RequestType.hh, build_Intel_8592/mem/ruby/protocol/CHI/MiscNode_TBE.cc, build_Intel_8592/mem/ruby/protocol/CHI/CHIRequestMsg.hh, build_Intel_8592/mem/ruby/protocol/CacheResourceType.hh, build_Intel_8592/mem/ruby/protocol/MessageSizeType.hh, build_Intel_8592/mem/ruby/protocol/CHI/Memory_Controller.hh, build_Intel_8592/mem/ruby/protocol/CHI/Memory_TriggerMsg.hh, build_Intel_8592/mem/ruby/protocol/CHI/CHIDataType.cc, build_Intel_8592/mem/ruby/protocol/CHI/Cache_CacheEntry.cc, build_Intel_8592/mem/ruby/protocol/LockStatus.hh, build_Intel_8592/mem/ruby/protocol/CHI/Cache_RetryQueueEntry.cc, build_Intel_8592/mem/ruby/protocol/CHI/MiscNode_TBE.hh, build_Intel_8592/mem/ruby/protocol/CHI/CHIRequestType.cc, build_Intel_8592/mem/ruby/protocol/DMASequencerRequestType.cc, build_Intel_8592/mem/ruby/protocol/PrefetchBit.cc, build_Intel_8592/mem/ruby/protocol/CHI/Memory_Wakeup.cc, build_Intel_8592/mem/ruby/protocol/AccessType.cc, build_Intel_8592/mem/ruby/protocol/CHI/Cache_CacheEntry.hh, build_Intel_8592/mem/ruby/protocol/MachineType.cc, build_Intel_8592/mem/ruby/protocol/CHI/Cache_RetryQueueEntry.hh, build_Intel_8592/mem/ruby/protocol/CHI/MiscNode_Transitions.cc, build_Intel_8592/mem/ruby/protocol/CHI/CHIRequestType.hh, build_Intel_8592/mem/ruby/protocol/DMASequencerRequestType.hh, build_Intel_8592/mem/ruby/protocol/CHI/MiscNode_Controller.cc, build_Intel_8592/mem/ruby/protocol/AccessType.hh, build_Intel_8592/mem/ruby/protocol/CHI/Cache_Controller.cc, build_Intel_8592/mem/ruby/protocol/PrefetchBit.hh, build_Intel_8592/mem/ruby/protocol/CHI/Cache_RetryTriggerMsg.cc, build_Intel_8592/mem/ruby/protocol/CHI/MiscNode_TriggerMsg.cc, build_Intel_8592/mem/ruby/protocol/CHI/CHIResponseMsg.cc, build_Intel_8592/mem/ruby/protocol/DirectoryRequestType.cc, build_Intel_8592/mem/ruby/protocol/CHI/MiscNode_Controller.hh, build_Intel_8592/mem/ruby/protocol/CHI/Cache_Controller.hh, build_Intel_8592/mem/ruby/protocol/CHI/Cache_RetryTriggerMsg.hh, build_Intel_8592/mem/ruby/protocol/CHI/Memory_Event.cc, build_Intel_8592/mem/ruby/protocol/CHI/MiscNode_TriggerMsg.hh, build_Intel_8592/mem/ruby/protocol/RequestStatus.cc, build_Intel_8592/mem/ruby/protocol/CHI/CHIResponseMsg.hh
 [     CXX] src/python/embedded.cc -> build_Intel_8592/python/embedded.pyo
 [EMBED BLOB] src/python/importer.py, m5ImporterCode -> build_Intel_8592/python/m5ImporterCode.cc, build_Intel_8592/python/m5ImporterCode.hh
 [ DEFINES]  -> build_Intel_8592/python/m5/defines.py
 [     CXX] src/python/importer.cc -> build_Intel_8592/python/importer.pyo
 [     CXX] build_Intel_8592/python/m5ImporterCode.cc -> .pyo
 [CONFIG H] HAVE_DEPRECATED_NAMESPACE, 1 -> build_Intel_8592/config/have_deprecated_namespace.hh
 [     CXX] src/kern/operatingsystem.cc -> build_Intel_8592/kern/operatingsystem.o
 [CONFIG H] HAVE_PROTOBUF, 0 -> build_Intel_8592/config/have_protobuf.hh
 [CONFIG H] HAVE_PERF_ATTR_EXCLUDE_HOST, 1 -> build_Intel_8592/config/have_perf_attr_exclude_host.hh
 [     CXX] src/cpu/kvm/device.cc -> build_Intel_8592/cpu/kvm/device.o
 [     CXX] src/cpu/kvm/perfevent.cc -> build_Intel_8592/cpu/kvm/perfevent.o
 [     CXX] src/mem/htm.cc -> build_Intel_8592/mem/htm.o
 [     CXX] build_Intel_8592/mem/ruby/protocol/CHI/MiscNode_Event.cc -> .o
 [MAKE INC] src/mem/ruby/common/MachineID.hh -> build_Intel_8592/mem/ruby/protocol/MachineID.hh
 [MAKE INC] src/mem/ruby/common/NetDest.hh -> build_Intel_8592/mem/ruby/protocol/NetDest.hh
 [     CXX] build_Intel_8592/mem/ruby/protocol/CHI/Cache_State.cc -> .o
 [MAKE INC] src/mem/ruby/structures/MN_TBEStorage.hh -> build_Intel_8592/mem/ruby/protocol/MN_TBEStorage.hh
 [MAKE INC] src/mem/ruby/common/ExpectedMap.hh -> build_Intel_8592/mem/ruby/protocol/ExpectedMap.hh
 [MAKE INC] src/mem/ruby/common/TriggerQueue.hh -> build_Intel_8592/mem/ruby/protocol/TriggerQueue.hh
 [MAKE INC] src/mem/ruby/structures/TBEStorage.hh -> build_Intel_8592/mem/ruby/protocol/TBEStorage.hh
 [MAKE INC] src/mem/ruby/common/BoolVec.hh -> build_Intel_8592/mem/ruby/protocol/BoolVec.hh
 [MAKE INC] src/mem/ruby/common/Set.hh -> build_Intel_8592/mem/ruby/protocol/Set.hh
 [     CXX] build_Intel_8592/mem/ruby/protocol/CHI/CHIResponseType.cc -> .o
 [     CXX] build_Intel_8592/mem/ruby/protocol/MaskPredictorIndex.cc -> .o
 [     CXX] build_Intel_8592/mem/ruby/protocol/HtmCallbackMode.cc -> .o
 [     CXX] build_Intel_8592/mem/ruby/protocol/SeriesRequestGeneratorStatus.cc -> .o
 [     CXX] build_Intel_8592/mem/ruby/protocol/RubyAccessMode.cc -> .o
 [     CXX] build_Intel_8592/mem/ruby/protocol/CHI/Cache_Event.cc -> .o
 [     CXX] build_Intel_8592/mem/ruby/protocol/CacheRequestType.cc -> .o
 [     CXX] build_Intel_8592/mem/ruby/protocol/MaskPredictorTraining.cc -> .o
 [     CXX] build_Intel_8592/mem/ruby/protocol/HtmFailedInCacheReason.cc -> .o
 [     CXX] build_Intel_8592/mem/ruby/protocol/CHI/Memory_State.cc -> .o
 [     CXX] build_Intel_8592/mem/ruby/protocol/TesterStatus.cc -> .o
 [     CXX] build_Intel_8592/mem/ruby/protocol/RubyRequestType.cc -> .o
 [     CXX] build_Intel_8592/mem/ruby/protocol/MaskPredictorType.cc -> .o
 [     CXX] build_Intel_8592/mem/ruby/protocol/InvalidateGeneratorStatus.cc -> .o
 [     CXX] build_Intel_8592/mem/ruby/protocol/TransitionResult.cc -> .o
 [     CXX] build_Intel_8592/mem/ruby/protocol/SequencerStatus.cc -> .o
 [     CXX] build_Intel_8592/mem/ruby/protocol/MemoryRequestType.cc -> .o
 [     CXX] build_Intel_8592/mem/ruby/protocol/MemoryControlRequestType.cc -> .o
 [     CXX] build_Intel_8592/mem/ruby/protocol/LinkDirection.cc -> .o
 [     CXX] build_Intel_8592/mem/ruby/protocol/CHI/MiscNode_State.cc -> .o
 [     CXX] build_Intel_8592/mem/ruby/protocol/CacheResourceType.cc -> .o
 [     CXX] build_Intel_8592/mem/ruby/protocol/SequencerRequestType.cc -> .o
 [     CXX] build_Intel_8592/mem/ruby/protocol/CHI/Cache_RequestType.cc -> .o
 [     CXX] build_Intel_8592/mem/ruby/protocol/AccessPermission.cc -> .o
 [     CXX] build_Intel_8592/mem/ruby/protocol/MessageSizeType.cc -> .o
 [     CXX] build_Intel_8592/mem/ruby/protocol/LockStatus.cc -> .o
 [     CXX] build_Intel_8592/mem/ruby/protocol/CHI/CHIDataType.cc -> .o
 [     CXX] build_Intel_8592/mem/ruby/protocol/CHI/CHIRequestType.cc -> .o
 [     CXX] build_Intel_8592/mem/ruby/protocol/DMASequencerRequestType.cc -> .o
 [     CXX] build_Intel_8592/mem/ruby/protocol/PrefetchBit.cc -> .o
 [     CXX] build_Intel_8592/mem/ruby/protocol/AccessType.cc -> .o
 [     CXX] build_Intel_8592/mem/ruby/protocol/DirectoryRequestType.cc -> .o
 [     CXX] build_Intel_8592/mem/ruby/protocol/CHI/Memory_Event.cc -> .o
 [     CXX] build_Intel_8592/mem/ruby/protocol/RequestStatus.cc -> .o
 [     CXX] src/mem/ruby/profiler/AccessTraceForAddress.cc -> build_Intel_8592/mem/ruby/profiler/AccessTraceForAddress.o
 [CONFIG H] BUILD_GPU, 0 -> build_Intel_8592/config/build_gpu.hh
 [ CFG ISA]  -> build_Intel_8592/config/the_gpu_isa.hh
 [     CXX] src/mem/ruby/profiler/StoreTrace.cc -> build_Intel_8592/mem/ruby/profiler/StoreTrace.o
 [     CXX] src/mem/ruby/common/BoolVec.cc -> build_Intel_8592/mem/ruby/common/BoolVec.o
 [     CXX] src/mem/ruby/common/Histogram.cc -> build_Intel_8592/mem/ruby/common/Histogram.o
 [     CXX] src/mem/ruby/common/IntVec.cc -> build_Intel_8592/mem/ruby/common/IntVec.o
 [     CXX] src/mem/ruby/structures/PersistentTable.cc -> build_Intel_8592/mem/ruby/structures/PersistentTable.o
 [     CXX] src/mem/ruby/structures/TBEStorage.cc -> build_Intel_8592/mem/ruby/structures/TBEStorage.o
 [     CXX] src/mem/cache/compressors/encoders/huffman.cc -> build_Intel_8592/mem/cache/compressors/encoders/huffman.o
 [     CXX] src/mem/cache/tags/dueling.cc -> build_Intel_8592/mem/cache/tags/dueling.o
 [     CXX] src/base/atomicio.cc -> build_Intel_8592/base/atomicio.o
 [     CXX] src/base/bitfield.cc -> build_Intel_8592/base/bitfield.o
 [CONFIG H] HAVE_PNG, 0 -> build_Intel_8592/config/have_png.hh
 [     CXX] src/base/channel_addr.cc -> build_Intel_8592/base/channel_addr.o
 [     CXX] src/base/cprintf.cc -> build_Intel_8592/base/cprintf.o
 [     CXX] src/base/debug.cc -> build_Intel_8592/base/debug.o
 [CONFIG H] HAVE_FENV, 1 -> build_Intel_8592/config/have_fenv.hh
 [     CXX] src/base/fenv.cc -> build_Intel_8592/base/fenv.o
 [CONFIG H] HAVE_VALGRIND, 0 -> build_Intel_8592/config/have_valgrind.hh
 [     CXX] src/base/hostinfo.cc -> build_Intel_8592/base/hostinfo.o
 [     CXX] src/base/inet.cc -> build_Intel_8592/base/inet.o
 [     CXX] src/base/fiber.cc -> build_Intel_8592/base/fiber.o
 [     CXX] src/base/inifile.cc -> build_Intel_8592/base/inifile.o
 [     CXX] src/base/logging.cc -> build_Intel_8592/base/logging.o
 [     CXX] src/base/match.cc -> build_Intel_8592/base/match.o
 [     CXX] src/base/output.cc -> build_Intel_8592/base/output.o
 [     CXX] src/base/random.cc -> build_Intel_8592/base/random.o
 [     CXX] src/base/str.cc -> build_Intel_8592/base/str.o
 [    LINK]  -> build_Intel_8592/gem5py
 [CONFIG H] USE_POSIX_CLOCK, 0 -> build_Intel_8592/config/use_posix_clock.hh
 [     CXX] src/base/time.cc -> build_Intel_8592/base/time.o
 [     CXX] src/base/version.cc -> build_Intel_8592/base/version.o
 [     CXX] src/base/temperature.cc -> build_Intel_8592/base/temperature.o
 [     CXX] src/base/types.cc -> build_Intel_8592/base/types.o
 [     CXX] src/base/loader/image_file_data.cc -> build_Intel_8592/base/loader/image_file_data.o
 [     CXX] src/base/loader/symtab.cc -> build_Intel_8592/base/loader/symtab.o
 [ TRACING]  -> build_Intel_8592/debug/IntRegs.hh
 [ TRACING]  -> build_Intel_8592/debug/Loader.hh
 [EMBED PY] src/cpu/minor/BaseMinorCPU.py -> build_Intel_8592/cpu/minor/BaseMinorCPU.py.cc
 [     CXX] build_Intel_8592/cpu/minor/BaseMinorCPU.py.cc -> .o
 [     CXX] build_Intel_8592/cpu/minor/BaseMinorCPU.py.cc -> .pyo
 [EMBED PY] src/python/gem5/components/boards/x86_board.py -> build_Intel_8592/python/gem5/components/boards/x86_board.py.cc
 [ TRACING]  -> build_Intel_8592/debug/StatEvents.cc
 [EMBED PY] src/dev/virtio/VirtIOConsole.py -> build_Intel_8592/dev/virtio/VirtIOConsole.py.cc
 [     CXX] build_Intel_8592/python/gem5/components/boards/x86_board.py.cc -> .pyo
 [ TRACING]  -> build_Intel_8592/debug/StatEvents.hh
 [EMBED PY] src/python/gem5/prebuilt/viper/board.py -> build_Intel_8592/python/gem5/prebuilt/viper/board.py.cc
 [     CXX] build_Intel_8592/dev/virtio/VirtIOConsole.py.cc -> .pyo
 [     CXX] build_Intel_8592/debug/StatEvents.cc -> .o
 [     CXX] build_Intel_8592/python/gem5/prebuilt/viper/board.py.cc -> .pyo
 [ TRACING]  -> build_Intel_8592/debug/O3CPU.cc
 [ TRACING]  -> build_Intel_8592/debug/HtmMem.cc
 [ TRACING]  -> build_Intel_8592/debug/CachePort.hh
 [EMBED PY] src/cpu/simple/TimingSimpleCPU.py -> build_Intel_8592/cpu/simple/TimingSimpleCPU.py.cc
 [ TRACING]  -> build_Intel_8592/debug/MemoryAccess.hh
 [ TRACING]  -> build_Intel_8592/debug/Thread.hh
 [EMBED PY] src/python/m5/ext/pystats/storagetype.py -> build_Intel_8592/python/m5/ext/pystats/storagetype.py.cc
 [ TRACING]  -> build_Intel_8592/debug/RubyGenerated.cc
 [ TRACING]  -> build_Intel_8592/debug/InvalidReg.cc
 [EMBED PY] src/python/gem5/components/memory/multi_channel.py -> build_Intel_8592/python/gem5/components/memory/multi_channel.py.cc
 [ TRACING]  -> build_Intel_8592/debug/RubyPort.cc
 [EMBED PY] src/python/gem5/components/processors/gups_generator.py -> build_Intel_8592/python/gem5/components/processors/gups_generator.py.cc
 [EMBED PY] src/python/gem5/utils/multisim/multisim.py -> build_Intel_8592/python/gem5/utils/multisim/multisim.py.cc
 [     CXX] build_Intel_8592/cpu/simple/TimingSimpleCPU.py.cc -> .pyo
 [     CXX] build_Intel_8592/cpu/simple/TimingSimpleCPU.py.cc -> .o
 [EMBED PY] src/python/gem5/resources/client_api/__init__.py -> build_Intel_8592/python/gem5/resources/client_api/__init__.py.cc
 [EMBED PY] src/mem/ruby/system/Sequencer.py -> build_Intel_8592/mem/ruby/system/Sequencer.py.cc
 [     CXX] build_Intel_8592/python/m5/ext/pystats/storagetype.py.cc -> .pyo
 [EMBED PY] src/mem/ThreadBridge.py -> build_Intel_8592/mem/ThreadBridge.py.cc
 [EMBED PY] src/python/gem5/components/cachehierarchies/classic/private_l1_walk_cache_hierarchy.py -> build_Intel_8592/python/gem5/components/cachehierarchies/classic/private_l1_walk_cache_hierarchy.py.cc
 [ TRACING]  -> build_Intel_8592/debug/HtmMem.hh
 [ TRACING]  -> build_Intel_8592/debug/O3CPU.hh
 [EMBED PY] src/dev/x86/X86Ide.py -> build_Intel_8592/dev/x86/X86Ide.py.cc
 [EMBED PY] src/sim/TickedObject.py -> build_Intel_8592/sim/TickedObject.py.cc
 [     CXX] build_Intel_8592/python/gem5/components/memory/multi_channel.py.cc -> .pyo
 [EMBED PY] src/cpu/simple/probes/SimPoint.py -> build_Intel_8592/cpu/simple/probes/SimPoint.py.cc
 [     CXX] build_Intel_8592/python/gem5/components/processors/gups_generator.py.cc -> .pyo
 [EMBED PY] src/python/m5/params/power_params.py -> build_Intel_8592/python/m5/params/power_params.py.cc
 [     CXX] build_Intel_8592/python/gem5/utils/multisim/multisim.py.cc -> .pyo
 [ TRACING]  -> build_Intel_8592/debug/BAC.cc
 [     CXX] build_Intel_8592/mem/ruby/system/Sequencer.py.cc -> .pyo
 [     CXX] build_Intel_8592/mem/ruby/system/Sequencer.py.cc -> .o
 [     CXX] build_Intel_8592/python/gem5/components/cachehierarchies/classic/private_l1_walk_cache_hierarchy.py.cc -> .pyo
 [     CXX] build_Intel_8592/dev/x86/X86Ide.py.cc -> .pyo
 [     CXX] build_Intel_8592/sim/TickedObject.py.cc -> .pyo
 [     CXX] build_Intel_8592/mem/ThreadBridge.py.cc -> .pyo
 [     CXX] build_Intel_8592/cpu/simple/probes/SimPoint.py.cc -> .o
 [     CXX] build_Intel_8592/python/m5/params/power_params.py.cc -> .pyo
 [     CXX] build_Intel_8592/debug/O3CPU.cc -> .o
 [     CXX] build_Intel_8592/debug/HtmMem.cc -> .o
 [     CXX] build_Intel_8592/cpu/simple/probes/SimPoint.py.cc -> .pyo
 [     CXX] build_Intel_8592/python/gem5/resources/client_api/__init__.py.cc -> .pyo
 [     CXX] build_Intel_8592/mem/ThreadBridge.py.cc -> .o
 [ TRACING]  -> build_Intel_8592/debug/RubyGenerated.hh
 [EMBED PY] src/sim/Root.py -> build_Intel_8592/sim/Root.py.cc
 [ TRACING]  -> build_Intel_8592/debug/InvalidReg.hh
 [ TRACING]  -> build_Intel_8592/debug/RubyPort.hh
 [EMBED PY] src/mem/AddrMapper.py -> build_Intel_8592/mem/AddrMapper.py.cc
 [EMBED PY] src/python/gem5/components/cachehierarchies/ruby/topologies/__init__.py -> build_Intel_8592/python/gem5/components/cachehierarchies/ruby/topologies/__init__.py.cc
 [EMBED PY] src/python/gem5/components/cachehierarchies/ruby/caches/prebuilt/octopi_cache/ruby_network_components.py -> build_Intel_8592/python/gem5/components/cachehierarchies/ruby/caches/prebuilt/octopi_cache/ruby_network_components.py.cc
 [EMBED PY] build_Intel_8592/python/m5/defines.py -> .cc
 [ TRACING]  -> build_Intel_8592/debug/CacheComp.cc
 [EMBED PY] src/python/gem5/components/processors/traffic_generator.py -> build_Intel_8592/python/gem5/components/processors/traffic_generator.py.cc
 [ TRACING]  -> build_Intel_8592/debug/Minor.cc
 [ TRACING]  -> build_Intel_8592/debug/MMU.cc
 [ TRACING]  -> build_Intel_8592/debug/BAC.hh
 [EMBED PY] src/systemc/python/systemc.py -> build_Intel_8592/systemc/python/systemc.py.cc
 [EMBED PY] src/python/gem5/components/cachehierarchies/classic/caches/l1dcache.py -> build_Intel_8592/python/gem5/components/cachehierarchies/classic/caches/l1dcache.py.cc
 [EMBED PY] src/python/m5/event.py -> build_Intel_8592/python/m5/event.py.cc
 [EMBED PY] src/python/gem5/components/cachehierarchies/ruby/caches/mesi_two_level/l2_cache.py -> build_Intel_8592/python/gem5/components/cachehierarchies/ruby/caches/mesi_two_level/l2_cache.py.cc
 [EMBED PY] src/mem/qos/QoSMemSinkInterface.py -> build_Intel_8592/mem/qos/QoSMemSinkInterface.py.cc
 [ TRACING]  -> build_Intel_8592/debug/Stats.cc
 [ TRACING]  -> build_Intel_8592/debug/IntPin.hh
 [ TRACING]  -> build_Intel_8592/debug/CacheComp.hh
 [     CXX] build_Intel_8592/sim/Root.py.cc -> .pyo
 [     CXX] build_Intel_8592/mem/AddrMapper.py.cc -> .o
 [     CXX] build_Intel_8592/python/gem5/components/cachehierarchies/ruby/topologies/__init__.py.cc -> .pyo
 [     CXX] build_Intel_8592/mem/AddrMapper.py.cc -> .pyo
 [     CXX] build_Intel_8592/python/gem5/components/cachehierarchies/ruby/caches/prebuilt/octopi_cache/ruby_network_components.py.cc -> .pyo
 [     CXX] build_Intel_8592/debug/RubyGenerated.cc -> .o
 [     CXX] build_Intel_8592/python/gem5/components/processors/traffic_generator.py.cc -> .pyo
 [     CXX] build_Intel_8592/python/gem5/components/cachehierarchies/classic/caches/l1dcache.py.cc -> .pyo
 [     CXX] build_Intel_8592/python/m5/event.py.cc -> .pyo
 [ TRACING]  -> build_Intel_8592/debug/Minor.hh
 [     CXX] build_Intel_8592/debug/BAC.cc -> .o
 [ TRACING]  -> build_Intel_8592/debug/Stats.hh
 [     CXX] build_Intel_8592/python/gem5/components/cachehierarchies/ruby/caches/mesi_two_level/l2_cache.py.cc -> .pyo
 [     CXX] build_Intel_8592/mem/qos/QoSMemSinkInterface.py.cc -> .o
 [     CXX] build_Intel_8592/mem/qos/QoSMemSinkInterface.py.cc -> .pyo
 [     CXX] build_Intel_8592/systemc/python/systemc.py.cc -> .pyo
 [     CXX] build_Intel_8592/debug/CacheComp.cc -> .o
 [     CXX] build_Intel_8592/debug/RubyPort.cc -> .o
 [     CXX] build_Intel_8592/debug/InvalidReg.cc -> .o
 [     CXX] build_Intel_8592/python/m5/defines.py.cc -> .pyo
 [ TRACING]  -> build_Intel_8592/debug/KvmIO.cc
 [ TRACING]  -> build_Intel_8592/debug/ExternalPort.cc
 [EMBED PY] src/python/gem5/components/cachehierarchies/chi/private_l1_cache_hierarchy.py -> build_Intel_8592/python/gem5/components/cachehierarchies/chi/private_l1_cache_hierarchy.py.cc
 [EMBED PY] src/cpu/simple/BaseNonCachingSimpleCPU.py -> build_Intel_8592/cpu/simple/BaseNonCachingSimpleCPU.py.cc
 [EMBED PY] src/mem/Bridge.py -> build_Intel_8592/mem/Bridge.py.cc
 [ TRACING]  -> build_Intel_8592/debug/MMU.hh
 [     CXX] build_Intel_8592/debug/Stats.cc -> .o
 [     CXX] build_Intel_8592/cpu/simple/BaseNonCachingSimpleCPU.py.cc -> .o
 [     CXX] build_Intel_8592/python/gem5/components/cachehierarchies/chi/private_l1_cache_hierarchy.py.cc -> .pyo
 [     CXX] build_Intel_8592/cpu/simple/BaseNonCachingSimpleCPU.py.cc -> .pyo
 [ TRACING]  -> build_Intel_8592/debug/RubyDma.cc
 [EMBED PY] src/python/gem5/components/memory/dram_interfaces/lpddr2.py -> build_Intel_8592/python/gem5/components/memory/dram_interfaces/lpddr2.py.cc
 [     CXX] build_Intel_8592/mem/Bridge.py.cc -> .pyo
 [     CXX] src/mem/page_table.cc -> build_Intel_8592/mem/page_table.o
 [     CXX] build_Intel_8592/debug/MMU.cc -> .o
 [     CXX] build_Intel_8592/python/gem5/components/memory/dram_interfaces/lpddr2.py.cc -> .pyo
 [     CXX] build_Intel_8592/mem/Bridge.py.cc -> .o
 [ TRACING]  -> build_Intel_8592/debug/HtmCpu.cc
 [EMBED PY] src/python/m5/ext/__init__.py -> build_Intel_8592/python/m5/ext/__init__.py.cc
 [ TRACING]  -> build_Intel_8592/debug/RubyCHIGenericVerbose.cc
 [EMBED PY] src/python/m5/params/base_params.py -> build_Intel_8592/python/m5/params/base_params.py.cc
 [EMBED PY] src/cpu/o3/probe/SimpleTrace.py -> build_Intel_8592/cpu/o3/probe/SimpleTrace.py.cc
 [     CXX] build_Intel_8592/python/m5/ext/__init__.py.cc -> .pyo
 [     CXX] build_Intel_8592/cpu/o3/probe/SimpleTrace.py.cc -> .o
 [ TRACING]  -> build_Intel_8592/debug/RubyCHIGenericVerbose.hh
 [     CXX] build_Intel_8592/python/m5/params/base_params.py.cc -> .pyo
 [     CXX] build_Intel_8592/cpu/o3/probe/SimpleTrace.py.cc -> .pyo
 [EMBED PY] src/mem/HBMCtrl.py -> build_Intel_8592/mem/HBMCtrl.py.cc
 [EMBED PY] src/python/gem5/prebuilt/viper/__init__.py -> build_Intel_8592/python/gem5/prebuilt/viper/__init__.py.cc
 [ TRACING]  -> build_Intel_8592/debug/KvmIO.hh
 [     CXX] build_Intel_8592/debug/RubyCHIGenericVerbose.cc -> .o
 [ TRACING]  -> build_Intel_8592/debug/ExternalPort.hh
 [EMBED PY] src/python/gem5/components/processors/spatter_gen/spatter_generator.py -> build_Intel_8592/python/gem5/components/processors/spatter_gen/spatter_generator.py.cc
 [     CXX] build_Intel_8592/mem/HBMCtrl.py.cc -> .pyo
 [     CXX] build_Intel_8592/python/gem5/prebuilt/viper/__init__.py.cc -> .pyo
 [     CXX] build_Intel_8592/mem/HBMCtrl.py.cc -> .o
 [EMBED PY] src/cpu/simple/NonCachingSimpleCPU.py -> build_Intel_8592/cpu/simple/NonCachingSimpleCPU.py.cc
 [     CXX] build_Intel_8592/debug/KvmIO.cc -> .o
 [     CXX] build_Intel_8592/python/gem5/components/processors/spatter_gen/spatter_generator.py.cc -> .pyo
 [     CXX] build_Intel_8592/debug/ExternalPort.cc -> .o
 [EMBED PY] src/python/m5/ext/pystats/statistic.py -> build_Intel_8592/python/m5/ext/pystats/statistic.py.cc
 [     CXX] build_Intel_8592/cpu/simple/NonCachingSimpleCPU.py.cc -> .pyo
 [     CXX] build_Intel_8592/cpu/simple/NonCachingSimpleCPU.py.cc -> .o
 [     CXX] build_Intel_8592/python/m5/ext/pystats/statistic.py.cc -> .pyo
 [ TRACING]  -> build_Intel_8592/debug/RubyDma.hh
 [ TRACING]  -> build_Intel_8592/debug/HtmCpu.hh
 [     CXX] build_Intel_8592/debug/RubyDma.cc -> .o
 [     CXX] build_Intel_8592/debug/HtmCpu.cc -> .o
 [EMBED PY] src/sim/DVFSHandler.py -> build_Intel_8592/sim/DVFSHandler.py.cc
 [EMBED PY] src/python/gem5/components/memory/single_channel.py -> build_Intel_8592/python/gem5/components/memory/single_channel.py.cc
 [ TRACING]  -> build_Intel_8592/debug/KvmAll.cc
 [EMBED PY] src/python/gem5/components/processors/gups_generator_core.py -> build_Intel_8592/python/gem5/components/processors/gups_generator_core.py.cc
 [     CXX] build_Intel_8592/sim/DVFSHandler.py.cc -> .pyo
 [EMBED PY] src/python/gem5/utils/multisim/__init__.py -> build_Intel_8592/python/gem5/utils/multisim/__init__.py.cc
 [EMBED PY] src/python/gem5/components/cachehierarchies/classic/private_l1_cache_hierarchy.py -> build_Intel_8592/python/gem5/components/cachehierarchies/classic/private_l1_cache_hierarchy.py.cc
 [     CXX] build_Intel_8592/python/gem5/components/memory/single_channel.py.cc -> .pyo
 [ TRACING]  -> build_Intel_8592/debug/KvmAll.hh
 [     CXX] build_Intel_8592/python/gem5/components/processors/gups_generator_core.py.cc -> .pyo
 [     CXX] build_Intel_8592/python/gem5/utils/multisim/__init__.py.cc -> .pyo
 [     CXX] build_Intel_8592/python/gem5/components/cachehierarchies/classic/private_l1_cache_hierarchy.py.cc -> .pyo
 [ TRACING]  -> build_Intel_8592/debug/KvmContext.hh
 [ TRACING]  -> build_Intel_8592/debug/KvmInt.hh
 [EMBED PY] src/python/gem5/components/boards/__init__.py -> build_Intel_8592/python/gem5/components/boards/__init__.py.cc
 [ TRACING]  -> build_Intel_8592/debug/Cache.cc
 [     CXX] build_Intel_8592/python/gem5/components/boards/__init__.py.cc -> .pyo
 [EMBED PY] src/arch/generic/BaseISA.py -> build_Intel_8592/arch/generic/BaseISA.py.cc
 [EMBED PY] src/dev/pci/PciDevice.py -> build_Intel_8592/dev/pci/PciDevice.py.cc
 [     CXX] build_Intel_8592/arch/generic/BaseISA.py.cc -> .pyo
 [EMBED PY] src/python/m5/params/port_params.py -> build_Intel_8592/python/m5/params/port_params.py.cc
 [     CXX] build_Intel_8592/dev/pci/PciDevice.py.cc -> .pyo
 [     CXX] build_Intel_8592/python/m5/params/port_params.py.cc -> .pyo
 [ TRACING]  -> build_Intel_8592/debug/MemCtrl.cc
 [ TRACING]  -> build_Intel_8592/debug/ExecSymbol.cc
 [ TRACING]  -> build_Intel_8592/debug/ExecSymbol.hh
 [     CXX] build_Intel_8592/debug/ExecSymbol.cc -> .o
 [EMBED PY] src/mem/ExternalSlave.py -> build_Intel_8592/mem/ExternalSlave.py.cc
 [     CXX] build_Intel_8592/mem/ExternalSlave.py.cc -> .o
 [     CXX] build_Intel_8592/mem/ExternalSlave.py.cc -> .pyo
 [ TRACING]  -> build_Intel_8592/debug/ExecNoTicks.cc
 [ TRACING]  -> build_Intel_8592/debug/SQL.cc
 [EMBED PY] src/python/gem5/components/cachehierarchies/ruby/caches/prebuilt/octopi_cache/octopi_network.py -> build_Intel_8592/python/gem5/components/cachehierarchies/ruby/caches/prebuilt/octopi_cache/octopi_network.py.cc
 [EMBED PY] src/cpu/testers/garnet_synthetic_traffic/GarnetSyntheticTraffic.py -> build_Intel_8592/cpu/testers/garnet_synthetic_traffic/GarnetSyntheticTraffic.py.cc
 [ TRACING]  -> build_Intel_8592/debug/Cache.hh
 [ TRACING]  -> build_Intel_8592/debug/NVM.cc
 [EMBED PY] src/python/gem5/components/processors/traffic_generator_core.py -> build_Intel_8592/python/gem5/components/processors/traffic_generator_core.py.cc
 [ TRACING]  -> build_Intel_8592/debug/TageSCL.cc
 [ TRACING]  -> build_Intel_8592/debug/MemCtrl.hh
 [ TRACING]  -> build_Intel_8592/debug/SyscallVerbose.hh
 [ TRACING]  -> build_Intel_8592/debug/Fetch.cc
 [EMBED PY] src/dev/x86/Cmos.py -> build_Intel_8592/dev/x86/Cmos.py.cc
 [ TRACING]  -> build_Intel_8592/debug/RubyCHIGeneric.cc
 [EMBED PY] src/python/m5/debug.py -> build_Intel_8592/python/m5/debug.py.cc
 [     CXX] build_Intel_8592/python/gem5/components/cachehierarchies/ruby/caches/prebuilt/octopi_cache/octopi_network.py.cc -> .pyo
 [EMBED PY] src/python/gem5/components/cachehierarchies/ruby/caches/mesi_two_level/l1_cache.py -> build_Intel_8592/python/gem5/components/cachehierarchies/ruby/caches/mesi_two_level/l1_cache.py.cc
 [ TRACING]  -> build_Intel_8592/debug/ExecNoTicks.hh
 [     CXX] build_Intel_8592/python/gem5/components/processors/traffic_generator_core.py.cc -> .pyo
 [ TRACING]  -> build_Intel_8592/debug/SQL.hh
 [     CXX] build_Intel_8592/cpu/testers/garnet_synthetic_traffic/GarnetSyntheticTraffic.py.cc -> .pyo
 [     CXX] build_Intel_8592/cpu/testers/garnet_synthetic_traffic/GarnetSyntheticTraffic.py.cc -> .o
 [     CXX] build_Intel_8592/debug/Cache.cc -> .o
 [     CXX] build_Intel_8592/python/m5/debug.py.cc -> .pyo
 [     CXX] build_Intel_8592/debug/MemCtrl.cc -> .o
 [     CXX] build_Intel_8592/dev/x86/Cmos.py.cc -> .pyo
 [EMBED PY] src/dev/virtio/VirtIO.py -> build_Intel_8592/dev/virtio/VirtIO.py.cc
 [ TRACING]  -> build_Intel_8592/debug/NVM.hh
 [EMBED PY] src/python/gem5/components/cachehierarchies/chi/__init__.py -> build_Intel_8592/python/gem5/components/cachehierarchies/chi/__init__.py.cc
 [ TRACING]  -> build_Intel_8592/debug/TageSCL.hh
 [ TRACING]  -> build_Intel_8592/debug/Fetch.hh
 [     CXX] build_Intel_8592/python/gem5/components/cachehierarchies/ruby/caches/mesi_two_level/l1_cache.py.cc -> .pyo
 [EMBED PY] src/sim/ClockedObject.py -> build_Intel_8592/sim/ClockedObject.py.cc
 [ TRACING]  -> build_Intel_8592/debug/MinorTiming.cc
 [EMBED PY] src/python/m5/params/__init__.py -> build_Intel_8592/python/m5/params/__init__.py.cc
 [EMBED PY] src/mem/ruby/network/simple/SimpleLink.py -> build_Intel_8592/mem/ruby/network/simple/SimpleLink.py.cc
 [ TRACING]  -> build_Intel_8592/debug/Exec.hh
 [EMBED PY] src/python/gem5/components/cachehierarchies/ruby/caches/viper/tcc.py -> build_Intel_8592/python/gem5/components/cachehierarchies/ruby/caches/viper/tcc.py.cc
 [     CXX] build_Intel_8592/debug/SQL.cc -> .o
 [EMBED PY] src/mem/cache/tags/indexing_policies/IndexingPolicies.py -> build_Intel_8592/mem/cache/tags/indexing_policies/IndexingPolicies.py.cc
 [     CXX] build_Intel_8592/python/gem5/components/cachehierarchies/chi/__init__.py.cc -> .pyo
 [     CXX] build_Intel_8592/dev/virtio/VirtIO.py.cc -> .pyo
 [     CXX] build_Intel_8592/sim/ClockedObject.py.cc -> .pyo
 [EMBED PY] src/sim/Process.py -> build_Intel_8592/sim/Process.py.cc
 [     CXX] build_Intel_8592/debug/NVM.cc -> .o
 [     CXX] build_Intel_8592/debug/TageSCL.cc -> .o
 [     CXX] build_Intel_8592/python/m5/params/__init__.py.cc -> .pyo
 [     CXX] build_Intel_8592/mem/ruby/network/simple/SimpleLink.py.cc -> .pyo
 [     CXX] build_Intel_8592/python/gem5/components/cachehierarchies/ruby/caches/viper/tcc.py.cc -> .pyo
 [     CXX] build_Intel_8592/mem/cache/tags/indexing_policies/IndexingPolicies.py.cc -> .pyo
 [     CXX] build_Intel_8592/mem/cache/tags/indexing_policies/IndexingPolicies.py.cc -> .o
 [     CXX] build_Intel_8592/mem/ruby/network/simple/SimpleLink.py.cc -> .o
 [     CXX] build_Intel_8592/debug/Fetch.cc -> .o
 [     CXX] build_Intel_8592/sim/Process.py.cc -> .pyo
 [EMBED PY] src/python/m5/params/pin_params.py -> build_Intel_8592/python/m5/params/pin_params.py.cc
 [EMBED PY] src/python/gem5/components/processors/spatter_gen/spatter_generator_core.py -> build_Intel_8592/python/gem5/components/processors/spatter_gen/spatter_generator_core.py.cc
 [EMBED PY] src/cpu/simple/AtomicSimpleCPU.py -> build_Intel_8592/cpu/simple/AtomicSimpleCPU.py.cc
 [ TRACING]  -> build_Intel_8592/debug/LLSC.cc
 [ TRACING]  -> build_Intel_8592/debug/DebugPrintf.cc
 [EMBED PY] src/sim/power/ThermalDomain.py -> build_Intel_8592/sim/power/ThermalDomain.py.cc
 [EMBED PY] src/python/m5/ext/pystats/simstat.py -> build_Intel_8592/python/m5/ext/pystats/simstat.py.cc
 [ TRACING]  -> build_Intel_8592/debug/ExecResult.cc
 [     CXX] build_Intel_8592/cpu/simple/AtomicSimpleCPU.py.cc -> .pyo
 [     CXX] build_Intel_8592/cpu/simple/AtomicSimpleCPU.py.cc -> .o
 [     CXX] build_Intel_8592/python/m5/params/pin_params.py.cc -> .pyo
 [     CXX] build_Intel_8592/sim/power/ThermalDomain.py.cc -> .pyo
 [     CXX] build_Intel_8592/python/gem5/components/processors/spatter_gen/spatter_generator_core.py.cc -> .pyo
 [ TRACING]  -> build_Intel_8592/debug/DynInst.cc
 [     CXX] build_Intel_8592/python/m5/ext/pystats/simstat.py.cc -> .pyo
 [ TRACING]  -> build_Intel_8592/debug/ExecResult.hh
 [ TRACING]  -> build_Intel_8592/debug/MinorTiming.hh
 [     CXX] build_Intel_8592/debug/ExecResult.cc -> .o
 [EMBED PY] src/python/gem5/components/processors/cpu_types.py -> build_Intel_8592/python/gem5/components/processors/cpu_types.py.cc
 [     CXX] build_Intel_8592/debug/MinorTiming.cc -> .o
 [ TRACING]  -> build_Intel_8592/debug/Exec.cc
 [ TRACING]  -> build_Intel_8592/debug/GDBWrite.cc
 [EMBED PY] src/mem/MemChecker.py -> build_Intel_8592/mem/MemChecker.py.cc
 [     CXX] build_Intel_8592/python/gem5/components/processors/cpu_types.py.cc -> .pyo
 [EMBED PY] src/python/gem5/components/cachehierarchies/classic/no_cache.py -> build_Intel_8592/python/gem5/components/cachehierarchies/classic/no_cache.py.cc
 [ TRACING]  -> build_Intel_8592/debug/DRAMState.cc
 [ TRACING]  -> build_Intel_8592/debug/ExecEffAddr.hh
 [     CXX] build_Intel_8592/mem/MemChecker.py.cc -> .pyo
 [ TRACING]  -> build_Intel_8592/debug/GDBWrite.hh
 [     CXX] build_Intel_8592/mem/MemChecker.py.cc -> .o
 [ TRACING]  -> build_Intel_8592/debug/ExecKernel.hh
 [ TRACING]  -> build_Intel_8592/debug/ExecMacro.hh
 [     CXX] build_Intel_8592/python/gem5/components/cachehierarchies/classic/no_cache.py.cc -> .pyo
 [ TRACING]  -> build_Intel_8592/debug/ExecMicro.hh
 [ TRACING]  -> build_Intel_8592/debug/ExecOpClass.hh
 [ TRACING]  -> build_Intel_8592/debug/ExecThread.hh
 [     CXX] build_Intel_8592/debug/GDBWrite.cc -> .o
 [ TRACING]  -> build_Intel_8592/debug/ExecUser.hh
 [ TRACING]  -> build_Intel_8592/debug/LTage.cc
 [ TRACING]  -> build_Intel_8592/debug/LLSC.hh
 [EMBED PY] src/python/m5/params/param_types.py -> build_Intel_8592/python/m5/params/param_types.py.cc
 [EMBED PY] src/dev/x86/Pc.py -> build_Intel_8592/dev/x86/Pc.py.cc
 [ TRACING]  -> build_Intel_8592/debug/ExecFlags.cc
 [ TRACING]  -> build_Intel_8592/debug/DynInst.hh
 [EMBED PY] src/cpu/o3/BaseO3Checker.py -> build_Intel_8592/cpu/o3/BaseO3Checker.py.cc
 [EMBED PY] src/python/gem5/components/memory/memory.py -> build_Intel_8592/python/gem5/components/memory/memory.py.cc
 [ TRACING]  -> build_Intel_8592/debug/CCRegs.hh
 [     CXX] build_Intel_8592/dev/x86/Pc.py.cc -> .pyo
 [     CXX] build_Intel_8592/debug/LLSC.cc -> .o
 [     CXX] build_Intel_8592/python/m5/params/param_types.py.cc -> .pyo
 [EMBED PY] src/mem/PortTerminator.py -> build_Intel_8592/mem/PortTerminator.py.cc
 [EMBED PY] src/cpu/o3/FUPool.py -> build_Intel_8592/cpu/o3/FUPool.py.cc
 [ TRACING]  -> build_Intel_8592/debug/ExecFlags.hh
 [     CXX] build_Intel_8592/cpu/o3/BaseO3Checker.py.cc -> .pyo
 [     CXX] build_Intel_8592/python/gem5/components/memory/memory.py.cc -> .pyo
 [     CXX] build_Intel_8592/debug/DynInst.cc -> .o
 [     CXX] build_Intel_8592/cpu/o3/BaseO3Checker.py.cc -> .o
 [     CXX] build_Intel_8592/mem/PortTerminator.py.cc -> .o
 [     CXX] build_Intel_8592/cpu/o3/FUPool.py.cc -> .pyo
 [     CXX] build_Intel_8592/debug/ExecFlags.cc -> .o
 [     CXX] build_Intel_8592/cpu/o3/FUPool.py.cc -> .o
 [     CXX] build_Intel_8592/mem/PortTerminator.py.cc -> .pyo
 [EMBED PY] src/python/gem5/components/cachehierarchies/ruby/caches/prebuilt/octopi_cache/core_complex.py -> build_Intel_8592/python/gem5/components/cachehierarchies/ruby/caches/prebuilt/octopi_cache/core_complex.py.cc
 [EMBED PY] src/python/gem5/prebuilt/riscvmatched/riscvmatched_core.py -> build_Intel_8592/python/gem5/prebuilt/riscvmatched/riscvmatched_core.py.cc
 [ TRACING]  -> build_Intel_8592/debug/DirectedTest.cc
 [     CXX] build_Intel_8592/python/gem5/components/cachehierarchies/ruby/caches/prebuilt/octopi_cache/core_complex.py.cc -> .pyo
 [ TRACING]  -> build_Intel_8592/debug/DRAMState.hh
 [     CXX] build_Intel_8592/python/gem5/prebuilt/riscvmatched/riscvmatched_core.py.cc -> .pyo
 [EMBED PY] src/python/gem5/utils/simpoint.py -> build_Intel_8592/python/gem5/utils/simpoint.py.cc
 [ TRACING]  -> build_Intel_8592/debug/DebugPrintf.hh
 [EMBED PY] src/sim/power/MathExprPowerModel.py -> build_Intel_8592/sim/power/MathExprPowerModel.py.cc
 [EMBED PY] src/python/m5/core.py -> build_Intel_8592/python/m5/core.py.cc
 [ TRACING]  -> build_Intel_8592/debug/MinorTrace.cc
 [EMBED PY] src/python/gem5/components/cachehierarchies/ruby/caches/mesi_two_level/dma_controller.py -> build_Intel_8592/python/gem5/components/cachehierarchies/ruby/caches/mesi_two_level/dma_controller.py.cc
 [     CXX] build_Intel_8592/python/gem5/utils/simpoint.py.cc -> .pyo
 [     CXX] build_Intel_8592/debug/DRAMState.cc -> .o
 [     CXX] build_Intel_8592/sim/power/MathExprPowerModel.py.cc -> .pyo
 [     CXX] build_Intel_8592/debug/DebugPrintf.cc -> .o
 [     CXX] build_Intel_8592/python/m5/core.py.cc -> .pyo
 [EMBED PY] src/python/gem5/utils/socks_ssl_context.py -> build_Intel_8592/python/gem5/utils/socks_ssl_context.py.cc
 [     CXX] build_Intel_8592/python/gem5/components/cachehierarchies/ruby/caches/mesi_two_level/dma_controller.py.cc -> .pyo
 [EMBED PY] src/mem/AbstractMemory.py -> build_Intel_8592/mem/AbstractMemory.py.cc
 [     CXX] build_Intel_8592/python/gem5/utils/socks_ssl_context.py.cc -> .pyo
 [     CXX] build_Intel_8592/mem/AbstractMemory.py.cc -> .pyo
 [     CXX] build_Intel_8592/mem/AbstractMemory.py.cc -> .o
 [ TRACING]  -> build_Intel_8592/debug/Vma.hh
 [ TRACING]  -> build_Intel_8592/debug/DirectedTest.hh
 [EMBED PY] src/python/gem5/components/__init__.py -> build_Intel_8592/python/gem5/components/__init__.py.cc
 [     CXX] build_Intel_8592/debug/DirectedTest.cc -> .o
 [     CXX] build_Intel_8592/python/gem5/components/__init__.py.cc -> .pyo
 [EMBED PY] src/python/gem5/__init__.py -> build_Intel_8592/python/gem5/__init__.py.cc
 [EMBED PY] src/python/gem5/coherence_protocol.py -> build_Intel_8592/python/gem5/coherence_protocol.py.cc
 [ TRACING]  -> build_Intel_8592/debug/ExecRegDelta.cc
 [     CXX] build_Intel_8592/python/gem5/__init__.py.cc -> .pyo
 [     CXX] build_Intel_8592/python/gem5/coherence_protocol.py.cc -> .pyo
 [ TRACING]  -> build_Intel_8592/debug/ExecRegDelta.hh
 [     CXX] build_Intel_8592/debug/ExecRegDelta.cc -> .o
 [ TRACING]  -> build_Intel_8592/debug/Decode.cc
 [ TRACING]  -> build_Intel_8592/debug/MinorTrace.hh
 [     CXX] build_Intel_8592/debug/MinorTrace.cc -> .o
 [     CXX] src/cpu/minor/activity.cc -> build_Intel_8592/cpu/minor/activity.o
 [ TRACING]  -> build_Intel_8592/debug/GDBSend.cc
 [ TRACING]  -> build_Intel_8592/debug/GDBSend.hh
 [     CXX] build_Intel_8592/debug/GDBSend.cc -> .o
 [ TRACING]  -> build_Intel_8592/debug/ExecAll.cc
 [EMBED PY] src/mem/qos/QoSMemSinkCtrl.py -> build_Intel_8592/mem/qos/QoSMemSinkCtrl.py.cc
 [EMBED PY] src/python/gem5/components/cachehierarchies/ruby/caches/viper/sqc.py -> build_Intel_8592/python/gem5/components/cachehierarchies/ruby/caches/viper/sqc.py.cc
 [EMBED PY] src/mem/ruby/network/BasicLink.py -> build_Intel_8592/mem/ruby/network/BasicLink.py.cc
 [EMBED PY] src/python/gem5/resources/looppoint.py -> build_Intel_8592/python/gem5/resources/looppoint.py.cc
 [     CXX] build_Intel_8592/mem/qos/QoSMemSinkCtrl.py.cc -> .pyo
 [     CXX] build_Intel_8592/mem/qos/QoSMemSinkCtrl.py.cc -> .o
 [     CXX] build_Intel_8592/python/gem5/components/cachehierarchies/ruby/caches/viper/sqc.py.cc -> .pyo
 [EMBED PY] src/python/m5/util/terminal_formatter.py -> build_Intel_8592/python/m5/util/terminal_formatter.py.cc
 [EMBED PY] src/cpu/testers/traffic_gen/GUPSGen.py -> build_Intel_8592/cpu/testers/traffic_gen/GUPSGen.py.cc
 [     CXX] build_Intel_8592/mem/ruby/network/BasicLink.py.cc -> .pyo
 [     CXX] build_Intel_8592/mem/ruby/network/BasicLink.py.cc -> .o
 [     CXX] build_Intel_8592/python/gem5/resources/looppoint.py.cc -> .pyo
 [ TRACING]  -> build_Intel_8592/debug/DRAMPower.cc
 [EMBED PY] src/python/gem5/components/processors/spatter_gen/__init__.py -> build_Intel_8592/python/gem5/components/processors/spatter_gen/__init__.py.cc
 [     CXX] build_Intel_8592/python/m5/util/terminal_formatter.py.cc -> .pyo
 [EMBED PY] src/python/m5/ext/pystats/group.py -> build_Intel_8592/python/m5/ext/pystats/group.py.cc
 [     CXX] build_Intel_8592/cpu/testers/traffic_gen/GUPSGen.py.cc -> .pyo
 [     CXX] build_Intel_8592/cpu/testers/traffic_gen/GUPSGen.py.cc -> .o
 [     CXX] build_Intel_8592/python/gem5/components/processors/spatter_gen/__init__.py.cc -> .pyo
 [ TRACING]  -> build_Intel_8592/debug/SimpleTrace.cc
 [ TRACING]  -> build_Intel_8592/debug/ExecAsid.cc
 [     CXX] build_Intel_8592/python/m5/ext/pystats/group.py.cc -> .pyo
 [ TRACING]  -> build_Intel_8592/debug/Decode.hh
 [EMBED PY] src/arch/x86/X86ISA.py -> build_Intel_8592/arch/x86/X86ISA.py.cc
 [EMBED PY] src/systemc/core/SystemC.py -> build_Intel_8592/systemc/core/SystemC.py.cc
 [EMBED PY] src/python/gem5/components/processors/complex_generator.py -> build_Intel_8592/python/gem5/components/processors/complex_generator.py.cc
 [     CXX] build_Intel_8592/arch/x86/X86ISA.py.cc -> .pyo
 [ TRACING]  -> build_Intel_8592/debug/ExecAsid.hh
 [EMBED PY] src/mem/cache/tags/Tags.py -> build_Intel_8592/mem/cache/tags/Tags.py.cc
 [ TRACING]  -> build_Intel_8592/debug/ExecAll.hh
 [     CXX] build_Intel_8592/debug/Decode.cc -> .o
 [ TRACING]  -> build_Intel_8592/debug/Ruby.cc
 [ TRACING]  -> build_Intel_8592/debug/MatRegs.hh
 [     CXX] build_Intel_8592/systemc/core/SystemC.py.cc -> .pyo
 [EMBED PY] src/learning_gem5/part2/SimpleObject.py -> build_Intel_8592/learning_gem5/part2/SimpleObject.py.cc
 [     CXX] build_Intel_8592/python/gem5/components/processors/complex_generator.py.cc -> .pyo
 [     CXX] build_Intel_8592/mem/cache/tags/Tags.py.cc -> .pyo
 [     CXX] build_Intel_8592/debug/ExecAsid.cc -> .o
 [ TRACING]  -> build_Intel_8592/debug/ExecCPSeq.hh
 [     CXX] build_Intel_8592/learning_gem5/part2/SimpleObject.py.cc -> .pyo
 [ TRACING]  -> build_Intel_8592/debug/Ruby.hh
 [ TRACING]  -> build_Intel_8592/debug/ExecFetchSeq.hh
 [     CXX] build_Intel_8592/mem/cache/tags/Tags.py.cc -> .o
 [ TRACING]  -> build_Intel_8592/debug/RubyTester.hh
 [ TRACING]  -> build_Intel_8592/debug/ProtocolTrace.cc
 [EMBED PY] src/mem/HeteroMemCtrl.py -> build_Intel_8592/mem/HeteroMemCtrl.py.cc
 [EMBED PY] src/python/gem5/components/cachehierarchies/classic/abstract_classic_cache_hierarchy.py -> build_Intel_8592/python/gem5/components/cachehierarchies/classic/abstract_classic_cache_hierarchy.py.cc
 [ TRACING]  -> build_Intel_8592/debug/DRAMPower.hh
 [EMBED PY] src/cpu/kvm/BaseKvmCPU.py -> build_Intel_8592/cpu/kvm/BaseKvmCPU.py.cc
 [     CXX] build_Intel_8592/mem/HeteroMemCtrl.py.cc -> .o
 [     CXX] build_Intel_8592/mem/HeteroMemCtrl.py.cc -> .pyo
 [EMBED PY] src/python/gem5/components/boards/test_board.py -> build_Intel_8592/python/gem5/components/boards/test_board.py.cc
 [     CXX] build_Intel_8592/python/gem5/components/cachehierarchies/classic/abstract_classic_cache_hierarchy.py.cc -> .pyo
 [     CXX] build_Intel_8592/debug/DRAMPower.cc -> .o
 [     CXX] build_Intel_8592/cpu/kvm/BaseKvmCPU.py.cc -> .o
 [     CXX] build_Intel_8592/python/gem5/components/boards/test_board.py.cc -> .pyo
 [     CXX] build_Intel_8592/cpu/kvm/BaseKvmCPU.py.cc -> .pyo
 [ TRACING]  -> build_Intel_8592/debug/SimpleTrace.hh
 [ TRACING]  -> build_Intel_8592/debug/O3CPUAll.cc
 [ TRACING]  -> build_Intel_8592/debug/MinorScoreboard.cc
 [EMBED PY] src/python/m5/objects/__init__.py -> build_Intel_8592/python/m5/objects/__init__.py.cc
 [EMBED PY] src/python/gem5/components/memory/simple.py -> build_Intel_8592/python/gem5/components/memory/simple.py.cc
 [EMBED PY] src/mem/ruby/network/simple/SimpleNetwork.py -> build_Intel_8592/mem/ruby/network/simple/SimpleNetwork.py.cc
 [EMBED PY] src/dev/virtio/VirtIORng.py -> build_Intel_8592/dev/virtio/VirtIORng.py.cc
 [     CXX] build_Intel_8592/debug/SimpleTrace.cc -> .o
 [ TRACING]  -> build_Intel_8592/debug/O3CPUAll.hh
 [EMBED PY] src/python/gem5/components/cachehierarchies/ruby/caches/prebuilt/octopi_cache/octopi.py -> build_Intel_8592/python/gem5/components/cachehierarchies/ruby/caches/prebuilt/octopi_cache/octopi.py.cc
 [     CXX] build_Intel_8592/python/m5/objects/__init__.py.cc -> .pyo
 [     CXX] build_Intel_8592/python/gem5/components/memory/simple.py.cc -> .pyo
 [     CXX] build_Intel_8592/mem/ruby/network/simple/SimpleNetwork.py.cc -> .o
 [     CXX] build_Intel_8592/dev/virtio/VirtIORng.py.cc -> .pyo
 [     CXX] build_Intel_8592/mem/ruby/network/simple/SimpleNetwork.py.cc -> .pyo
 [EMBED PY] src/python/gem5/prebuilt/riscvmatched/riscvmatched_processor.py -> build_Intel_8592/python/gem5/prebuilt/riscvmatched/riscvmatched_processor.py.cc
 [     CXX] build_Intel_8592/python/gem5/components/cachehierarchies/ruby/caches/prebuilt/octopi_cache/octopi.py.cc -> .pyo
 [     CXX] build_Intel_8592/python/gem5/prebuilt/riscvmatched/riscvmatched_processor.py.cc -> .pyo
 [ TRACING]  -> build_Intel_8592/debug/ExecOpClass.cc
 [EMBED PY] src/mem/qos/QoSTurnaround.py -> build_Intel_8592/mem/qos/QoSTurnaround.py.cc
 [     CXX] build_Intel_8592/debug/ExecOpClass.cc -> .o
 [ TRACING]  -> build_Intel_8592/debug/MinorScoreboard.hh
 [     CXX] build_Intel_8592/mem/qos/QoSTurnaround.py.cc -> .pyo
 [     CXX] build_Intel_8592/mem/qos/QoSTurnaround.py.cc -> .o
 [     CXX] build_Intel_8592/debug/MinorScoreboard.cc -> .o
 [ TRACING]  -> build_Intel_8592/debug/Printf.cc
 [EMBED PY] src/mem/ExternalMaster.py -> build_Intel_8592/mem/ExternalMaster.py.cc
 [EMBED PY] src/python/gem5/resources/elfie.py -> build_Intel_8592/python/gem5/resources/elfie.py.cc
 [     CXX] build_Intel_8592/mem/ExternalMaster.py.cc -> .o
 [ TRACING]  -> build_Intel_8592/debug/Printf.hh
 [     CXX] build_Intel_8592/mem/ExternalMaster.py.cc -> .pyo
 [EMBED PY] src/python/m5/citations.py -> build_Intel_8592/python/m5/citations.py.cc
 [     CXX] build_Intel_8592/python/gem5/resources/elfie.py.cc -> .pyo
 [EMBED PY] src/python/gem5/components/cachehierarchies/ruby/caches/mesi_two_level/directory.py -> build_Intel_8592/python/gem5/components/cachehierarchies/ruby/caches/mesi_two_level/directory.py.cc
 [     CXX] build_Intel_8592/debug/Printf.cc -> .o
 [     CXX] build_Intel_8592/python/m5/citations.py.cc -> .pyo
 [     CXX] build_Intel_8592/python/gem5/components/cachehierarchies/ruby/caches/mesi_two_level/directory.py.cc -> .pyo
 [EMBED PY] src/cpu/CpuCluster.py -> build_Intel_8592/cpu/CpuCluster.py.cc
 [EMBED PY] src/python/gem5/utils/requires.py -> build_Intel_8592/python/gem5/utils/requires.py.cc
 [     CXX] build_Intel_8592/cpu/CpuCluster.py.cc -> .pyo
 [     CXX] build_Intel_8592/cpu/CpuCluster.py.cc -> .o
 [EMBED PY] src/mem/cache/replacement_policies/ReplacementPolicies.py -> build_Intel_8592/mem/cache/replacement_policies/ReplacementPolicies.py.cc
 [ TRACING]  -> build_Intel_8592/debug/GDBRecv.cc
 [     CXX] build_Intel_8592/python/gem5/utils/requires.py.cc -> .pyo
 [     CXX] build_Intel_8592/mem/cache/replacement_policies/ReplacementPolicies.py.cc -> .o
 [     CXX] build_Intel_8592/mem/cache/replacement_policies/ReplacementPolicies.py.cc -> .pyo
 [ TRACING]  -> build_Intel_8592/debug/DRAM.cc
 [ TRACING]  -> build_Intel_8592/debug/FloatRegs.hh
 [ TRACING]  -> build_Intel_8592/debug/GDBRecv.hh
 [ TRACING]  -> build_Intel_8592/debug/ExecKernel.cc
 [EMBED PY] build_Intel_8592/mem/ruby/protocol/CHI/CHI_MiscNode_Controller.py -> .cc
 [EMBED PY] src/mem/ruby/system/RubySystem.py -> build_Intel_8592/mem/ruby/system/RubySystem.py.cc
 [EMBED PY] src/cpu/testers/directedtest/RubyDirectedTester.py -> build_Intel_8592/cpu/testers/directedtest/RubyDirectedTester.py.cc
 [ TRACING]  -> build_Intel_8592/debug/RubyHitMiss.cc
 [EMBED PY] src/python/gem5/components/cachehierarchies/ruby/caches/viper/tcp.py -> build_Intel_8592/python/gem5/components/cachehierarchies/ruby/caches/viper/tcp.py.cc
 [     CXX] build_Intel_8592/mem/ruby/protocol/CHI/CHI_MiscNode_Controller.py.cc -> .pyo
 [     CXX] build_Intel_8592/mem/ruby/system/RubySystem.py.cc -> .o
 [     CXX] build_Intel_8592/debug/GDBRecv.cc -> .o
 [     CXX] build_Intel_8592/debug/ExecKernel.cc -> .o
 [     CXX] build_Intel_8592/cpu/testers/directedtest/RubyDirectedTester.py.cc -> .pyo
 [     CXX] build_Intel_8592/cpu/testers/directedtest/RubyDirectedTester.py.cc -> .o
 [     CXX] build_Intel_8592/mem/ruby/system/RubySystem.py.cc -> .pyo
 [     CXX] build_Intel_8592/python/gem5/components/cachehierarchies/ruby/caches/viper/tcp.py.cc -> .pyo
 [     CXX] build_Intel_8592/mem/ruby/protocol/CHI/CHI_MiscNode_Controller.py.cc -> .o
 [EMBED PY] src/python/gem5/components/cachehierarchies/ruby/abstract_ruby_cache_hierarchy.py -> build_Intel_8592/python/gem5/components/cachehierarchies/ruby/abstract_ruby_cache_hierarchy.py.cc
 [     CXX] build_Intel_8592/python/gem5/components/cachehierarchies/ruby/abstract_ruby_cache_hierarchy.py.cc -> .pyo
 [ TRACING]  -> build_Intel_8592/debug/VecPredRegs.hh
 [EMBED PY] src/python/gem5/resources/workload.py -> build_Intel_8592/python/gem5/resources/workload.py.cc
 [EMBED PY] src/mem/cache/Cache.py -> build_Intel_8592/mem/cache/Cache.py.cc
 [EMBED PY] src/dev/x86/X86QemuFwCfg.py -> build_Intel_8592/dev/x86/X86QemuFwCfg.py.cc
 [     CXX] build_Intel_8592/python/gem5/resources/workload.py.cc -> .pyo
 [EMBED PY] src/python/m5/util/terminal.py -> build_Intel_8592/python/m5/util/terminal.py.cc
 [     CXX] build_Intel_8592/mem/cache/Cache.py.cc -> .pyo
 [     CXX] build_Intel_8592/mem/cache/Cache.py.cc -> .o
 [     CXX] build_Intel_8592/python/m5/util/terminal.py.cc -> .pyo
 [     CXX] build_Intel_8592/dev/x86/X86QemuFwCfg.py.cc -> .pyo
 [ TRACING]  -> build_Intel_8592/debug/RubyCacheTrace.cc
 [ TRACING]  -> build_Intel_8592/debug/GUPSGen.cc
 [ TRACING]  -> build_Intel_8592/debug/DRAM.hh
 [EMBED PY] src/python/gem5/components/processors/switchable_processor.py -> build_Intel_8592/python/gem5/components/processors/switchable_processor.py.cc
 [EMBED PY] src/python/m5/objects/SimObject.py -> build_Intel_8592/python/m5/objects/SimObject.py.cc
 [ TRACING]  -> build_Intel_8592/debug/Branch.cc
 [EMBED PY] src/python/m5/ext/pystats/abstract_stat.py -> build_Intel_8592/python/m5/ext/pystats/abstract_stat.py.cc
 [     CXX] build_Intel_8592/debug/DRAM.cc -> .o
 [EMBED PY] src/sim/System.py -> build_Intel_8592/sim/System.py.cc
 [     CXX] build_Intel_8592/python/m5/objects/SimObject.py.cc -> .pyo
 [     CXX] build_Intel_8592/python/gem5/components/processors/switchable_processor.py.cc -> .pyo
 [EMBED PY] src/dev/BadDevice.py -> build_Intel_8592/dev/BadDevice.py.cc
 [     CXX] build_Intel_8592/python/m5/ext/pystats/abstract_stat.py.cc -> .pyo
 [ TRACING]  -> build_Intel_8592/debug/Writeback.cc
 [     CXX] build_Intel_8592/sim/System.py.cc -> .pyo
 [     CXX] build_Intel_8592/dev/BadDevice.py.cc -> .pyo
 [ TRACING]  -> build_Intel_8592/debug/MinorMem.cc
 [EMBED PY] src/python/gem5/components/processors/complex_generator_core.py -> build_Intel_8592/python/gem5/components/processors/complex_generator_core.py.cc
 [ TRACING]  -> build_Intel_8592/debug/RubyHitMiss.hh
 [EMBED PY] src/arch/x86/bios/IntelMP.py -> build_Intel_8592/arch/x86/bios/IntelMP.py.cc
 [ TRACING]  -> build_Intel_8592/debug/RubyCacheTrace.hh
 [EMBED PY] src/python/gem5/components/cachehierarchies/classic/__init__.py -> build_Intel_8592/python/gem5/components/cachehierarchies/classic/__init__.py.cc
 [     CXX] build_Intel_8592/python/gem5/components/processors/complex_generator_core.py.cc -> .pyo
 [     CXX] build_Intel_8592/arch/x86/bios/IntelMP.py.cc -> .pyo
 [     CXX] build_Intel_8592/debug/RubyHitMiss.cc -> .o
 [     CXX] build_Intel_8592/python/gem5/components/cachehierarchies/classic/__init__.py.cc -> .pyo
 [     CXX] build_Intel_8592/debug/RubyCacheTrace.cc -> .o
 [ TRACING]  -> build_Intel_8592/debug/GUPSGen.hh
 [     CXX] build_Intel_8592/debug/GUPSGen.cc -> .o
 [EMBED PY] src/dev/serial/Uart.py -> build_Intel_8592/dev/serial/Uart.py.cc
 [EMBED PY] src/python/gem5/simulate/exit_handler.py -> build_Intel_8592/python/gem5/simulate/exit_handler.py.cc
 [EMBED PY] src/cpu/simple/BaseSimpleCPU.py -> build_Intel_8592/cpu/simple/BaseSimpleCPU.py.cc
 [     CXX] build_Intel_8592/dev/serial/Uart.py.cc -> .pyo
 [     CXX] build_Intel_8592/cpu/simple/BaseSimpleCPU.py.cc -> .pyo
 [     CXX] build_Intel_8592/cpu/simple/BaseSimpleCPU.py.cc -> .o
 [     CXX] build_Intel_8592/python/gem5/simulate/exit_handler.py.cc -> .pyo
 [EMBED PY] src/python/gem5/components/boards/simple_board.py -> build_Intel_8592/python/gem5/components/boards/simple_board.py.cc
 [     CXX] build_Intel_8592/python/gem5/components/boards/simple_board.py.cc -> .pyo
 [ TRACING]  -> build_Intel_8592/debug/Branch.hh
 [EMBED PY] src/sim/power/PowerModelState.py -> build_Intel_8592/sim/power/PowerModelState.py.cc
 [ TRACING]  -> build_Intel_8592/debug/ExecFetchSeq.cc
 [ TRACING]  -> build_Intel_8592/debug/RubyCHIGeneric.hh
 [ TRACING]  -> build_Intel_8592/debug/Event.hh
 [     CXX] build_Intel_8592/sim/power/PowerModelState.py.cc -> .pyo
 [     CXX] build_Intel_8592/debug/Branch.cc -> .o
 [ TRACING]  -> build_Intel_8592/debug/Writeback.hh
 [     CXX] build_Intel_8592/debug/ExecFetchSeq.cc -> .o
 [ TRACING]  -> build_Intel_8592/debug/MinorMem.hh
 [EMBED PY] src/python/gem5/components/memory/dramsim_3.py -> build_Intel_8592/python/gem5/components/memory/dramsim_3.py.cc
 [     CXX] build_Intel_8592/debug/RubyCHIGeneric.cc -> .o
 [     CXX] src/base/pollevent.cc -> build_Intel_8592/base/pollevent.o
 [     CXX] build_Intel_8592/debug/Writeback.cc -> .o
 [     CXX] build_Intel_8592/debug/MinorMem.cc -> .o
 [     CXX] build_Intel_8592/python/gem5/components/memory/dramsim_3.py.cc -> .pyo
 [ TRACING]  -> build_Intel_8592/debug/GDBRead.cc
 [ TRACING]  -> build_Intel_8592/debug/GDBRead.hh
 [EMBED PY] src/python/m5/params/null_params.py -> build_Intel_8592/python/m5/params/null_params.py.cc
 [     CXX] build_Intel_8592/debug/GDBRead.cc -> .o
 [     CXX] build_Intel_8592/python/m5/params/null_params.py.cc -> .pyo
 [EMBED PY] src/python/gem5/components/cachehierarchies/ruby/caches/prebuilt/octopi_cache/__init__.py -> build_Intel_8592/python/gem5/components/cachehierarchies/ruby/caches/prebuilt/octopi_cache/__init__.py.cc
 [ TRACING]  -> build_Intel_8592/debug/LTage.hh
 [EMBED PY] src/python/gem5/prebuilt/riscvmatched/riscvmatched_cache.py -> build_Intel_8592/python/gem5/prebuilt/riscvmatched/riscvmatched_cache.py.cc
 [EMBED PY] src/mem/cache/prefetch/Prefetcher.py -> build_Intel_8592/mem/cache/prefetch/Prefetcher.py.cc
 [     CXX] build_Intel_8592/python/gem5/components/cachehierarchies/ruby/caches/prebuilt/octopi_cache/__init__.py.cc -> .pyo
 [ TRACING]  -> build_Intel_8592/debug/CommMonitor.cc
 [ TRACING]  -> build_Intel_8592/debug/LooppointAnalysis.cc
 [     CXX] build_Intel_8592/python/gem5/prebuilt/riscvmatched/riscvmatched_cache.py.cc -> .pyo
 [EMBED PY] src/python/m5/SimObject.py -> build_Intel_8592/python/m5/SimObject.py.cc
 [EMBED PY] src/python/gem5/components/processors/random_generator.py -> build_Intel_8592/python/gem5/components/processors/random_generator.py.cc
 [     CXX] build_Intel_8592/debug/LTage.cc -> .o
 [EMBED PY] src/python/gem5/components/cachehierarchies/ruby/caches/mesi_two_level/__init__.py -> build_Intel_8592/python/gem5/components/cachehierarchies/ruby/caches/mesi_two_level/__init__.py.cc
 [     CXX] build_Intel_8592/mem/cache/prefetch/Prefetcher.py.cc -> .o
 [     CXX] build_Intel_8592/mem/cache/prefetch/Prefetcher.py.cc -> .pyo
 [EMBED PY] src/python/gem5/utils/progress_bar.py -> build_Intel_8592/python/gem5/utils/progress_bar.py.cc
 [     CXX] build_Intel_8592/python/gem5/components/processors/random_generator.py.cc -> .pyo
 [     CXX] build_Intel_8592/python/gem5/components/cachehierarchies/ruby/caches/mesi_two_level/__init__.py.cc -> .pyo
 [ TRACING]  -> build_Intel_8592/debug/RubyProtocol.cc
 [     CXX] build_Intel_8592/python/m5/SimObject.py.cc -> .pyo
 [ TRACING]  -> build_Intel_8592/debug/VecRegs.hh
 [     CXX] build_Intel_8592/python/gem5/utils/progress_bar.py.cc -> .pyo
 [ TRACING]  -> build_Intel_8592/debug/CommMonitor.hh
 [EMBED PY] src/dev/Device.py -> build_Intel_8592/dev/Device.py.cc
 [EMBED PY] src/dev/ps2/PS2.py -> build_Intel_8592/dev/ps2/PS2.py.cc
 [ TRACING]  -> build_Intel_8592/debug/LooppointAnalysis.hh
 [ TRACING]  -> build_Intel_8592/debug/FreeList.cc
 [EMBED PY] src/mem/ruby/network/Network.py -> build_Intel_8592/mem/ruby/network/Network.py.cc
 [     CXX] build_Intel_8592/debug/CommMonitor.cc -> .o
 [     CXX] build_Intel_8592/dev/Device.py.cc -> .pyo
 [     CXX] build_Intel_8592/dev/ps2/PS2.py.cc -> .pyo
 [EMBED PY] src/cpu/TimingExpr.py -> build_Intel_8592/cpu/TimingExpr.py.cc
 [     CXX] build_Intel_8592/mem/ruby/network/Network.py.cc -> .pyo
 [     CXX] build_Intel_8592/debug/LooppointAnalysis.cc -> .o
 [     CXX] build_Intel_8592/mem/ruby/network/Network.py.cc -> .o
 [ TRACING]  -> build_Intel_8592/debug/StoreSet.cc
 [     CXX] build_Intel_8592/cpu/TimingExpr.py.cc -> .o
 [     CXX] build_Intel_8592/cpu/TimingExpr.py.cc -> .pyo
 [ TRACING]  -> build_Intel_8592/debug/MinorInterrupt.cc
 [ TRACING]  -> build_Intel_8592/debug/RubyProtocol.hh
 [EMBED PY] src/python/gem5/components/cachehierarchies/ruby/caches/viper/dma_controller.py -> build_Intel_8592/python/gem5/components/cachehierarchies/ruby/caches/viper/dma_controller.py.cc
 [EMBED PY] src/python/gem5/components/cachehierarchies/ruby/__init__.py -> build_Intel_8592/python/gem5/components/cachehierarchies/ruby/__init__.py.cc
 [EMBED PY] src/python/gem5/resources/resource.py -> build_Intel_8592/python/gem5/resources/resource.py.cc
 [ TRACING]  -> build_Intel_8592/debug/Tage.cc
 [     CXX] build_Intel_8592/python/gem5/components/cachehierarchies/ruby/caches/viper/dma_controller.py.cc -> .pyo
 [     CXX] build_Intel_8592/python/gem5/components/cachehierarchies/ruby/__init__.py.cc -> .pyo
 [EMBED PY] src/python/m5/util/pybind.py -> build_Intel_8592/python/m5/util/pybind.py.cc
 [     CXX] build_Intel_8592/debug/RubyProtocol.cc -> .o
 [EMBED PY] src/python/gem5/components/processors/simple_switchable_processor.py -> build_Intel_8592/python/gem5/components/processors/simple_switchable_processor.py.cc
 [     CXX] build_Intel_8592/python/gem5/resources/resource.py.cc -> .pyo
 [     CXX] build_Intel_8592/python/m5/util/pybind.py.cc -> .pyo
 [     CXX] build_Intel_8592/python/gem5/components/processors/simple_switchable_processor.py.cc -> .pyo
 [ TRACING]  -> build_Intel_8592/debug/FreeList.hh
 [EMBED PY] src/python/m5/ext/pystats/serializable_stat.py -> build_Intel_8592/python/m5/ext/pystats/serializable_stat.py.cc
 [ TRACING]  -> build_Intel_8592/debug/ExecFaulting.cc
 [     CXX] build_Intel_8592/debug/FreeList.cc -> .o
 [EMBED PY] src/python/gem5/components/memory/dram_interfaces/hmc.py -> build_Intel_8592/python/gem5/components/memory/dram_interfaces/hmc.py.cc
 [     CXX] build_Intel_8592/python/m5/ext/pystats/serializable_stat.py.cc -> .pyo
 [ TRACING]  -> build_Intel_8592/debug/Drain.hh
 [     CXX] build_Intel_8592/python/gem5/components/memory/dram_interfaces/hmc.py.cc -> .pyo
 [ TRACING]  -> build_Intel_8592/debug/StoreSet.hh
 [ TRACING]  -> build_Intel_8592/debug/MinorInterrupt.hh
 [EMBED PY] src/python/gem5/components/processors/abstract_processor.py -> build_Intel_8592/python/gem5/components/processors/abstract_processor.py.cc
 [ TRACING]  -> build_Intel_8592/debug/GDBMisc.cc
 [ TRACING]  -> build_Intel_8592/debug/ExecUser.cc
 [     CXX] build_Intel_8592/debug/StoreSet.cc -> .o
 [     CXX] build_Intel_8592/debug/MinorInterrupt.cc -> .o
 [ TRACING]  -> build_Intel_8592/debug/Tage.hh
 [EMBED PY] src/python/gem5/simulate/exit_event_generators.py -> build_Intel_8592/python/gem5/simulate/exit_event_generators.py.cc
 [ TRACING]  -> build_Intel_8592/debug/Bridge.cc
 [     CXX] build_Intel_8592/python/gem5/components/processors/abstract_processor.py.cc -> .pyo
 [ TRACING]  -> build_Intel_8592/debug/Scoreboard.cc
 [     CXX] build_Intel_8592/debug/ExecUser.cc -> .o
 [     CXX] build_Intel_8592/python/gem5/simulate/exit_event_generators.py.cc -> .pyo
 [     CXX] build_Intel_8592/debug/Tage.cc -> .o
 [EMBED PY] src/python/gem5/components/boards/experimental/lupv_board.py -> build_Intel_8592/python/gem5/components/boards/experimental/lupv_board.py.cc
 [EMBED PY] src/dev/qemu/QemuFwCfg.py -> build_Intel_8592/dev/qemu/QemuFwCfg.py.cc
 [     CXX] build_Intel_8592/python/gem5/components/boards/experimental/lupv_board.py.cc -> .pyo
 [     CXX] build_Intel_8592/dev/qemu/QemuFwCfg.py.cc -> .pyo
 [ TRACING]  -> build_Intel_8592/debug/ExecFaulting.hh
 [     CXX] build_Intel_8592/debug/ExecFaulting.cc -> .o
 [EMBED PY] src/arch/x86/X86Decoder.py -> build_Intel_8592/arch/x86/X86Decoder.py.cc
 [EMBED PY] src/python/gem5/components/memory/abstract_memory_system.py -> build_Intel_8592/python/gem5/components/memory/abstract_memory_system.py.cc
 [     CXX] build_Intel_8592/arch/x86/X86Decoder.py.cc -> .pyo
 [     CXX] build_Intel_8592/python/gem5/components/memory/abstract_memory_system.py.cc -> .pyo
 [ TRACING]  -> build_Intel_8592/debug/RubyResourceStalls.cc
 [ TRACING]  -> build_Intel_8592/debug/GDBMisc.hh
 [EMBED PY] src/python/m5/params/network_params.py -> build_Intel_8592/python/m5/params/network_params.py.cc
 [EMBED PY] src/cpu/o3/BaseO3CPU.py -> build_Intel_8592/cpu/o3/BaseO3CPU.py.cc
 [     CXX] build_Intel_8592/debug/GDBMisc.cc -> .o
 [     CXX] build_Intel_8592/python/m5/params/network_params.py.cc -> .pyo
 [     CXX] build_Intel_8592/cpu/o3/BaseO3CPU.py.cc -> .pyo
 [     CXX] build_Intel_8592/cpu/o3/BaseO3CPU.py.cc -> .o
 [EMBED PY] src/python/gem5/prebuilt/riscvmatched/riscvmatched_board.py -> build_Intel_8592/python/gem5/prebuilt/riscvmatched/riscvmatched_board.py.cc
 [     CXX] build_Intel_8592/python/gem5/prebuilt/riscvmatched/riscvmatched_board.py.cc -> .pyo
 [EMBED PY] src/mem/CommMonitor.py -> build_Intel_8592/mem/CommMonitor.py.cc
 [ TRACING]  -> build_Intel_8592/debug/Bridge.hh
 [ TRACING]  -> build_Intel_8592/debug/Scoreboard.hh
 [ TRACING]  -> build_Intel_8592/debug/RAS.cc
 [EMBED PY] src/python/m5/__init__.py -> build_Intel_8592/python/m5/__init__.py.cc
 [     CXX] build_Intel_8592/mem/CommMonitor.py.cc -> .o
 [     CXX] build_Intel_8592/mem/CommMonitor.py.cc -> .pyo
 [     CXX] build_Intel_8592/debug/Bridge.cc -> .o
 [     CXX] src/cpu/o3/scoreboard.cc -> build_Intel_8592/cpu/o3/scoreboard.o
 [     CXX] build_Intel_8592/debug/Scoreboard.cc -> .o
 [     CXX] build_Intel_8592/python/m5/__init__.py.cc -> .pyo
 [EMBED PY] src/python/gem5/components/cachehierarchies/abstract_three_level_cache_hierarchy.py -> build_Intel_8592/python/gem5/components/cachehierarchies/abstract_three_level_cache_hierarchy.py.cc
 [ TRACING]  -> build_Intel_8592/debug/MinorExecute.cc
 [EMBED PY] src/python/gem5/utils/override.py -> build_Intel_8592/python/gem5/utils/override.py.cc
 [     CXX] build_Intel_8592/python/gem5/components/cachehierarchies/abstract_three_level_cache_hierarchy.py.cc -> .pyo
 [     CXX] build_Intel_8592/python/gem5/utils/override.py.cc -> .pyo
 [ TRACING]  -> build_Intel_8592/debug/RubyResourceStalls.hh
 [     CXX] build_Intel_8592/debug/RubyResourceStalls.cc -> .o
 [EMBED PY] src/systemc/python/tlm.py -> build_Intel_8592/systemc/python/tlm.py.cc
 [EMBED PY] src/mem/ruby/network/fault_model/FaultModel.py -> build_Intel_8592/mem/ruby/network/fault_model/FaultModel.py.cc
 [EMBED PY] src/python/gem5/components/cachehierarchies/chi/nodes/memory_controller.py -> build_Intel_8592/python/gem5/components/cachehierarchies/chi/nodes/memory_controller.py.cc
 [EMBED PY] src/learning_gem5/part2/SimpleCache.py -> build_Intel_8592/learning_gem5/part2/SimpleCache.py.cc
 [ TRACING]  -> build_Intel_8592/debug/SimpleCPU.cc
 [     CXX] build_Intel_8592/systemc/python/tlm.py.cc -> .pyo
 [     CXX] build_Intel_8592/python/gem5/components/cachehierarchies/chi/nodes/memory_controller.py.cc -> .pyo
 [     CXX] build_Intel_8592/learning_gem5/part2/SimpleCache.py.cc -> .pyo
 [     CXX] build_Intel_8592/mem/ruby/network/fault_model/FaultModel.py.cc -> .pyo
 [     CXX] build_Intel_8592/mem/ruby/network/fault_model/FaultModel.py.cc -> .o
 [ TRACING]  -> build_Intel_8592/debug/RAS.hh
 [     CXX] build_Intel_8592/debug/RAS.cc -> .o
 [EMBED PY] src/mem/XBar.py -> build_Intel_8592/mem/XBar.py.cc
 [ TRACING]  -> build_Intel_8592/debug/ExecEffAddr.cc
 [     CXX] build_Intel_8592/mem/XBar.py.cc -> .o
 [     CXX] build_Intel_8592/mem/XBar.py.cc -> .pyo
 [ TRACING]  -> build_Intel_8592/debug/Checker.cc
 [     CXX] build_Intel_8592/debug/ExecEffAddr.cc -> .o
 [EMBED PY] src/mem/qos/QoSPolicy.py -> build_Intel_8592/mem/qos/QoSPolicy.py.cc
 [EMBED PY] src/mem/NVMInterface.py -> build_Intel_8592/mem/NVMInterface.py.cc
 [     CXX] build_Intel_8592/mem/qos/QoSPolicy.py.cc -> .pyo
 [     CXX] build_Intel_8592/mem/NVMInterface.py.cc -> .o
 [     CXX] build_Intel_8592/mem/NVMInterface.py.cc -> .pyo
 [     CXX] build_Intel_8592/mem/qos/QoSPolicy.py.cc -> .o
 [EMBED PY] src/cpu/BaseCPU.py -> build_Intel_8592/cpu/BaseCPU.py.cc
 [ TRACING]  -> build_Intel_8592/debug/GDBExtra.cc
 [EMBED PY] src/python/gem5/components/cachehierarchies/ruby/caches/viper/directory.py -> build_Intel_8592/python/gem5/components/cachehierarchies/ruby/caches/viper/directory.py.cc
 [     CXX] build_Intel_8592/cpu/BaseCPU.py.cc -> .o
 [     CXX] build_Intel_8592/cpu/BaseCPU.py.cc -> .pyo
 [EMBED PY] src/python/gem5/resources/md5_utils.py -> build_Intel_8592/python/gem5/resources/md5_utils.py.cc
 [EMBED PY] src/mem/MemDelay.py -> build_Intel_8592/mem/MemDelay.py.cc
 [ TRACING]  -> build_Intel_8592/debug/GDBExtra.hh
 [     CXX] build_Intel_8592/python/gem5/components/cachehierarchies/ruby/caches/viper/directory.py.cc -> .pyo
 [EMBED PY] src/python/gem5/components/cachehierarchies/ruby/caches/prebuilt/__init__.py -> build_Intel_8592/python/gem5/components/cachehierarchies/ruby/caches/prebuilt/__init__.py.cc
 [ TRACING]  -> build_Intel_8592/debug/ExecMacro.cc
 [     CXX] build_Intel_8592/python/gem5/resources/md5_utils.py.cc -> .pyo
 [     CXX] build_Intel_8592/mem/MemDelay.py.cc -> .o
 [     CXX] build_Intel_8592/debug/GDBExtra.cc -> .o
 [     CXX] build_Intel_8592/python/gem5/components/cachehierarchies/ruby/caches/prebuilt/__init__.py.cc -> .pyo
 [     CXX] build_Intel_8592/debug/ExecMacro.cc -> .o
 [     CXX] build_Intel_8592/mem/MemDelay.py.cc -> .pyo
 [EMBED PY] src/python/m5/util/multidict.py -> build_Intel_8592/python/m5/util/multidict.py.cc
 [ TRACING]  -> build_Intel_8592/debug/XBar.cc
 [ TRACING]  -> build_Intel_8592/debug/Rename.cc
 [EMBED PY] src/python/gem5/components/processors/base_cpu_processor.py -> build_Intel_8592/python/gem5/components/processors/base_cpu_processor.py.cc
 [ TRACING]  -> build_Intel_8592/debug/SimpleCPU.hh
 [     CXX] build_Intel_8592/python/m5/util/multidict.py.cc -> .pyo
 [EMBED PY] src/python/m5/ext/pystats/__init__.py -> build_Intel_8592/python/m5/ext/pystats/__init__.py.cc
 [     CXX] build_Intel_8592/python/gem5/components/processors/base_cpu_processor.py.cc -> .pyo
 [EMBED PY] src/dev/x86/SouthBridge.py -> build_Intel_8592/dev/x86/SouthBridge.py.cc
 [EMBED PY] src/python/gem5/components/cachehierarchies/classic/private_l1_private_l2_walk_cache_hierarchy.py -> build_Intel_8592/python/gem5/components/cachehierarchies/classic/private_l1_private_l2_walk_cache_hierarchy.py.cc
 [     CXX] build_Intel_8592/debug/SimpleCPU.cc -> .o
 [     CXX] build_Intel_8592/python/m5/ext/pystats/__init__.py.cc -> .pyo
 [     CXX] build_Intel_8592/dev/x86/SouthBridge.py.cc -> .pyo
 [     CXX] build_Intel_8592/python/gem5/components/cachehierarchies/classic/private_l1_private_l2_walk_cache_hierarchy.py.cc -> .pyo
 [EMBED PY] src/python/gem5/components/memory/dram_interfaces/hbm.py -> build_Intel_8592/python/gem5/components/memory/dram_interfaces/hbm.py.cc
 [ TRACING]  -> build_Intel_8592/debug/Checker.hh
 [     CXX] build_Intel_8592/python/gem5/components/memory/dram_interfaces/hbm.py.cc -> .pyo
 [EMBED PY] src/python/gem5/components/cachehierarchies/ruby/caches/__init__.py -> build_Intel_8592/python/gem5/components/cachehierarchies/ruby/caches/__init__.py.cc
 [EMBED PY] src/mem/ruby/slicc_interface/Controller.py -> build_Intel_8592/mem/ruby/slicc_interface/Controller.py.cc
 [     CXX] build_Intel_8592/debug/Checker.cc -> .o
 [EMBED PY] src/python/gem5/components/processors/abstract_generator.py -> build_Intel_8592/python/gem5/components/processors/abstract_generator.py.cc
 [ TRACING]  -> build_Intel_8592/debug/RubyStats.cc
 [     CXX] build_Intel_8592/python/gem5/components/cachehierarchies/ruby/caches/__init__.py.cc -> .pyo
 [     CXX] build_Intel_8592/mem/ruby/slicc_interface/Controller.py.cc -> .pyo
 [     CXX] build_Intel_8592/mem/ruby/slicc_interface/Controller.py.cc -> .o
 [     CXX] build_Intel_8592/python/gem5/components/processors/abstract_generator.py.cc -> .pyo
 [ TRACING]  -> build_Intel_8592/debug/ProtocolTrace.hh
 [EMBED PY] src/mem/MemCtrl.py -> build_Intel_8592/mem/MemCtrl.py.cc
 [EMBED PY] src/python/gem5/simulate/exit_event.py -> build_Intel_8592/python/gem5/simulate/exit_event.py.cc
 [ TRACING]  -> build_Intel_8592/debug/XBar.hh
 [ TRACING]  -> build_Intel_8592/debug/Rename.hh
 [     CXX] build_Intel_8592/python/gem5/simulate/exit_event.py.cc -> .pyo
 [     CXX] build_Intel_8592/mem/MemCtrl.py.cc -> .pyo
 [     CXX] build_Intel_8592/debug/ProtocolTrace.cc -> .o
 [     CXX] build_Intel_8592/mem/MemCtrl.py.cc -> .o
 [ TRACING]  -> build_Intel_8592/debug/BaseXBar.hh
 [     CXX] build_Intel_8592/debug/Rename.cc -> .o
 [EMBED PY] src/python/gem5/components/boards/experimental/__init__.py -> build_Intel_8592/python/gem5/components/boards/experimental/__init__.py.cc
 [     CXX] build_Intel_8592/python/gem5/components/boards/experimental/__init__.py.cc -> .pyo
 [ TRACING]  -> build_Intel_8592/debug/BTB.cc
 [EMBED PY] src/sim/VoltageDomain.py -> build_Intel_8592/sim/VoltageDomain.py.cc
 [EMBED PY] src/dev/virtio/VirtIO9P.py -> build_Intel_8592/dev/virtio/VirtIO9P.py.cc
 [EMBED PY] src/python/gem5/components/memory/__init__.py -> build_Intel_8592/python/gem5/components/memory/__init__.py.cc
 [ TRACING]  -> build_Intel_8592/debug/RubyStats.hh
 [     CXX] build_Intel_8592/sim/VoltageDomain.py.cc -> .pyo
 [EMBED PY] src/python/gem5/components/cachehierarchies/classic/caches/mmu_cache.py -> build_Intel_8592/python/gem5/components/cachehierarchies/classic/caches/mmu_cache.py.cc
 [     CXX] build_Intel_8592/dev/virtio/VirtIO9P.py.cc -> .pyo
 [     CXX] build_Intel_8592/python/gem5/components/memory/__init__.py.cc -> .pyo
 [     CXX] build_Intel_8592/python/gem5/components/cachehierarchies/classic/caches/mmu_cache.py.cc -> .pyo
 [     CXX] build_Intel_8592/debug/RubyStats.cc -> .o
 [EMBED PY] src/python/m5/params/enum_params.py -> build_Intel_8592/python/m5/params/enum_params.py.cc
 [ TRACING]  -> build_Intel_8592/debug/Indirect.cc
 [EMBED PY] src/python/gem5/prebuilt/riscvmatched/__init__.py -> build_Intel_8592/python/gem5/prebuilt/riscvmatched/__init__.py.cc
 [     CXX] build_Intel_8592/python/m5/params/enum_params.py.cc -> .pyo
 [     CXX] build_Intel_8592/python/gem5/prebuilt/riscvmatched/__init__.py.cc -> .pyo
 [EMBED PY] src/cpu/o3/O3Checker.py -> build_Intel_8592/cpu/o3/O3Checker.py.cc
 [ TRACING]  -> build_Intel_8592/debug/Context.hh
 [     CXX] build_Intel_8592/cpu/o3/O3Checker.py.cc -> .o
 [     CXX] build_Intel_8592/cpu/o3/O3Checker.py.cc -> .pyo
 [EMBED PY] src/sim/Workload.py -> build_Intel_8592/sim/Workload.py.cc
 [ TRACING]  -> build_Intel_8592/debug/BTB.hh
 [     CXX] build_Intel_8592/sim/Workload.py.cc -> .pyo
 [EMBED PY] src/sim/InstTracer.py -> build_Intel_8592/sim/InstTracer.py.cc
 [     CXX] build_Intel_8592/debug/BTB.cc -> .o
 [EMBED PY] src/dev/x86/I8254.py -> build_Intel_8592/dev/x86/I8254.py.cc
 [     CXX] build_Intel_8592/sim/InstTracer.py.cc -> .pyo
 [ TRACING]  -> build_Intel_8592/debug/Config.hh
 [     CXX] build_Intel_8592/dev/x86/I8254.py.cc -> .pyo
 [EMBED PY] src/python/gem5/components/cachehierarchies/abstract_two_level_cache_hierarchy.py -> build_Intel_8592/python/gem5/components/cachehierarchies/abstract_two_level_cache_hierarchy.py.cc
 [EMBED PY] src/python/gem5/utils/filelock.py -> build_Intel_8592/python/gem5/utils/filelock.py.cc
 [     CXX] build_Intel_8592/python/gem5/components/cachehierarchies/abstract_two_level_cache_hierarchy.py.cc -> .pyo
 [     CXX] build_Intel_8592/python/gem5/utils/filelock.py.cc -> .pyo
 [ TRACING]  -> build_Intel_8592/debug/GDBAcc.cc
 [ TRACING]  -> build_Intel_8592/debug/Indirect.hh
 [EMBED PY] src/python/gem5/components/cachehierarchies/chi/nodes/l2_cache.py -> build_Intel_8592/python/gem5/components/cachehierarchies/chi/nodes/l2_cache.py.cc
 [ TRACING]  -> build_Intel_8592/debug/GDBAcc.hh
 [     CXX] build_Intel_8592/debug/Indirect.cc -> .o
 [     CXX] build_Intel_8592/python/gem5/components/cachehierarchies/chi/nodes/l2_cache.py.cc -> .pyo
 [ TRACING]  -> build_Intel_8592/debug/SnoopFilter.cc
 [     CXX] build_Intel_8592/debug/GDBAcc.cc -> .o
 [ TRACING]  -> build_Intel_8592/debug/ROB.cc
 [ TRACING]  -> build_Intel_8592/debug/TrafficGen.cc
 [EMBED PY] src/arch/x86/X86CPU.py -> build_Intel_8592/arch/x86/X86CPU.py.cc
 [EMBED PY] src/arch/x86/X86NativeTrace.py -> build_Intel_8592/arch/x86/X86NativeTrace.py.cc
 [ TRACING]  -> build_Intel_8592/debug/RubyTester.cc
 [EMBED PY] src/python/gem5/components/cachehierarchies/ruby/caches/viper/corepair_cache.py -> build_Intel_8592/python/gem5/components/cachehierarchies/ruby/caches/viper/corepair_cache.py.cc
 [     CXX] build_Intel_8592/arch/x86/X86CPU.py.cc -> .pyo
 [     CXX] build_Intel_8592/arch/x86/X86NativeTrace.py.cc -> .pyo
 [EMBED PY] src/python/gem5/components/cachehierarchies/classic/caches/__init__.py -> build_Intel_8592/python/gem5/components/cachehierarchies/classic/caches/__init__.py.cc
 [EMBED PY] src/python/gem5/resources/downloader.py -> build_Intel_8592/python/gem5/resources/downloader.py.cc
 [     CXX] build_Intel_8592/python/gem5/components/cachehierarchies/ruby/caches/viper/corepair_cache.py.cc -> .pyo
 [     CXX] build_Intel_8592/debug/RubyTester.cc -> .o
 [     CXX] build_Intel_8592/python/gem5/components/cachehierarchies/classic/caches/__init__.py.cc -> .pyo
 [EMBED PY] src/python/m5/util/fdthelper.py -> build_Intel_8592/python/m5/util/fdthelper.py.cc
 [     CXX] build_Intel_8592/python/gem5/resources/downloader.py.cc -> .pyo
 [ TRACING]  -> build_Intel_8592/debug/SnoopFilter.hh
 [     CXX] build_Intel_8592/python/m5/util/fdthelper.py.cc -> .pyo
 [ TRACING]  -> build_Intel_8592/debug/ROB.hh
 [     CXX] build_Intel_8592/debug/SnoopFilter.cc -> .o
 [EMBED PY] src/python/gem5/components/processors/decoupled_processor.py -> build_Intel_8592/python/gem5/components/processors/decoupled_processor.py.cc
 [ TRACING]  -> build_Intel_8592/debug/RubyCache.cc
 [     CXX] build_Intel_8592/debug/ROB.cc -> .o
 [     CXX] build_Intel_8592/python/gem5/components/processors/decoupled_processor.py.cc -> .pyo
 [ TRACING]  -> build_Intel_8592/debug/TrafficGen.hh
 [     CXX] build_Intel_8592/debug/TrafficGen.cc -> .o
 [EMBED PY] src/cpu/pred/BranchPredictor.py -> build_Intel_8592/cpu/pred/BranchPredictor.py.cc
 [ TRACING]  -> build_Intel_8592/debug/InstTracker.cc
 [EMBED PY] src/python/gem5/components/memory/dram_interfaces/gddr.py -> build_Intel_8592/python/gem5/components/memory/dram_interfaces/gddr.py.cc
 [EMBED PY] src/python/m5/util/convert.py -> build_Intel_8592/python/m5/util/convert.py.cc
 [EMBED PY] src/python/importer.py -> build_Intel_8592/python/importer.py.cc
 [EMBED PY] src/python/gem5/components/processors/abstract_generator_core.py -> build_Intel_8592/python/gem5/components/processors/abstract_generator_core.py.cc
 [     CXX] build_Intel_8592/python/gem5/components/memory/dram_interfaces/gddr.py.cc -> .pyo
 [     CXX] build_Intel_8592/cpu/pred/BranchPredictor.py.cc -> .o
 [     CXX] build_Intel_8592/cpu/pred/BranchPredictor.py.cc -> .pyo
 [     CXX] build_Intel_8592/python/m5/util/convert.py.cc -> .pyo
 [     CXX] build_Intel_8592/python/importer.py.cc -> .pyo
 [     CXX] build_Intel_8592/python/gem5/components/processors/abstract_generator_core.py.cc -> .pyo
 [ TRACING]  -> build_Intel_8592/debug/SysBridge.cc
 [ TRACING]  -> build_Intel_8592/debug/CacheAll.cc
 [EMBED PY] src/arch/generic/InstDecoder.py -> build_Intel_8592/arch/generic/InstDecoder.py.cc
 [     CXX] build_Intel_8592/arch/generic/InstDecoder.py.cc -> .pyo
 [ TRACING]  -> build_Intel_8592/debug/CacheAll.hh
 [EMBED PY] src/dev/serial/Terminal.py -> build_Intel_8592/dev/serial/Terminal.py.cc
 [EMBED PY] src/python/gem5/simulate/simulator.py -> build_Intel_8592/python/gem5/simulate/simulator.py.cc
 [ TRACING]  -> build_Intel_8592/debug/SerialLink.cc
 [     CXX] build_Intel_8592/dev/serial/Terminal.py.cc -> .pyo
 [ TRACING]  -> build_Intel_8592/debug/MinorExecute.hh
 [     CXX] build_Intel_8592/python/gem5/simulate/simulator.py.cc -> .pyo
 [ TRACING]  -> build_Intel_8592/debug/InstTracker.hh
 [     CXX] build_Intel_8592/debug/MinorExecute.cc -> .o
 [EMBED PY] src/mem/ruby/structures/DirectoryMemory.py -> build_Intel_8592/mem/ruby/structures/DirectoryMemory.py.cc
 [     CXX] build_Intel_8592/debug/InstTracker.cc -> .o
 [     CXX] build_Intel_8592/mem/ruby/structures/DirectoryMemory.py.cc -> .o
 [     CXX] build_Intel_8592/mem/ruby/structures/DirectoryMemory.py.cc -> .pyo
 [ TRACING]  -> build_Intel_8592/debug/Checkpoint.hh
 [ TRACING]  -> build_Intel_8592/debug/AnnotateVerbose.cc
 [EMBED PY] src/python/m5/params/deprecated_params.py -> build_Intel_8592/python/m5/params/deprecated_params.py.cc
 [ TRACING]  -> build_Intel_8592/debug/SysBridge.hh
 [ TRACING]  -> build_Intel_8592/debug/AnnotateVerbose.hh
 [     CXX] build_Intel_8592/python/m5/params/deprecated_params.py.cc -> .pyo
 [EMBED PY] src/dev/x86/I82094AA.py -> build_Intel_8592/dev/x86/I82094AA.py.cc
 [EMBED PY] src/mem/qos/QoSMemCtrl.py -> build_Intel_8592/mem/qos/QoSMemCtrl.py.cc
 [     CXX] build_Intel_8592/debug/SysBridge.cc -> .o
 [     CXX] build_Intel_8592/debug/AnnotateVerbose.cc -> .o
 [     CXX] build_Intel_8592/dev/x86/I82094AA.py.cc -> .pyo
 [     CXX] build_Intel_8592/mem/qos/QoSMemCtrl.py.cc -> .pyo
 [     CXX] build_Intel_8592/mem/qos/QoSMemCtrl.py.cc -> .o
 [ TRACING]  -> build_Intel_8592/debug/NoncoherentXBar.cc
 [EMBED PY] src/cpu/checker/CheckerCPU.py -> build_Intel_8592/cpu/checker/CheckerCPU.py.cc
 [ TRACING]  -> build_Intel_8592/debug/SerialLink.hh
 [ TRACING]  -> build_Intel_8592/debug/ExecMicro.cc
 [EMBED PY] src/python/m5/ext/pyfdt/__init__.py -> build_Intel_8592/python/m5/ext/pyfdt/__init__.py.cc
 [     CXX] build_Intel_8592/cpu/checker/CheckerCPU.py.cc -> .pyo
 [     CXX] build_Intel_8592/cpu/checker/CheckerCPU.py.cc -> .o
 [     CXX] build_Intel_8592/python/m5/ext/pyfdt/__init__.py.cc -> .pyo
 [     CXX] build_Intel_8592/debug/SerialLink.cc -> .o
 [     CXX] build_Intel_8592/debug/ExecMicro.cc -> .o
 [EMBED PY] src/python/gem5/components/cachehierarchies/ruby/caches/mesi_three_level/l3_cache.py -> build_Intel_8592/python/gem5/components/cachehierarchies/ruby/caches/mesi_three_level/l3_cache.py.cc
 [EMBED PY] build_Intel_8592/mem/ruby/protocol/CHI/CHI_Memory_Controller.py -> .cc
 [     CXX] build_Intel_8592/python/gem5/components/cachehierarchies/ruby/caches/mesi_three_level/l3_cache.py.cc -> .pyo
 [ TRACING]  -> build_Intel_8592/debug/RubyTest.cc
 [EMBED PY] src/python/gem5/components/cachehierarchies/ruby/mi_example_cache_hierarchy.py -> build_Intel_8592/python/gem5/components/cachehierarchies/ruby/mi_example_cache_hierarchy.py.cc
 [     CXX] build_Intel_8592/mem/ruby/protocol/CHI/CHI_Memory_Controller.py.cc -> .pyo
 [     CXX] build_Intel_8592/mem/ruby/protocol/CHI/CHI_Memory_Controller.py.cc -> .o
 [EMBED PY] src/cpu/StaticInstFlags.py -> build_Intel_8592/cpu/StaticInstFlags.py.cc
 [EMBED PY] src/dev/serial/Serial.py -> build_Intel_8592/dev/serial/Serial.py.cc
 [     CXX] build_Intel_8592/python/gem5/components/cachehierarchies/ruby/mi_example_cache_hierarchy.py.cc -> .pyo
 [EMBED PY] src/python/gem5/utils/__init__.py -> build_Intel_8592/python/gem5/utils/__init__.py.cc
 [     CXX] build_Intel_8592/cpu/StaticInstFlags.py.cc -> .pyo
 [     CXX] build_Intel_8592/cpu/StaticInstFlags.py.cc -> .o
 [     CXX] build_Intel_8592/dev/serial/Serial.py.cc -> .pyo
 [EMBED PY] src/arch/x86/kvm/X86KvmCPU.py -> build_Intel_8592/arch/x86/kvm/X86KvmCPU.py.cc
 [     CXX] build_Intel_8592/python/gem5/utils/__init__.py.cc -> .pyo
 [     CXX] build_Intel_8592/arch/x86/kvm/X86KvmCPU.py.cc -> .pyo
 [ TRACING]  -> build_Intel_8592/debug/RubySystem.cc
 [EMBED PY] src/python/gem5/components/processors/random_generator_core.py -> build_Intel_8592/python/gem5/components/processors/random_generator_core.py.cc
 [EMBED PY] src/python/gem5/components/cachehierarchies/chi/nodes/l1_cache.py -> build_Intel_8592/python/gem5/components/cachehierarchies/chi/nodes/l1_cache.py.cc
 [ TRACING]  -> build_Intel_8592/debug/NoncoherentXBar.hh
 [     CXX] build_Intel_8592/python/gem5/components/processors/random_generator_core.py.cc -> .pyo
 [     CXX] build_Intel_8592/python/gem5/components/cachehierarchies/chi/nodes/l1_cache.py.cc -> .pyo
 [EMBED PY] src/dev/pci/PciUpstream.py -> build_Intel_8592/dev/pci/PciUpstream.py.cc
 [EMBED PY] src/python/gem5/components/boards/riscv_board.py -> build_Intel_8592/python/gem5/components/boards/riscv_board.py.cc
 [ TRACING]  -> build_Intel_8592/debug/MinorCPU.cc
 [     CXX] build_Intel_8592/debug/NoncoherentXBar.cc -> .o
 [ TRACING]  -> build_Intel_8592/debug/KvmTimer.cc
 [     CXX] build_Intel_8592/dev/pci/PciUpstream.py.cc -> .pyo
 [     CXX] build_Intel_8592/python/gem5/components/boards/riscv_board.py.cc -> .pyo
 [EMBED PY] src/mem/ruby/network/MessageBuffer.py -> build_Intel_8592/mem/ruby/network/MessageBuffer.py.cc
 [EMBED PY] src/python/gem5/components/cachehierarchies/abstract_cache_hierarchy.py -> build_Intel_8592/python/gem5/components/cachehierarchies/abstract_cache_hierarchy.py.cc
 [     CXX] build_Intel_8592/mem/ruby/network/MessageBuffer.py.cc -> .pyo
 [     CXX] build_Intel_8592/python/gem5/components/cachehierarchies/abstract_cache_hierarchy.py.cc -> .pyo
 [     CXX] build_Intel_8592/mem/ruby/network/MessageBuffer.py.cc -> .o
 [ TRACING]  -> build_Intel_8592/debug/RubyTest.hh
 [EMBED PY] src/python/gem5/components/devices/gpus/viper_shader.py -> build_Intel_8592/python/gem5/components/devices/gpus/viper_shader.py.cc
 [ TRACING]  -> build_Intel_8592/debug/RubySystem.hh
 [     CXX] build_Intel_8592/debug/RubyTest.cc -> .o
 [     CXX] build_Intel_8592/python/gem5/components/devices/gpus/viper_shader.py.cc -> .pyo
 [EMBED PY] src/python/gem5/components/cachehierarchies/ruby/caches/viper/__init__.py -> build_Intel_8592/python/gem5/components/cachehierarchies/ruby/caches/viper/__init__.py.cc
 [     CXX] build_Intel_8592/debug/RubySystem.cc -> .o
 [EMBED PY] src/python/gem5/resources/client.py -> build_Intel_8592/python/gem5/resources/client.py.cc
 [     CXX] build_Intel_8592/python/gem5/components/cachehierarchies/ruby/caches/viper/__init__.py.cc -> .pyo
 [EMBED PY] src/dev/x86/I8042.py -> build_Intel_8592/dev/x86/I8042.py.cc
 [     CXX] build_Intel_8592/python/gem5/resources/client.py.cc -> .pyo
 [EMBED PY] src/python/m5/util/dot_writer_ruby.py -> build_Intel_8592/python/m5/util/dot_writer_ruby.py.cc
 [     CXX] build_Intel_8592/dev/x86/I8042.py.cc -> .pyo
 [EMBED PY] src/python/gem5/prebuilt/demo/arm_demo_board.py -> build_Intel_8592/python/gem5/prebuilt/demo/arm_demo_board.py.cc
 [     CXX] build_Intel_8592/python/m5/util/dot_writer_ruby.py.cc -> .pyo
 [ TRACING]  -> build_Intel_8592/debug/PartitionPolicy.cc
 [     CXX] build_Intel_8592/python/gem5/prebuilt/demo/arm_demo_board.py.cc -> .pyo
 [EMBED PY] src/cpu/kvm/KvmVM.py -> build_Intel_8592/cpu/kvm/KvmVM.py.cc
 [     CXX] build_Intel_8592/cpu/kvm/KvmVM.py.cc -> .pyo
 [     CXX] build_Intel_8592/cpu/kvm/KvmVM.py.cc -> .o
 [EMBED PY] src/python/gem5/components/processors/simple_processor.py -> build_Intel_8592/python/gem5/components/processors/simple_processor.py.cc
 [ TRACING]  -> build_Intel_8592/debug/HMCController.cc
 [EMBED PY] src/learning_gem5/part2/SimpleMemobj.py -> build_Intel_8592/learning_gem5/part2/SimpleMemobj.py.cc
 [ TRACING]  -> build_Intel_8592/debug/MinorCPU.hh
 [     CXX] build_Intel_8592/python/gem5/components/processors/simple_processor.py.cc -> .pyo
 [     CXX] build_Intel_8592/learning_gem5/part2/SimpleMemobj.py.cc -> .pyo
 [EMBED PY] src/mem/SimpleMemory.py -> build_Intel_8592/mem/SimpleMemory.py.cc
 [ TRACING]  -> build_Intel_8592/debug/KvmTimer.hh
 [     CXX] build_Intel_8592/debug/Minor.cc -> .o
 [     CXX] build_Intel_8592/debug/MinorCPU.cc -> .o
 [     CXX] build_Intel_8592/mem/SimpleMemory.py.cc -> .pyo
 [     CXX] build_Intel_8592/mem/SimpleMemory.py.cc -> .o
 [EMBED PY] src/python/gem5/components/memory/dram_interfaces/ddr5.py -> build_Intel_8592/python/gem5/components/memory/dram_interfaces/ddr5.py.cc
 [     CXX] build_Intel_8592/debug/KvmTimer.cc -> .o
 [     CXX] src/cpu/kvm/timer.cc -> build_Intel_8592/cpu/kvm/timer.o
 [     CXX] build_Intel_8592/python/gem5/components/memory/dram_interfaces/ddr5.py.cc -> .pyo
 [EMBED PY] src/python/m5/util/attrdict.py -> build_Intel_8592/python/m5/util/attrdict.py.cc
 [     CXX] build_Intel_8592/python/m5/util/attrdict.py.cc -> .pyo
 [EMBED PY] src/systemc/tlm_bridge/TlmBridge.py -> build_Intel_8592/systemc/tlm_bridge/TlmBridge.py.cc
 [     CXX] build_Intel_8592/systemc/tlm_bridge/TlmBridge.py.cc -> .pyo
 [EMBED PY] src/python/gem5/utils/multiprocessing/popen_spawn_gem5.py -> build_Intel_8592/python/gem5/utils/multiprocessing/popen_spawn_gem5.py.cc
 [EMBED PY] src/python/gem5/components/processors/abstract_core.py -> build_Intel_8592/python/gem5/components/processors/abstract_core.py.cc
 [     CXX] build_Intel_8592/python/gem5/utils/multiprocessing/popen_spawn_gem5.py.cc -> .pyo
 [     CXX] build_Intel_8592/python/gem5/components/processors/abstract_core.py.cc -> .pyo
 [ TRACING]  -> build_Intel_8592/debug/ExecCPSeq.cc
 [ TRACING]  -> build_Intel_8592/debug/AnnotateQ.cc
 [EMBED PY] src/arch/generic/BaseInterrupts.py -> build_Intel_8592/arch/generic/BaseInterrupts.py.cc
 [ TRACING]  -> build_Intel_8592/debug/PartitionPolicy.hh
 [EMBED PY] src/sim/probe/Probe.py -> build_Intel_8592/sim/probe/Probe.py.cc
 [     CXX] build_Intel_8592/debug/ExecCPSeq.cc -> .o
 [     CXX] build_Intel_8592/arch/generic/BaseInterrupts.py.cc -> .pyo
 [ TRACING]  -> build_Intel_8592/debug/AnnotateQ.hh
 [     CXX] build_Intel_8592/sim/probe/Probe.py.cc -> .pyo
 [EMBED PY] src/dev/pci/CopyEngine.py -> build_Intel_8592/dev/pci/CopyEngine.py.cc
 [     CXX] build_Intel_8592/debug/PartitionPolicy.cc -> .o
 [     CXX] build_Intel_8592/debug/AnnotateQ.cc -> .o
 [     CXX] build_Intel_8592/dev/pci/CopyEngine.py.cc -> .pyo
 [ TRACING]  -> build_Intel_8592/debug/CFI.cc
 [ TRACING]  -> build_Intel_8592/debug/HMCController.hh
 [ TRACING]  -> build_Intel_8592/debug/ExecThread.cc
 [EMBED PY] src/arch/x86/X86LocalApic.py -> build_Intel_8592/arch/x86/X86LocalApic.py.cc
 [     CXX] build_Intel_8592/debug/HMCController.cc -> .o
 [     CXX] build_Intel_8592/debug/ExecThread.cc -> .o
 [     CXX] build_Intel_8592/arch/x86/X86LocalApic.py.cc -> .pyo
 [EMBED PY] src/mem/ruby/network/garnet/GarnetLink.py -> build_Intel_8592/mem/ruby/network/garnet/GarnetLink.py.cc
 [     CXX] build_Intel_8592/mem/ruby/network/garnet/GarnetLink.py.cc -> .o
 [     CXX] build_Intel_8592/mem/ruby/network/garnet/GarnetLink.py.cc -> .pyo
 [EMBED PY] src/dev/storage/SimpleDisk.py -> build_Intel_8592/dev/storage/SimpleDisk.py.cc
 [EMBED PY] src/python/gem5/simulate/__init__.py -> build_Intel_8592/python/gem5/simulate/__init__.py.cc
 [     CXX] build_Intel_8592/dev/storage/SimpleDisk.py.cc -> .pyo
 [     CXX] build_Intel_8592/python/gem5/simulate/__init__.py.cc -> .pyo
 [ TRACING]  -> build_Intel_8592/debug/QOS.cc
 [EMBED PY] src/dev/i2c/I2C.py -> build_Intel_8592/dev/i2c/I2C.py.cc
 [ TRACING]  -> build_Intel_8592/debug/CFI.hh
 [ TRACING]  -> build_Intel_8592/debug/MemDepUnit.cc
 [EMBED PY] src/python/m5/ext/pyfdt/pyfdt.py -> build_Intel_8592/python/m5/ext/pyfdt/pyfdt.py.cc
 [     CXX] build_Intel_8592/dev/i2c/I2C.py.cc -> .pyo
 [EMBED PY] src/cpu/simple/BaseTimingSimpleCPU.py -> build_Intel_8592/cpu/simple/BaseTimingSimpleCPU.py.cc
 [EMBED PY] src/cpu/testers/traffic_gen/BaseTrafficGen.py -> build_Intel_8592/cpu/testers/traffic_gen/BaseTrafficGen.py.cc
 [     CXX] build_Intel_8592/debug/CFI.cc -> .o
 [EMBED PY] src/cpu/simple/probes/LooppointAnalysis.py -> build_Intel_8592/cpu/simple/probes/LooppointAnalysis.py.cc
 [ TRACING]  -> build_Intel_8592/debug/KvmRun.cc
 [     CXX] build_Intel_8592/python/m5/ext/pyfdt/pyfdt.py.cc -> .pyo
 [     CXX] build_Intel_8592/cpu/simple/BaseTimingSimpleCPU.py.cc -> .pyo
 [     CXX] build_Intel_8592/cpu/testers/traffic_gen/BaseTrafficGen.py.cc -> .o
 [     CXX] build_Intel_8592/cpu/simple/probes/LooppointAnalysis.py.cc -> .pyo
 [     CXX] build_Intel_8592/cpu/simple/probes/LooppointAnalysis.py.cc -> .o
 [     CXX] build_Intel_8592/cpu/testers/traffic_gen/BaseTrafficGen.py.cc -> .pyo
 [     CXX] build_Intel_8592/cpu/simple/BaseTimingSimpleCPU.py.cc -> .o
 [EMBED PY] src/python/gem5/components/cachehierarchies/ruby/caches/mesi_three_level/l2_cache.py -> build_Intel_8592/python/gem5/components/cachehierarchies/ruby/caches/mesi_three_level/l2_cache.py.cc
 [EMBED PY] src/python/gem5/components/cachehierarchies/ruby/mesi_three_level_cache_hierarchy.py -> build_Intel_8592/python/gem5/components/cachehierarchies/ruby/mesi_three_level_cache_hierarchy.py.cc
 [     CXX] build_Intel_8592/python/gem5/components/cachehierarchies/ruby/caches/mesi_three_level/l2_cache.py.cc -> .pyo
 [EMBED PY] src/python/gem5/gem5_default_config.py -> build_Intel_8592/python/gem5/gem5_default_config.py.cc
 [     CXX] build_Intel_8592/python/gem5/components/cachehierarchies/ruby/mesi_three_level_cache_hierarchy.py.cc -> .pyo
 [ TRACING]  -> build_Intel_8592/debug/QOS.hh
 [     CXX] build_Intel_8592/python/gem5/gem5_default_config.py.cc -> .pyo
 [EMBED PY] src/python/gem5/components/processors/strided_generator.py -> build_Intel_8592/python/gem5/components/processors/strided_generator.py.cc
 [ TRACING]  -> build_Intel_8592/debug/Context.cc
 [EMBED PY] src/python/gem5/components/cachehierarchies/chi/nodes/dma_requestor.py -> build_Intel_8592/python/gem5/components/cachehierarchies/chi/nodes/dma_requestor.py.cc
 [     CXX] build_Intel_8592/debug/QOS.cc -> .o
 [     CXX] build_Intel_8592/python/gem5/components/processors/strided_generator.py.cc -> .pyo
 [     CXX] build_Intel_8592/python/gem5/components/cachehierarchies/chi/nodes/dma_requestor.py.cc -> .pyo
 [     CXX] build_Intel_8592/debug/Context.cc -> .o
 [ TRACING]  -> build_Intel_8592/debug/HWPrefetchQueue.cc
 [ TRACING]  -> build_Intel_8592/debug/DRAMsim3.cc
 [ TRACING]  -> build_Intel_8592/debug/MemDepUnit.hh
 [EMBED PY] src/python/gem5/components/boards/mem_mode.py -> build_Intel_8592/python/gem5/components/boards/mem_mode.py.cc
 [EMBED PY] src/mem/SerialLink.py -> build_Intel_8592/mem/SerialLink.py.cc
 [ TRACING]  -> build_Intel_8592/debug/DRAMsim3.hh
 [     CXX] build_Intel_8592/python/gem5/components/boards/mem_mode.py.cc -> .pyo
 [     CXX] build_Intel_8592/mem/SerialLink.py.cc -> .o
 [     CXX] build_Intel_8592/debug/MemDepUnit.cc -> .o
 [     CXX] build_Intel_8592/mem/SerialLink.py.cc -> .pyo
 [ TRACING]  -> build_Intel_8592/debug/KvmRun.hh
 [EMBED PY] src/mem/DRAMInterface.py -> build_Intel_8592/mem/DRAMInterface.py.cc
 [     CXX] build_Intel_8592/debug/DRAMsim3.cc -> .o
 [EMBED PY] src/python/gem5/components/cachehierarchies/__init__.py -> build_Intel_8592/python/gem5/components/cachehierarchies/__init__.py.cc
 [     CXX] build_Intel_8592/debug/KvmRun.cc -> .o
 [     CXX] build_Intel_8592/mem/DRAMInterface.py.cc -> .pyo
 [     CXX] build_Intel_8592/mem/DRAMInterface.py.cc -> .o
 [     CXX] build_Intel_8592/python/gem5/components/cachehierarchies/__init__.py.cc -> .pyo
 [EMBED PY] src/python/gem5/components/devices/gpus/amdgpu.py -> build_Intel_8592/python/gem5/components/devices/gpus/amdgpu.py.cc
 [ TRACING]  -> build_Intel_8592/debug/ExecEnable.cc
 [     CXX] build_Intel_8592/python/gem5/components/devices/gpus/amdgpu.py.cc -> .pyo
 [ TRACING]  -> build_Intel_8592/debug/Activity.hh
 [EMBED PY] src/sim/PowerState.py -> build_Intel_8592/sim/PowerState.py.cc
 [ TRACING]  -> build_Intel_8592/debug/Annotate.cc
 [     CXX] build_Intel_8592/sim/PowerState.py.cc -> .pyo
 [     CXX] src/cpu/activity.cc -> build_Intel_8592/cpu/activity.o
 [ TRACING]  -> build_Intel_8592/debug/MemTest.cc
 [ TRACING]  -> build_Intel_8592/debug/Annotate.hh
 [EMBED PY] src/python/gem5/resources/__init__.py -> build_Intel_8592/python/gem5/resources/__init__.py.cc
 [EMBED PY] src/python/m5/util/dot_writer.py -> build_Intel_8592/python/m5/util/dot_writer.py.cc
 [     CXX] build_Intel_8592/python/gem5/resources/__init__.py.cc -> .pyo
 [EMBED PY] src/python/gem5/prebuilt/demo/riscv_demo_board.py -> build_Intel_8592/python/gem5/prebuilt/demo/riscv_demo_board.py.cc
 [ TRACING]  -> build_Intel_8592/debug/HWPrefetchQueue.hh
 [     CXX] build_Intel_8592/debug/Annotate.cc -> .o
 [ TRACING]  -> build_Intel_8592/debug/CoherentXBar.cc
 [     CXX] build_Intel_8592/python/m5/util/dot_writer.py.cc -> .pyo
 [     CXX] build_Intel_8592/python/gem5/prebuilt/demo/riscv_demo_board.py.cc -> .pyo
 [     CXX] build_Intel_8592/debug/HWPrefetchQueue.cc -> .o
 [EMBED PY] src/learning_gem5/part2/HelloObject.py -> build_Intel_8592/learning_gem5/part2/HelloObject.py.cc
 [EMBED PY] src/python/gem5/components/cachehierarchies/classic/private_l1_shared_l2_walk_cache_hierarchy.py -> build_Intel_8592/python/gem5/components/cachehierarchies/classic/private_l1_shared_l2_walk_cache_hierarchy.py.cc
 [EMBED PY] src/arch/x86/X86MMU.py -> build_Intel_8592/arch/x86/X86MMU.py.cc
 [EMBED PY] src/python/gem5/components/memory/dram_interfaces/ddr4.py -> build_Intel_8592/python/gem5/components/memory/dram_interfaces/ddr4.py.cc
 [     CXX] build_Intel_8592/learning_gem5/part2/HelloObject.py.cc -> .pyo
 [EMBED PY] src/python/m5/util/__init__.py -> build_Intel_8592/python/m5/util/__init__.py.cc
 [     CXX] build_Intel_8592/python/gem5/components/cachehierarchies/classic/private_l1_shared_l2_walk_cache_hierarchy.py.cc -> .pyo
 [EMBED PY] src/python/gem5/utils/multiprocessing/context.py -> build_Intel_8592/python/gem5/utils/multiprocessing/context.py.cc
 [     CXX] build_Intel_8592/arch/x86/X86MMU.py.cc -> .pyo
 [EMBED PY] src/python/gem5/components/processors/__init__.py -> build_Intel_8592/python/gem5/components/processors/__init__.py.cc
 [     CXX] build_Intel_8592/python/gem5/components/memory/dram_interfaces/ddr4.py.cc -> .pyo
 [ TRACING]  -> build_Intel_8592/debug/ExecEnable.hh
 [     CXX] build_Intel_8592/python/m5/util/__init__.py.cc -> .pyo
 [     CXX] build_Intel_8592/python/gem5/utils/multiprocessing/context.py.cc -> .pyo
 [     CXX] build_Intel_8592/python/gem5/components/processors/__init__.py.cc -> .pyo
 [ TRACING]  -> build_Intel_8592/debug/MemCheckerMonitor.cc
 [     CXX] build_Intel_8592/debug/ExecEnable.cc -> .o
 [     CXX] build_Intel_8592/debug/ExecAll.cc -> .o
 [     CXX] build_Intel_8592/debug/Exec.cc -> .o
 [ TRACING]  -> build_Intel_8592/debug/MemTest.hh
 [EMBED PY] src/mem/SysBridge.py -> build_Intel_8592/mem/SysBridge.py.cc
 [     CXX] build_Intel_8592/mem/SysBridge.py.cc -> .o
 [     CXX] build_Intel_8592/mem/SysBridge.py.cc -> .pyo
 [     CXX] build_Intel_8592/debug/MemTest.cc -> .o
 [ TRACING]  -> build_Intel_8592/debug/FmtTicksOff.cc
 [ TRACING]  -> build_Intel_8592/debug/CoherentXBar.hh
 [EMBED PY] src/systemc/Tlm.py -> build_Intel_8592/systemc/Tlm.py.cc
 [ TRACING]  -> build_Intel_8592/debug/LSQUnit.cc
 [ TRACING]  -> build_Intel_8592/debug/KvmInt.cc
 [     CXX] build_Intel_8592/debug/CoherentXBar.cc -> .o
 [     CXX] build_Intel_8592/systemc/Tlm.py.cc -> .pyo
 [     CXX] build_Intel_8592/debug/XBar.cc -> .o
 [EMBED PY] src/cpu/DummyChecker.py -> build_Intel_8592/cpu/DummyChecker.py.cc
 [ TRACING]  -> build_Intel_8592/debug/MemCheckerMonitor.hh
 [     CXX] build_Intel_8592/debug/KvmInt.cc -> .o
 [     CXX] build_Intel_8592/cpu/DummyChecker.py.cc -> .pyo
 [     CXX] build_Intel_8592/debug/MemCheckerMonitor.cc -> .o
 [     CXX] build_Intel_8592/cpu/DummyChecker.py.cc -> .o
 [EMBED PY] src/python/gem5/components/cachehierarchies/ruby/caches/mi_example/l1_cache.py -> build_Intel_8592/python/gem5/components/cachehierarchies/ruby/caches/mi_example/l1_cache.py.cc
 [ TRACING]  -> build_Intel_8592/debug/FmtTicksOff.hh
 [     CXX] build_Intel_8592/python/gem5/components/cachehierarchies/ruby/caches/mi_example/l1_cache.py.cc -> .pyo
 [ TRACING]  -> build_Intel_8592/debug/MSHR.cc
 [     CXX] build_Intel_8592/debug/FmtTicksOff.cc -> .o
 [     CXX] build_Intel_8592/debug/ExecNoTicks.cc -> .o
 [ TRACING]  -> build_Intel_8592/debug/DRAMSim2.cc
 [ TRACING]  -> build_Intel_8592/debug/LSQUnit.hh
 [EMBED PY] src/sim/SignalPort.py -> build_Intel_8592/sim/SignalPort.py.cc
 [ TRACING]  -> build_Intel_8592/debug/DRAMSim2.hh
 [     CXX] build_Intel_8592/debug/LSQUnit.cc -> .o
 [EMBED PY] src/python/gem5/components/cachehierarchies/ruby/caches/mesi_three_level/l1_cache.py -> build_Intel_8592/python/gem5/components/cachehierarchies/ruby/caches/mesi_three_level/l1_cache.py.cc
 [     CXX] build_Intel_8592/sim/SignalPort.py.cc -> .pyo
 [EMBED PY] src/cpu/simple/BaseAtomicSimpleCPU.py -> build_Intel_8592/cpu/simple/BaseAtomicSimpleCPU.py.cc
 [     CXX] build_Intel_8592/debug/DRAMSim2.cc -> .o
 [     CXX] build_Intel_8592/python/gem5/components/cachehierarchies/ruby/caches/mesi_three_level/l1_cache.py.cc -> .pyo
 [EMBED PY] src/python/gem5/components/cachehierarchies/ruby/mesi_two_level_cache_hierarchy.py -> build_Intel_8592/python/gem5/components/cachehierarchies/ruby/mesi_two_level_cache_hierarchy.py.cc
 [EMBED PY] src/python/gem5/resources/client_api/client_query.py -> build_Intel_8592/python/gem5/resources/client_api/client_query.py.cc
 [EMBED PY] src/python/gem5/components/processors/strided_generator_core.py -> build_Intel_8592/python/gem5/components/processors/strided_generator_core.py.cc
 [     CXX] build_Intel_8592/cpu/simple/BaseAtomicSimpleCPU.py.cc -> .pyo
 [     CXX] build_Intel_8592/python/gem5/resources/client_api/client_query.py.cc -> .pyo
 [     CXX] build_Intel_8592/python/gem5/components/cachehierarchies/ruby/mesi_two_level_cache_hierarchy.py.cc -> .pyo
 [     CXX] build_Intel_8592/cpu/simple/BaseAtomicSimpleCPU.py.cc -> .o
 [     CXX] build_Intel_8592/python/gem5/components/processors/strided_generator_core.py.cc -> .pyo
 [EMBED PY] src/python/gem5/components/cachehierarchies/chi/nodes/directory.py -> build_Intel_8592/python/gem5/components/cachehierarchies/chi/nodes/directory.py.cc
 [EMBED PY] src/sim/RedirectPath.py -> build_Intel_8592/sim/RedirectPath.py.cc
 [     CXX] build_Intel_8592/python/gem5/components/cachehierarchies/chi/nodes/directory.py.cc -> .pyo
 [ TRACING]  -> build_Intel_8592/debug/MSHR.hh
 [     CXX] build_Intel_8592/sim/RedirectPath.py.cc -> .pyo
 [ TRACING]  -> build_Intel_8592/debug/BaseXBar.cc
 [     CXX] build_Intel_8592/debug/MSHR.cc -> .o
 [EMBED PY] src/python/gem5/components/boards/abstract_system_board.py -> build_Intel_8592/python/gem5/components/boards/abstract_system_board.py.cc
 [EMBED PY] src/python/gem5/components/devices/gpus/__init__.py -> build_Intel_8592/python/gem5/components/devices/gpus/__init__.py.cc
 [     CXX] build_Intel_8592/debug/BaseXBar.cc -> .o
 [ TRACING]  -> build_Intel_8592/debug/MemChecker.cc
 [     CXX] build_Intel_8592/python/gem5/components/boards/abstract_system_board.py.cc -> .pyo
 [     CXX] build_Intel_8592/python/gem5/components/devices/gpus/__init__.py.cc -> .pyo
 [ TRACING]  -> build_Intel_8592/debug/FmtStackTrace.cc
 [EMBED PY] src/python/gem5/components/processors/linear_generator_core.py -> build_Intel_8592/python/gem5/components/processors/linear_generator_core.py.cc
 [EMBED PY] src/python/gem5/prebuilt/demo/x86_demo_board.py -> build_Intel_8592/python/gem5/prebuilt/demo/x86_demo_board.py.cc
 [ TRACING]  -> build_Intel_8592/debug/GarnetSyntheticTraffic.cc
 [     CXX] build_Intel_8592/python/gem5/components/processors/linear_generator_core.py.cc -> .pyo
 [     CXX] build_Intel_8592/python/gem5/prebuilt/demo/x86_demo_board.py.cc -> .pyo
 [ TRACING]  -> build_Intel_8592/debug/LSQ.cc
 [EMBED PY] src/python/gem5/components/cachehierarchies/classic/private_l1_shared_l2_cache_hierarchy.py -> build_Intel_8592/python/gem5/components/cachehierarchies/classic/private_l1_shared_l2_cache_hierarchy.py.cc
 [EMBED PY] src/mem/ruby/network/BasicRouter.py -> build_Intel_8592/mem/ruby/network/BasicRouter.py.cc
 [     CXX] build_Intel_8592/python/gem5/components/cachehierarchies/classic/private_l1_shared_l2_cache_hierarchy.py.cc -> .pyo
 [     CXX] build_Intel_8592/mem/ruby/network/BasicRouter.py.cc -> .o
 [     CXX] build_Intel_8592/mem/ruby/network/BasicRouter.py.cc -> .pyo
 [EMBED PY] src/python/gem5/components/memory/dram_interfaces/ddr3.py -> build_Intel_8592/python/gem5/components/memory/dram_interfaces/ddr3.py.cc
 [EMBED PY] src/arch/x86/X86FsWorkload.py -> build_Intel_8592/arch/x86/X86FsWorkload.py.cc
 [EMBED PY] src/cpu/CPUTracers.py -> build_Intel_8592/cpu/CPUTracers.py.cc
 [EMBED PY] src/python/gem5/utils/multiprocessing/_command_line.py -> build_Intel_8592/python/gem5/utils/multiprocessing/_command_line.py.cc
 [ TRACING]  -> build_Intel_8592/debug/MemChecker.hh
 [     CXX] build_Intel_8592/python/gem5/components/memory/dram_interfaces/ddr3.py.cc -> .pyo
 [     CXX] build_Intel_8592/arch/x86/X86FsWorkload.py.cc -> .pyo
 [EMBED PY] src/mem/ruby/structures/RubyCache.py -> build_Intel_8592/mem/ruby/structures/RubyCache.py.cc
 [     CXX] build_Intel_8592/cpu/CPUTracers.py.cc -> .o
 [     CXX] build_Intel_8592/python/gem5/utils/multiprocessing/_command_line.py.cc -> .pyo
 [     CXX] build_Intel_8592/debug/MemChecker.cc -> .o
 [     CXX] build_Intel_8592/mem/ruby/structures/RubyCache.py.cc -> .pyo
 [     CXX] build_Intel_8592/mem/ruby/structures/RubyCache.py.cc -> .o
 [     CXX] build_Intel_8592/cpu/CPUTracers.py.cc -> .pyo
 [EMBED PY] src/python/gem5/runtime.py -> build_Intel_8592/python/gem5/runtime.py.cc
 [ TRACING]  -> build_Intel_8592/debug/FmtStackTrace.hh
 [     CXX] build_Intel_8592/python/gem5/runtime.py.cc -> .pyo
 [ TRACING]  -> build_Intel_8592/debug/HWPrefetch.cc
 [     CXX] build_Intel_8592/debug/FmtStackTrace.cc -> .o
 [EMBED PY] src/arch/generic/BaseTLB.py -> build_Intel_8592/arch/generic/BaseTLB.py.cc
 [ TRACING]  -> build_Intel_8592/debug/GarnetSyntheticTraffic.hh
 [     CXX] build_Intel_8592/arch/generic/BaseTLB.py.cc -> .pyo
 [EMBED PY] src/mem/probes/MemFootprintProbe.py -> build_Intel_8592/mem/probes/MemFootprintProbe.py.cc
 [     CXX] build_Intel_8592/debug/GarnetSyntheticTraffic.cc -> .o
 [ TRACING]  -> build_Intel_8592/debug/StackDist.cc
 [EMBED PY] src/cpu/testers/memtest/MemTest.py -> build_Intel_8592/cpu/testers/memtest/MemTest.py.cc
 [     CXX] build_Intel_8592/mem/probes/MemFootprintProbe.py.cc -> .pyo
 [     CXX] build_Intel_8592/mem/probes/MemFootprintProbe.py.cc -> .o
 [     CXX] build_Intel_8592/cpu/testers/memtest/MemTest.py.cc -> .pyo
 [     CXX] build_Intel_8592/cpu/testers/memtest/MemTest.py.cc -> .o
 [EMBED PY] src/python/gem5/components/processors/base_cpu_core.py -> build_Intel_8592/python/gem5/components/processors/base_cpu_core.py.cc
 [     CXX] build_Intel_8592/python/gem5/components/processors/base_cpu_core.py.cc -> .pyo
 [ TRACING]  -> build_Intel_8592/debug/LSQ.hh
 [ TRACING]  -> build_Intel_8592/debug/RubyCache.hh
 [EMBED PY] src/arch/x86/X86TLB.py -> build_Intel_8592/arch/x86/X86TLB.py.cc
 [EMBED PY] src/mem/SharedMemoryServer.py -> build_Intel_8592/mem/SharedMemoryServer.py.cc
 [     CXX] build_Intel_8592/debug/LSQ.cc -> .o
 [     CXX] build_Intel_8592/arch/x86/X86TLB.py.cc -> .pyo
 [EMBED PY] src/mem/ruby/structures/WireBuffer.py -> build_Intel_8592/mem/ruby/structures/WireBuffer.py.cc
 [     CXX] build_Intel_8592/debug/RubyCache.cc -> .o
 [     CXX] build_Intel_8592/mem/SharedMemoryServer.py.cc -> .o
 [     CXX] build_Intel_8592/mem/SharedMemoryServer.py.cc -> .pyo
 [     CXX] build_Intel_8592/mem/ruby/structures/WireBuffer.py.cc -> .pyo
 [     CXX] build_Intel_8592/mem/ruby/structures/WireBuffer.py.cc -> .o
 [EMBED PY] src/python/gem5/components/boards/se_binary_workload.py -> build_Intel_8592/python/gem5/components/boards/se_binary_workload.py.cc
 [EMBED PY] src/python/gem5/components/cachehierarchies/ruby/caches/mi_example/dma_controller.py -> build_Intel_8592/python/gem5/components/cachehierarchies/ruby/caches/mi_example/dma_controller.py.cc
 [     CXX] build_Intel_8592/python/gem5/components/boards/se_binary_workload.py.cc -> .pyo
 [EMBED PY] src/python/gem5/prebuilt/viper/viper_network.py -> build_Intel_8592/python/gem5/prebuilt/viper/viper_network.py.cc
 [EMBED PY] src/mem/ruby/protocol/chi/generic/CHIGeneric.py -> build_Intel_8592/mem/ruby/protocol/chi/generic/CHIGeneric.py.cc
 [ TRACING]  -> build_Intel_8592/debug/HWPrefetch.hh
 [     CXX] build_Intel_8592/python/gem5/components/cachehierarchies/ruby/caches/mi_example/dma_controller.py.cc -> .pyo
 [     CXX] build_Intel_8592/python/gem5/prebuilt/viper/viper_network.py.cc -> .pyo
 [ TRACING]  -> build_Intel_8592/debug/AddrRanges.cc
 [     CXX] build_Intel_8592/mem/ruby/protocol/chi/generic/CHIGeneric.py.cc -> .o
 [     CXX] build_Intel_8592/mem/ruby/protocol/chi/generic/CHIGeneric.py.cc -> .pyo
 [     CXX] build_Intel_8592/debug/HWPrefetch.cc -> .o
 [ TRACING]  -> build_Intel_8592/debug/StackDist.hh
 [EMBED PY] src/mem/probes/BaseMemProbe.py -> build_Intel_8592/mem/probes/BaseMemProbe.py.cc
 [EMBED PY] src/python/m5/stats/gem5stats.py -> build_Intel_8592/python/m5/stats/gem5stats.py.cc
 [ TRACING]  -> build_Intel_8592/debug/Mwait.cc
 [ TRACING]  -> build_Intel_8592/debug/RubySlicc.cc
 [     CXX] src/mem/stack_dist_calc.cc -> build_Intel_8592/mem/stack_dist_calc.o
 [     CXX] build_Intel_8592/mem/probes/BaseMemProbe.py.cc -> .pyo
 [     CXX] build_Intel_8592/python/m5/stats/gem5stats.py.cc -> .pyo
 [     CXX] build_Intel_8592/mem/probes/BaseMemProbe.py.cc -> .o
 [     CXX] build_Intel_8592/debug/StackDist.cc -> .o
 [EMBED PY] src/python/m5/stats/__init__.py -> build_Intel_8592/python/m5/stats/__init__.py.cc
 [EMBED PY] src/python/gem5/components/cachehierarchies/ruby/caches/mesi_three_level/dma_controller.py -> build_Intel_8592/python/gem5/components/cachehierarchies/ruby/caches/mesi_three_level/dma_controller.py.cc
 [     CXX] build_Intel_8592/python/gem5/components/cachehierarchies/ruby/caches/mesi_three_level/dma_controller.py.cc -> .pyo
 [     CXX] build_Intel_8592/python/m5/stats/__init__.py.cc -> .pyo
 [EMBED PY] src/python/gem5/components/memory/dram_interfaces/wideio.py -> build_Intel_8592/python/gem5/components/memory/dram_interfaces/wideio.py.cc
 [EMBED PY] src/python/gem5/resources/client_api/abstract_client.py -> build_Intel_8592/python/gem5/resources/client_api/abstract_client.py.cc
 [ TRACING]  -> build_Intel_8592/debug/TokenPort.cc
 [     CXX] build_Intel_8592/python/gem5/components/memory/dram_interfaces/wideio.py.cc -> .pyo
 [     CXX] build_Intel_8592/python/gem5/resources/client_api/abstract_client.py.cc -> .pyo
 [EMBED PY] src/python/gem5/components/processors/linear_generator.py -> build_Intel_8592/python/gem5/components/processors/linear_generator.py.cc
 [EMBED PY] src/python/gem5/components/cachehierarchies/chi/nodes/abstract_node.py -> build_Intel_8592/python/gem5/components/cachehierarchies/chi/nodes/abstract_node.py.cc
 [ TRACING]  -> build_Intel_8592/debug/AddrRanges.hh
 [     CXX] build_Intel_8592/python/gem5/components/processors/linear_generator.py.cc -> .pyo
 [     CXX] build_Intel_8592/python/gem5/components/cachehierarchies/chi/nodes/abstract_node.py.cc -> .pyo
 [     CXX] build_Intel_8592/debug/AddrRanges.cc -> .o
 [ TRACING]  -> build_Intel_8592/debug/IQ.cc
 [EMBED PY] src/python/gem5/components/boards/abstract_board.py -> build_Intel_8592/python/gem5/components/boards/abstract_board.py.cc
 [ TRACING]  -> build_Intel_8592/debug/Mwait.hh
 [     CXX] build_Intel_8592/python/gem5/components/boards/abstract_board.py.cc -> .pyo
 [     CXX] build_Intel_8592/debug/Mwait.cc -> .o
 [EMBED PY] src/cpu/testers/spatter_gen/SpatterGen.py -> build_Intel_8592/cpu/testers/spatter_gen/SpatterGen.py.cc
 [EMBED PY] src/cpu/probes/InstTracker.py -> build_Intel_8592/cpu/probes/InstTracker.py.cc
 [     CXX] build_Intel_8592/cpu/testers/spatter_gen/SpatterGen.py.cc -> .pyo
 [     CXX] build_Intel_8592/cpu/testers/spatter_gen/SpatterGen.py.cc -> .o
 [     CXX] build_Intel_8592/cpu/probes/InstTracker.py.cc -> .pyo
 [     CXX] build_Intel_8592/cpu/probes/InstTracker.py.cc -> .o
 [EMBED PY] src/sst/OutgoingRequestBridge.py -> build_Intel_8592/sst/OutgoingRequestBridge.py.cc
 [EMBED PY] src/dev/x86/I8259.py -> build_Intel_8592/dev/x86/I8259.py.cc
 [ TRACING]  -> build_Intel_8592/debug/RubySlicc.hh
 [     CXX] build_Intel_8592/sst/OutgoingRequestBridge.py.cc -> .pyo
 [     CXX] build_Intel_8592/dev/x86/I8259.py.cc -> .pyo
 [     CXX] build_Intel_8592/sst/OutgoingRequestBridge.py.cc -> .o
 [     CXX] build_Intel_8592/debug/RubySlicc.cc -> .o
 [EMBED PY] src/arch/x86/bios/ACPI.py -> build_Intel_8592/arch/x86/bios/ACPI.py.cc
 [ TRACING]  -> build_Intel_8592/debug/TokenPort.hh
 [EMBED PY] src/arch/x86/bios/SMBios.py -> build_Intel_8592/arch/x86/bios/SMBios.py.cc
 [     CXX] build_Intel_8592/arch/x86/bios/ACPI.py.cc -> .pyo
 [     CXX] build_Intel_8592/debug/TokenPort.cc -> .o
 [     CXX] build_Intel_8592/arch/x86/bios/SMBios.py.cc -> .pyo
 [EMBED PY] src/dev/x86/PcSpeaker.py -> build_Intel_8592/dev/x86/PcSpeaker.py.cc
 [EMBED PY] src/python/gem5/prebuilt/demo/__init__.py -> build_Intel_8592/python/gem5/prebuilt/demo/__init__.py.cc
 [     CXX] build_Intel_8592/dev/x86/PcSpeaker.py.cc -> .pyo
 [     CXX] build_Intel_8592/python/gem5/prebuilt/demo/__init__.py.cc -> .pyo
 [EMBED PY] src/python/gem5/components/processors/gups_generator_par.py -> build_Intel_8592/python/gem5/components/processors/gups_generator_par.py.cc
 [ TRACING]  -> build_Intel_8592/debug/CacheVerbose.cc
 [     CXX] build_Intel_8592/python/gem5/components/processors/gups_generator_par.py.cc -> .pyo
 [ TRACING]  -> build_Intel_8592/debug/ResponsePort.cc
 [    INFO] COPYING, LICENSE, README.md -> build_Intel_8592/python/m5/info.py
 [EMBED PY] src/cpu/o3/SMT.py -> build_Intel_8592/cpu/o3/SMT.py.cc
 [EMBED PY] src/sim/power/PowerModel.py -> build_Intel_8592/sim/power/PowerModel.py.cc
 [ TRACING]  -> build_Intel_8592/debug/IQ.hh
 [EMBED PY] build_Intel_8592/python/m5/info.py -> .cc
 [EMBED PY] src/python/m5/proxy.py -> build_Intel_8592/python/m5/proxy.py.cc
 [EMBED PY] src/python/gem5/components/memory/dram_interfaces/__init__.py -> build_Intel_8592/python/gem5/components/memory/dram_interfaces/__init__.py.cc
 [     CXX] build_Intel_8592/cpu/o3/SMT.py.cc -> .o
 [     CXX] build_Intel_8592/sim/power/PowerModel.py.cc -> .pyo
 [     CXX] build_Intel_8592/python/m5/info.py.cc -> .pyo
 [     CXX] build_Intel_8592/cpu/o3/SMT.py.cc -> .pyo
 [     CXX] build_Intel_8592/python/m5/proxy.py.cc -> .pyo
 [     CXX] build_Intel_8592/debug/IQ.cc -> .o
 [EMBED PY] build_Intel_8592/mem/ruby/protocol/CHI/CHI_Cache_Controller.py -> .cc
 [EMBED PY] src/python/gem5/utils/multiprocessing/__init__.py -> build_Intel_8592/python/gem5/utils/multiprocessing/__init__.py.cc
 [     CXX] build_Intel_8592/python/gem5/components/memory/dram_interfaces/__init__.py.cc -> .pyo
 [ TRACING]  -> build_Intel_8592/debug/FmtFlag.cc
 [EMBED PY] src/dev/virtio/VirtIOBlock.py -> build_Intel_8592/dev/virtio/VirtIOBlock.py.cc
 [     CXX] build_Intel_8592/python/gem5/utils/multiprocessing/__init__.py.cc -> .pyo
 [     CXX] build_Intel_8592/mem/ruby/protocol/CHI/CHI_Cache_Controller.py.cc -> .pyo
 [     CXX] build_Intel_8592/mem/ruby/protocol/CHI/CHI_Cache_Controller.py.cc -> .o
 [     CXX] build_Intel_8592/dev/virtio/VirtIOBlock.py.cc -> .pyo
 [EMBED PY] src/mem/ruby/network/garnet/GarnetNetwork.py -> build_Intel_8592/mem/ruby/network/garnet/GarnetNetwork.py.cc
 [     CXX] build_Intel_8592/mem/ruby/network/garnet/GarnetNetwork.py.cc -> .pyo
 [     CXX] build_Intel_8592/mem/ruby/network/garnet/GarnetNetwork.py.cc -> .o
 [EMBED PY] src/python/gem5/isas.py -> build_Intel_8592/python/gem5/isas.py.cc
 [     CXX] build_Intel_8592/python/gem5/isas.py.cc -> .pyo
 [EMBED PY] src/python/m5/trace.py -> build_Intel_8592/python/m5/trace.py.cc
 [     CXX] build_Intel_8592/python/m5/trace.py.cc -> .pyo
 [ TRACING]  -> build_Intel_8592/debug/CacheVerbose.hh
 [ TRACING]  -> build_Intel_8592/debug/ResponsePort.hh
 [     CXX] build_Intel_8592/debug/CacheVerbose.cc -> .o
 [     CXX] build_Intel_8592/debug/ResponsePort.cc -> .o
 [EMBED PY] src/python/gem5/components/processors/simple_core.py -> build_Intel_8592/python/gem5/components/processors/simple_core.py.cc
 [     CXX] build_Intel_8592/python/gem5/components/processors/simple_core.py.cc -> .pyo
 [ TRACING]  -> build_Intel_8592/debug/Quiesce.cc
 [ TRACING]  -> build_Intel_8592/debug/RubySequencer.cc
 [EMBED PY] src/python/gem5/components/boards/kernel_disk_workload.py -> build_Intel_8592/python/gem5/components/boards/kernel_disk_workload.py.cc
 [ TRACING]  -> build_Intel_8592/debug/FmtFlag.hh
 [EMBED PY] src/python/gem5/components/devices/__init__.py -> build_Intel_8592/python/gem5/components/devices/__init__.py.cc
 [     CXX] build_Intel_8592/python/gem5/components/boards/kernel_disk_workload.py.cc -> .pyo
 [EMBED PY] src/python/gem5/components/cachehierarchies/ruby/caches/mi_example/directory.py -> build_Intel_8592/python/gem5/components/cachehierarchies/ruby/caches/mi_example/directory.py.cc
 [EMBED PY] src/python/gem5/prebuilt/viper/gpu_cache_hierarchy.py -> build_Intel_8592/python/gem5/prebuilt/viper/gpu_cache_hierarchy.py.cc
 [     CXX] build_Intel_8592/python/gem5/components/devices/__init__.py.cc -> .pyo
 [     CXX] src/base/trace.cc -> build_Intel_8592/base/trace.o
 [     CXX] build_Intel_8592/debug/FmtFlag.cc -> .o
 [EMBED PY] src/arch/x86/bios/E820.py -> build_Intel_8592/arch/x86/bios/E820.py.cc
 [     CXX] build_Intel_8592/python/gem5/components/cachehierarchies/ruby/caches/mi_example/directory.py.cc -> .pyo
 [     CXX] build_Intel_8592/python/gem5/prebuilt/viper/gpu_cache_hierarchy.py.cc -> .pyo
 [     CXX] build_Intel_8592/arch/x86/bios/E820.py.cc -> .pyo
 [ TRACING]  -> build_Intel_8592/debug/KvmContext.cc
 [ TRACING]  -> build_Intel_8592/debug/IEW.cc
 [EMBED PY] src/sim/ClockDomain.py -> build_Intel_8592/sim/ClockDomain.py.cc
 [     CXX] build_Intel_8592/debug/KvmContext.cc -> .o
 [EMBED PY] src/python/m5/ext/pystats/jsonloader.py -> build_Intel_8592/python/m5/ext/pystats/jsonloader.py.cc
 [     CXX] build_Intel_8592/sim/ClockDomain.py.cc -> .pyo
 [     CXX] build_Intel_8592/python/m5/ext/pystats/jsonloader.py.cc -> .pyo
 [ TRACING]  -> build_Intel_8592/debug/Quiesce.hh
 [ TRACING]  -> build_Intel_8592/debug/RubySequencer.hh
 [EMBED PY] src/python/gem5/components/cachehierarchies/ruby/caches/mesi_three_level/directory.py -> build_Intel_8592/python/gem5/components/cachehierarchies/ruby/caches/mesi_three_level/directory.py.cc
 [     CXX] build_Intel_8592/debug/Quiesce.cc -> .o
 [     CXX] build_Intel_8592/debug/RubySequencer.cc -> .o
 [EMBED PY] src/python/gem5/resources/client_api/azure_functions_client.py -> build_Intel_8592/python/gem5/resources/client_api/azure_functions_client.py.cc
 [     CXX] build_Intel_8592/python/gem5/components/cachehierarchies/ruby/caches/mesi_three_level/directory.py.cc -> .pyo
 [EMBED PY] src/python/gem5/components/cachehierarchies/classic/two_level_fdp_cache_hierarchy.py -> build_Intel_8592/python/gem5/components/cachehierarchies/classic/two_level_fdp_cache_hierarchy.py.cc
 [EMBED PY] src/python/gem5/components/cachehierarchies/chi/nodes/__init__.py -> build_Intel_8592/python/gem5/components/cachehierarchies/chi/nodes/__init__.py.cc
 [ TRACING]  -> build_Intel_8592/debug/CacheTags.cc
 [ TRACING]  -> build_Intel_8592/debug/PortTrace.cc
 [     CXX] build_Intel_8592/python/gem5/resources/client_api/azure_functions_client.py.cc -> .pyo
 [ TRACING]  -> build_Intel_8592/debug/IEW.hh
 [     CXX] build_Intel_8592/python/gem5/components/cachehierarchies/classic/two_level_fdp_cache_hierarchy.py.cc -> .pyo
 [     CXX] build_Intel_8592/python/gem5/components/cachehierarchies/chi/nodes/__init__.py.cc -> .pyo
 [EMBED PY] src/base/Graphics.py -> build_Intel_8592/base/Graphics.py.cc
 [EMBED PY] src/cpu/testers/rubytest/RubyTester.py -> build_Intel_8592/cpu/testers/rubytest/RubyTester.py.cc
 [     CXX] build_Intel_8592/base/Graphics.py.cc -> .pyo
 [     CXX] build_Intel_8592/debug/IEW.cc -> .o
 [     CXX] build_Intel_8592/base/Graphics.py.cc -> .o
 [     CXX] build_Intel_8592/cpu/testers/rubytest/RubyTester.py.cc -> .pyo
 [     CXX] build_Intel_8592/cpu/testers/rubytest/RubyTester.py.cc -> .o
 [EMBED PY] src/sim/PowerDomain.py -> build_Intel_8592/sim/PowerDomain.py.cc
 [ TRACING]  -> build_Intel_8592/debug/PcCountTracker.cc
 [ TRACING]  -> build_Intel_8592/debug/Stack.hh
 [     CXX] build_Intel_8592/sim/PowerDomain.py.cc -> .pyo
 [EMBED PY] src/dev/storage/Ide.py -> build_Intel_8592/dev/storage/Ide.py.cc
 [ TRACING]  -> build_Intel_8592/debug/AnnotateAll.cc
 [ TRACING]  -> build_Intel_8592/debug/Activity.cc
 [EMBED PY] src/dev/Platform.py -> build_Intel_8592/dev/Platform.py.cc
 [     CXX] build_Intel_8592/dev/storage/Ide.py.cc -> .pyo
 [EMBED PY] src/python/gem5/components/processors/gups_generator_ep.py -> build_Intel_8592/python/gem5/components/processors/gups_generator_ep.py.cc
 [     CXX] build_Intel_8592/dev/Platform.py.cc -> .pyo
 [ TRACING]  -> build_Intel_8592/debug/CacheTags.hh
 [     CXX] build_Intel_8592/debug/Activity.cc -> .o
 [ TRACING]  -> build_Intel_8592/debug/AnnotateAll.hh
 [     CXX] build_Intel_8592/python/gem5/components/processors/gups_generator_ep.py.cc -> .pyo
 [     CXX] build_Intel_8592/debug/CacheTags.cc -> .o
 [     CXX] build_Intel_8592/debug/AnnotateAll.cc -> .o
 [EMBED PY] src/dev/net/Ethernet.py -> build_Intel_8592/dev/net/Ethernet.py.cc
 [ TRACING]  -> build_Intel_8592/debug/PortTrace.hh
 [     CXX] build_Intel_8592/dev/net/Ethernet.py.cc -> .pyo
 [ TRACING]  -> build_Intel_8592/debug/PCEvent.cc
 [EMBED PY] src/python/gem5/components/cachehierarchies/classic/caches/l2cache.py -> build_Intel_8592/python/gem5/components/cachehierarchies/classic/caches/l2cache.py.cc
 [     CXX] build_Intel_8592/python/gem5/components/cachehierarchies/classic/caches/l2cache.py.cc -> .pyo
 [     CXX] build_Intel_8592/debug/PortTrace.cc -> .o
 [ TRACING]  -> build_Intel_8592/debug/PcCountTracker.hh
 [ TRACING]  -> build_Intel_8592/debug/RubyQueue.cc
 [ TRACING]  -> build_Intel_8592/debug/SpatterKernel.cc
 [EMBED PY] src/python/m5/options.py -> build_Intel_8592/python/m5/options.py.cc
 [     CXX] build_Intel_8592/debug/PcCountTracker.cc -> .o
 [EMBED PY] src/python/m5/params/time_params.py -> build_Intel_8592/python/m5/params/time_params.py.cc
 [     CXX] build_Intel_8592/python/m5/options.py.cc -> .pyo
 [EMBED PY] src/dev/x86/I8237.py -> build_Intel_8592/dev/x86/I8237.py.cc
 [     CXX] build_Intel_8592/python/m5/params/time_params.py.cc -> .pyo
 [     CXX] build_Intel_8592/dev/x86/I8237.py.cc -> .pyo
 [EMBED PY] src/cpu/minor/MinorCPU.py -> build_Intel_8592/cpu/minor/MinorCPU.py.cc
 [EMBED PY] src/mem/MemInterface.py -> build_Intel_8592/mem/MemInterface.py.cc
 [EMBED PY] src/python/m5/ticks.py -> build_Intel_8592/python/m5/ticks.py.cc
 [ TRACING]  -> build_Intel_8592/debug/Kvm.cc
 [     CXX] build_Intel_8592/cpu/minor/MinorCPU.py.cc -> .pyo
 [     CXX] build_Intel_8592/mem/MemInterface.py.cc -> .pyo
 [     CXX] build_Intel_8592/python/m5/ticks.py.cc -> .pyo
 [     CXX] build_Intel_8592/mem/MemInterface.py.cc -> .o
 [     CXX] build_Intel_8592/cpu/minor/MinorCPU.py.cc -> .o
 [EMBED PY] src/python/gem5/components/processors/spatter_gen/spatter_kernel.py -> build_Intel_8592/python/gem5/components/processors/spatter_gen/spatter_kernel.py.cc
 [ TRACING]  -> build_Intel_8592/debug/FTQ.cc
 [     CXX] build_Intel_8592/python/gem5/components/processors/spatter_gen/spatter_kernel.py.cc -> .pyo
 [ TRACING]  -> build_Intel_8592/debug/Commit.cc
 [ TRACING]  -> build_Intel_8592/debug/PCEvent.hh
 [EMBED PY] src/python/gem5/components/memory/dram_interfaces/lpddr5.py -> build_Intel_8592/python/gem5/components/memory/dram_interfaces/lpddr5.py.cc
 [EMBED PY] src/sim/SubSystem.py -> build_Intel_8592/sim/SubSystem.py.cc
 [     CXX] build_Intel_8592/python/gem5/components/memory/dram_interfaces/lpddr5.py.cc -> .pyo
 [     CXX] build_Intel_8592/debug/PCEvent.cc -> .o
 [     CXX] build_Intel_8592/sim/SubSystem.py.cc -> .pyo
 [ TRACING]  -> build_Intel_8592/debug/RubyQueue.hh
 [ TRACING]  -> build_Intel_8592/debug/SpatterKernel.hh
 [EMBED PY] src/arch/x86/X86SeWorkload.py -> build_Intel_8592/arch/x86/X86SeWorkload.py.cc
 [EMBED PY] src/python/gem5/components/boards/arm_board.py -> build_Intel_8592/python/gem5/components/boards/arm_board.py.cc
 [EMBED PY] src/cpu/o3/FuncUnitConfig.py -> build_Intel_8592/cpu/o3/FuncUnitConfig.py.cc
 [     CXX] build_Intel_8592/debug/RubyQueue.cc -> .o
 [EMBED PY] src/python/gem5/components/cachehierarchies/ruby/caches/mi_example/__init__.py -> build_Intel_8592/python/gem5/components/cachehierarchies/ruby/caches/mi_example/__init__.py.cc
 [     CXX] build_Intel_8592/arch/x86/X86SeWorkload.py.cc -> .pyo
 [     CXX] build_Intel_8592/debug/SpatterKernel.cc -> .o
 [     CXX] build_Intel_8592/python/gem5/components/boards/arm_board.py.cc -> .pyo
 [EMBED PY] src/python/gem5/prebuilt/viper/cpu_cache_hierarchy.py -> build_Intel_8592/python/gem5/prebuilt/viper/cpu_cache_hierarchy.py.cc
 [ TRACING]  -> build_Intel_8592/debug/CacheRepl.cc
 [     CXX] build_Intel_8592/cpu/o3/FuncUnitConfig.py.cc -> .pyo
 [     CXX] build_Intel_8592/python/gem5/components/cachehierarchies/ruby/caches/mi_example/__init__.py.cc -> .pyo
 [     CXX] build_Intel_8592/cpu/o3/FuncUnitConfig.py.cc -> .o
 [EMBED PY] src/arch/generic/BaseMMU.py -> build_Intel_8592/arch/generic/BaseMMU.py.cc
 [     CXX] build_Intel_8592/python/gem5/prebuilt/viper/cpu_cache_hierarchy.py.cc -> .pyo
 [EMBED PY] src/python/gem5/prebuilt/__init__.py -> build_Intel_8592/python/gem5/prebuilt/__init__.py.cc
 [     CXX] build_Intel_8592/arch/generic/BaseMMU.py.cc -> .pyo
 [     CXX] build_Intel_8592/python/gem5/prebuilt/__init__.py.cc -> .pyo
 [ TRACING]  -> build_Intel_8592/debug/Kvm.hh
 [ TRACING]  -> build_Intel_8592/debug/PacketQueue.cc
 [     CXX] build_Intel_8592/debug/KvmAll.cc -> .o
 [     CXX] build_Intel_8592/debug/Kvm.cc -> .o
 [ TRACING]  -> build_Intel_8592/debug/FTQ.hh
 [EMBED PY] src/python/m5/ext/pystats/timeconversion.py -> build_Intel_8592/python/m5/ext/pystats/timeconversion.py.cc
 [ TRACING]  -> build_Intel_8592/debug/Commit.hh
 [ TRACING]  -> build_Intel_8592/debug/SpatterGen.hh
 [     CXX] build_Intel_8592/debug/FTQ.cc -> .o
 [     CXX] build_Intel_8592/python/m5/ext/pystats/timeconversion.py.cc -> .pyo
 [     CXX] build_Intel_8592/debug/Commit.cc -> .o
 [     CXX] build_Intel_8592/debug/O3CPUAll.cc -> .o
 [EMBED PY] src/mem/CfiMemory.py -> build_Intel_8592/mem/CfiMemory.py.cc
 [     CXX] build_Intel_8592/mem/CfiMemory.py.cc -> .pyo
 [     CXX] build_Intel_8592/mem/CfiMemory.py.cc -> .o
 [EMBED PY] src/base/vnc/Vnc.py -> build_Intel_8592/base/vnc/Vnc.py.cc
 [EMBED PY] src/python/gem5/components/memory/hbm.py -> build_Intel_8592/python/gem5/components/memory/hbm.py.cc
 [     CXX] build_Intel_8592/base/vnc/Vnc.py.cc -> .pyo
 [     CXX] build_Intel_8592/python/gem5/components/memory/hbm.py.cc -> .pyo
 [EMBED PY] src/python/gem5/components/cachehierarchies/ruby/caches/mesi_three_level/__init__.py -> build_Intel_8592/python/gem5/components/cachehierarchies/ruby/caches/mesi_three_level/__init__.py.cc
 [     CXX] build_Intel_8592/python/gem5/components/cachehierarchies/ruby/caches/mesi_three_level/__init__.py.cc -> .pyo
 [EMBED PY] src/mem/HMCController.py -> build_Intel_8592/mem/HMCController.py.cc
 [EMBED PY] src/python/gem5/utils/multisim/__main__.py -> build_Intel_8592/python/gem5/utils/multisim/__main__.py.cc
 [     CXX] build_Intel_8592/mem/HMCController.py.cc -> .pyo
 [     CXX] build_Intel_8592/mem/HMCController.py.cc -> .o
 [     CXX] build_Intel_8592/python/gem5/utils/multisim/__main__.py.cc -> .pyo
 [ TRACING]  -> build_Intel_8592/debug/GDBAll.cc
 [EMBED PY] src/python/gem5/resources/client_api/jsonclient.py -> build_Intel_8592/python/gem5/resources/client_api/jsonclient.py.cc
 [EMBED PY] src/python/gem5/components/cachehierarchies/classic/private_l1_private_l2_cache_hierarchy.py -> build_Intel_8592/python/gem5/components/cachehierarchies/classic/private_l1_private_l2_cache_hierarchy.py.cc
 [ TRACING]  -> build_Intel_8592/debug/CacheRepl.hh
 [     CXX] build_Intel_8592/python/gem5/resources/client_api/jsonclient.py.cc -> .pyo
 [ TRACING]  -> build_Intel_8592/debug/PacketQueue.hh
 [ TRACING]  -> build_Intel_8592/debug/RubyNetwork.cc
 [     CXX] build_Intel_8592/python/gem5/components/cachehierarchies/classic/private_l1_private_l2_cache_hierarchy.py.cc -> .pyo
 [     CXX] build_Intel_8592/debug/CacheAll.cc -> .o
 [     CXX] build_Intel_8592/debug/PacketQueue.cc -> .o
 [     CXX] build_Intel_8592/debug/CacheRepl.cc -> .o
 [ TRACING]  -> build_Intel_8592/debug/O3PipeView.cc
 [EMBED PY] src/cpu/o3/IQUnit.py -> build_Intel_8592/cpu/o3/IQUnit.py.cc
 [ TRACING]  -> build_Intel_8592/debug/RubyPrefetcher.cc
 [     CXX] build_Intel_8592/cpu/o3/IQUnit.py.cc -> .o
 [     CXX] build_Intel_8592/cpu/o3/IQUnit.py.cc -> .pyo
 [ TRACING]  -> build_Intel_8592/debug/SpatterGen.cc
 [ TRACING]  -> build_Intel_8592/debug/GDBAll.hh
 [     CXX] build_Intel_8592/debug/SpatterGen.cc -> .o
 [EMBED PY] src/cpu/FuncUnit.py -> build_Intel_8592/cpu/FuncUnit.py.cc
 [     CXX] build_Intel_8592/debug/GDBAll.cc -> .o
 [EMBED PY] src/python/gem5/components/cachehierarchies/ruby/topologies/simple_pt2pt.py -> build_Intel_8592/python/gem5/components/cachehierarchies/ruby/topologies/simple_pt2pt.py.cc
 [     CXX] build_Intel_8592/cpu/FuncUnit.py.cc -> .pyo
 [     CXX] build_Intel_8592/cpu/FuncUnit.py.cc -> .o
 [EMBED PY] src/dev/pci/PciHost.py -> build_Intel_8592/dev/pci/PciHost.py.cc
 [     CXX] build_Intel_8592/python/gem5/components/cachehierarchies/ruby/topologies/simple_pt2pt.py.cc -> .pyo
 [EMBED PY] src/mem/probes/StackDistProbe.py -> build_Intel_8592/mem/probes/StackDistProbe.py.cc
 [EMBED PY] src/cpu/probes/PcCountTracker.py -> build_Intel_8592/cpu/probes/PcCountTracker.py.cc
 [     CXX] build_Intel_8592/dev/pci/PciHost.py.cc -> .pyo
 [ TRACING]  -> build_Intel_8592/debug/CommitRate.cc
 [ TRACING]  -> build_Intel_8592/debug/RubyNetwork.hh
 [ TRACING]  -> build_Intel_8592/debug/O3PipeView.hh
 [     CXX] build_Intel_8592/mem/probes/StackDistProbe.py.cc -> .o
 [     CXX] build_Intel_8592/mem/probes/StackDistProbe.py.cc -> .pyo
 [     CXX] build_Intel_8592/cpu/probes/PcCountTracker.py.cc -> .o
 [     CXX] build_Intel_8592/cpu/probes/PcCountTracker.py.cc -> .pyo
 [     CXX] build_Intel_8592/debug/RubyNetwork.cc -> .o
 [     CXX] build_Intel_8592/debug/O3PipeView.cc -> .o
 [EMBED PY] src/python/gem5/components/cachehierarchies/classic/caches/l1icache.py -> build_Intel_8592/python/gem5/components/cachehierarchies/classic/caches/l1icache.py.cc
 [EMBED PY] src/cpu/testers/traffic_gen/PyTrafficGen.py -> build_Intel_8592/cpu/testers/traffic_gen/PyTrafficGen.py.cc
 [     CXX] build_Intel_8592/python/gem5/components/cachehierarchies/classic/caches/l1icache.py.cc -> .pyo
 [ TRACING]  -> build_Intel_8592/debug/RubyPrefetcher.hh
 [     CXX] build_Intel_8592/cpu/testers/traffic_gen/PyTrafficGen.py.cc -> .pyo
 [     CXX] build_Intel_8592/cpu/testers/traffic_gen/PyTrafficGen.py.cc -> .o
 [EMBED PY] src/python/m5/main.py -> build_Intel_8592/python/m5/main.py.cc
 [     CXX] build_Intel_8592/debug/Ruby.cc -> .o
 [     CXX] build_Intel_8592/debug/RubyPrefetcher.cc -> .o
 [EMBED PY] src/cpu/o3/O3CPU.py -> build_Intel_8592/cpu/o3/O3CPU.py.cc
 [     CXX] build_Intel_8592/python/m5/main.py.cc -> .pyo
 [EMBED PY] src/dev/storage/DiskImage.py -> build_Intel_8592/dev/storage/DiskImage.py.cc
 [     CXX] build_Intel_8592/cpu/o3/O3CPU.py.cc -> .pyo
 [     CXX] build_Intel_8592/cpu/o3/O3CPU.py.cc -> .o
 [EMBED PY] src/mem/cache/compressors/Compressors.py -> build_Intel_8592/mem/cache/compressors/Compressors.py.cc
 [EMBED PY] src/python/gem5/components/cachehierarchies/chi/private_l1_private_l2_cache_hierarchy.py -> build_Intel_8592/python/gem5/components/cachehierarchies/chi/private_l1_private_l2_cache_hierarchy.py.cc
 [     CXX] build_Intel_8592/dev/storage/DiskImage.py.cc -> .pyo
 [EMBED PY] src/python/m5/simulate.py -> build_Intel_8592/python/m5/simulate.py.cc
 [     CXX] build_Intel_8592/mem/cache/compressors/Compressors.py.cc -> .o
 [     CXX] build_Intel_8592/python/gem5/components/cachehierarchies/chi/private_l1_private_l2_cache_hierarchy.py.cc -> .pyo
 [     CXX] build_Intel_8592/python/m5/simulate.py.cc -> .pyo
 [     CXX] build_Intel_8592/mem/cache/compressors/Compressors.py.cc -> .pyo
 [ TRACING]  -> build_Intel_8592/debug/CachePort.cc
 [ TRACING]  -> build_Intel_8592/debug/MemoryAccess.cc
 [     CXX] build_Intel_8592/debug/CachePort.cc -> .o
 [     CXX] build_Intel_8592/debug/MemoryAccess.cc -> .o
 [EMBED PY] src/mem/ruby/structures/RubyPrefetcher.py -> build_Intel_8592/mem/ruby/structures/RubyPrefetcher.py.cc
 [ TRACING]  -> build_Intel_8592/debug/CommitRate.hh
 [EMBED PY] src/sim/power/ThermalModel.py -> build_Intel_8592/sim/power/ThermalModel.py.cc
 [EMBED PY] src/base/filters/BloomFilters.py -> build_Intel_8592/base/filters/BloomFilters.py.cc
 [EMBED PY] src/python/gem5/components/memory/dram_interfaces/lpddr3.py -> build_Intel_8592/python/gem5/components/memory/dram_interfaces/lpddr3.py.cc
 [EMBED PY] src/mem/cache/tags/partitioning_policies/PartitioningPolicies.py -> build_Intel_8592/mem/cache/tags/partitioning_policies/PartitioningPolicies.py.cc
 [     CXX] build_Intel_8592/mem/ruby/structures/RubyPrefetcher.py.cc -> .pyo
 [     CXX] build_Intel_8592/sim/power/ThermalModel.py.cc -> .pyo
 [     CXX] build_Intel_8592/base/filters/BloomFilters.py.cc -> .pyo
 [     CXX] build_Intel_8592/python/gem5/components/memory/dram_interfaces/lpddr3.py.cc -> .pyo
 [     CXX] build_Intel_8592/mem/cache/tags/partitioning_policies/PartitioningPolicies.py.cc -> .o
 [     CXX] build_Intel_8592/debug/CommitRate.cc -> .o
 [     CXX] build_Intel_8592/mem/cache/tags/partitioning_policies/PartitioningPolicies.py.cc -> .pyo
 [     CXX] build_Intel_8592/mem/ruby/structures/RubyPrefetcher.py.cc -> .o
 [     CXX] build_Intel_8592/base/vnc/Vnc.py.cc -> .o
 [ TRACING]  -> build_Intel_8592/debug/VNC.hh
 [ TRACING]  -> build_Intel_8592/debug/VNC.cc
 [     CXX] build_Intel_8592/base/filters/BloomFilters.py.cc -> .o
 [     CXX] src/base/stats/group.cc -> build_Intel_8592/base/stats/group.o
 [     CXX] build_Intel_8592/debug/VNC.cc -> .o
 [     CXX] src/base/stats/info.cc -> build_Intel_8592/base/stats/info.o
 [     CXX] src/base/stats/storage.cc -> build_Intel_8592/base/stats/storage.o
 [     CXX] src/base/stats/text.cc -> build_Intel_8592/base/stats/text.o
 [     CXX] build_Intel_8592/python/gem5/__init__.py.cc -> .o
 [     CXX] build_Intel_8592/python/gem5/coherence_protocol.py.cc -> .o
 [     CXX] build_Intel_8592/python/gem5/isas.py.cc -> .o
 [     CXX] build_Intel_8592/python/gem5/runtime.py.cc -> .o
 [     CXX] build_Intel_8592/python/gem5/simulate/__init__.py.cc -> .o
 [     CXX] build_Intel_8592/python/gem5/simulate/simulator.py.cc -> .o
 [     CXX] build_Intel_8592/python/gem5/simulate/exit_event.py.cc -> .o
 [     CXX] build_Intel_8592/python/gem5/simulate/exit_event_generators.py.cc -> .o
 [     CXX] build_Intel_8592/python/gem5/simulate/exit_handler.py.cc -> .o
 [     CXX] build_Intel_8592/python/gem5/components/__init__.py.cc -> .o
 [     CXX] build_Intel_8592/python/gem5/components/boards/__init__.py.cc -> .o
 [     CXX] build_Intel_8592/python/gem5/components/boards/abstract_board.py.cc -> .o
 [     CXX] build_Intel_8592/python/gem5/components/boards/abstract_system_board.py.cc -> .o
 [     CXX] build_Intel_8592/python/gem5/components/boards/mem_mode.py.cc -> .o
 [     CXX] build_Intel_8592/python/gem5/components/boards/riscv_board.py.cc -> .o
 [     CXX] build_Intel_8592/python/gem5/components/boards/experimental/__init__.py.cc -> .o
 [     CXX] build_Intel_8592/python/gem5/components/boards/experimental/lupv_board.py.cc -> .o
 [     CXX] build_Intel_8592/python/gem5/components/boards/simple_board.py.cc -> .o
 [     CXX] build_Intel_8592/python/gem5/components/boards/test_board.py.cc -> .o
 [     CXX] build_Intel_8592/python/gem5/components/boards/x86_board.py.cc -> .o
 [     CXX] build_Intel_8592/python/gem5/components/boards/arm_board.py.cc -> .o
 [     CXX] build_Intel_8592/python/gem5/components/boards/kernel_disk_workload.py.cc -> .o
 [     CXX] build_Intel_8592/python/gem5/components/boards/se_binary_workload.py.cc -> .o
 [     CXX] build_Intel_8592/python/gem5/components/cachehierarchies/__init__.py.cc -> .o
 [     CXX] build_Intel_8592/python/gem5/components/cachehierarchies/abstract_cache_hierarchy.py.cc -> .o
 [     CXX] build_Intel_8592/python/gem5/components/cachehierarchies/abstract_two_level_cache_hierarchy.py.cc -> .o
 [     CXX] build_Intel_8592/python/gem5/components/cachehierarchies/abstract_three_level_cache_hierarchy.py.cc -> .o
 [     CXX] build_Intel_8592/python/gem5/components/cachehierarchies/chi/__init__.py.cc -> .o
 [     CXX] build_Intel_8592/python/gem5/components/cachehierarchies/chi/private_l1_cache_hierarchy.py.cc -> .o
 [     CXX] build_Intel_8592/python/gem5/components/cachehierarchies/chi/private_l1_private_l2_cache_hierarchy.py.cc -> .o
 [     CXX] build_Intel_8592/python/gem5/components/cachehierarchies/chi/nodes/__init__.py.cc -> .o
 [     CXX] build_Intel_8592/python/gem5/components/cachehierarchies/chi/nodes/abstract_node.py.cc -> .o
 [     CXX] build_Intel_8592/python/gem5/components/cachehierarchies/chi/nodes/directory.py.cc -> .o
 [     CXX] build_Intel_8592/python/gem5/components/cachehierarchies/chi/nodes/dma_requestor.py.cc -> .o
 [     CXX] build_Intel_8592/python/gem5/components/cachehierarchies/chi/nodes/l1_cache.py.cc -> .o
 [     CXX] build_Intel_8592/python/gem5/components/cachehierarchies/chi/nodes/l2_cache.py.cc -> .o
 [     CXX] build_Intel_8592/python/gem5/components/cachehierarchies/chi/nodes/memory_controller.py.cc -> .o
 [     CXX] build_Intel_8592/python/gem5/components/cachehierarchies/classic/__init__.py.cc -> .o
 [     CXX] build_Intel_8592/python/gem5/components/cachehierarchies/classic/abstract_classic_cache_hierarchy.py.cc -> .o
 [     CXX] build_Intel_8592/python/gem5/components/cachehierarchies/classic/no_cache.py.cc -> .o
 [     CXX] build_Intel_8592/python/gem5/components/cachehierarchies/classic/private_l1_cache_hierarchy.py.cc -> .o
 [     CXX] build_Intel_8592/python/gem5/components/cachehierarchies/classic/private_l1_walk_cache_hierarchy.py.cc -> .o
 [     CXX] build_Intel_8592/python/gem5/components/cachehierarchies/classic/private_l1_private_l2_cache_hierarchy.py.cc -> .o
 [     CXX] build_Intel_8592/python/gem5/components/cachehierarchies/classic/two_level_fdp_cache_hierarchy.py.cc -> .o
 [    LINK]  -> build_Intel_8592/gem5py_m5
 [     CXX] build_Intel_8592/python/gem5/components/cachehierarchies/classic/private_l1_private_l2_walk_cache_hierarchy.py.cc -> .o
 [     CXX] build_Intel_8592/python/gem5/components/cachehierarchies/classic/private_l1_shared_l2_cache_hierarchy.py.cc -> .o
 [     CXX] build_Intel_8592/python/gem5/components/cachehierarchies/classic/private_l1_shared_l2_walk_cache_hierarchy.py.cc -> .o
 [     CXX] build_Intel_8592/python/gem5/components/cachehierarchies/classic/caches/__init__.py.cc -> .o
 [     CXX] build_Intel_8592/python/gem5/components/cachehierarchies/classic/caches/l1dcache.py.cc -> .o
 [     CXX] build_Intel_8592/python/gem5/components/cachehierarchies/classic/caches/l1icache.py.cc -> .o
 [     CXX] build_Intel_8592/python/gem5/components/cachehierarchies/classic/caches/l2cache.py.cc -> .o
 [     CXX] build_Intel_8592/python/gem5/components/cachehierarchies/classic/caches/mmu_cache.py.cc -> .o
 [     CXX] build_Intel_8592/python/gem5/components/cachehierarchies/ruby/__init__.py.cc -> .o
 [     CXX] build_Intel_8592/python/gem5/components/cachehierarchies/ruby/abstract_ruby_cache_hierarchy.py.cc -> .o
 [     CXX] build_Intel_8592/python/gem5/components/cachehierarchies/ruby/mesi_two_level_cache_hierarchy.py.cc -> .o
 [     CXX] build_Intel_8592/python/gem5/components/cachehierarchies/ruby/mesi_three_level_cache_hierarchy.py.cc -> .o
 [     CXX] build_Intel_8592/python/gem5/components/cachehierarchies/ruby/mi_example_cache_hierarchy.py.cc -> .o
 [     CXX] build_Intel_8592/python/gem5/components/cachehierarchies/ruby/caches/__init__.py.cc -> .o
 [     CXX] build_Intel_8592/python/gem5/components/cachehierarchies/ruby/caches/mesi_two_level/__init__.py.cc -> .o
 [     CXX] build_Intel_8592/python/gem5/components/cachehierarchies/ruby/caches/mesi_two_level/directory.py.cc -> .o
 [     CXX] build_Intel_8592/python/gem5/components/cachehierarchies/ruby/caches/mesi_two_level/dma_controller.py.cc -> .o
 [     CXX] build_Intel_8592/python/gem5/components/cachehierarchies/ruby/caches/mesi_two_level/l1_cache.py.cc -> .o
 [     CXX] build_Intel_8592/python/gem5/components/cachehierarchies/ruby/caches/mesi_two_level/l2_cache.py.cc -> .o
 [     CXX] build_Intel_8592/python/gem5/components/cachehierarchies/ruby/caches/mesi_three_level/__init__.py.cc -> .o
 [     CXX] build_Intel_8592/python/gem5/components/cachehierarchies/ruby/caches/mesi_three_level/directory.py.cc -> .o
 [     CXX] build_Intel_8592/python/gem5/components/cachehierarchies/ruby/caches/mesi_three_level/dma_controller.py.cc -> .o
 [     CXX] build_Intel_8592/python/gem5/components/cachehierarchies/ruby/caches/mesi_three_level/l1_cache.py.cc -> .o
 [     CXX] build_Intel_8592/python/gem5/components/cachehierarchies/ruby/caches/mesi_three_level/l2_cache.py.cc -> .o
 [     CXX] build_Intel_8592/python/gem5/components/cachehierarchies/ruby/caches/mesi_three_level/l3_cache.py.cc -> .o
 [     CXX] build_Intel_8592/python/gem5/components/cachehierarchies/ruby/caches/prebuilt/__init__.py.cc -> .o
 [     CXX] build_Intel_8592/python/gem5/components/cachehierarchies/ruby/caches/prebuilt/octopi_cache/__init__.py.cc -> .o
 [     CXX] build_Intel_8592/python/gem5/components/cachehierarchies/ruby/caches/prebuilt/octopi_cache/octopi.py.cc -> .o
 [     CXX] build_Intel_8592/python/gem5/components/cachehierarchies/ruby/caches/prebuilt/octopi_cache/core_complex.py.cc -> .o
 [     CXX] build_Intel_8592/python/gem5/components/cachehierarchies/ruby/caches/prebuilt/octopi_cache/octopi_network.py.cc -> .o
 [     CXX] build_Intel_8592/python/gem5/components/cachehierarchies/ruby/caches/prebuilt/octopi_cache/ruby_network_components.py.cc -> .o
 [     CXX] build_Intel_8592/python/gem5/components/cachehierarchies/ruby/caches/mi_example/__init__.py.cc -> .o
 [     CXX] build_Intel_8592/python/gem5/components/cachehierarchies/ruby/caches/mi_example/directory.py.cc -> .o
 [     CXX] build_Intel_8592/python/gem5/components/cachehierarchies/ruby/caches/mi_example/dma_controller.py.cc -> .o
 [     CXX] build_Intel_8592/python/gem5/components/cachehierarchies/ruby/caches/mi_example/l1_cache.py.cc -> .o
 [     CXX] build_Intel_8592/python/gem5/components/cachehierarchies/ruby/caches/viper/__init__.py.cc -> .o
 [     CXX] build_Intel_8592/python/gem5/components/cachehierarchies/ruby/caches/viper/corepair_cache.py.cc -> .o
 [     CXX] build_Intel_8592/python/gem5/components/cachehierarchies/ruby/caches/viper/directory.py.cc -> .o
 [ENUMDECL] m5.objects.TimingExpr, TimingExprOp -> build_Intel_8592/enums/TimingExprOp.hh
 [SO Param] m5.objects.BloomFilters, BloomFilterMultiBitSel -> build_Intel_8592/params/BloomFilterMultiBitSel.hh
 [SO Param] m5.objects.AddrMapper, AddrMapper -> build_Intel_8592/params/AddrMapper.hh
 [SO Param] m5.objects.BranchPredictor, TournamentBP -> build_Intel_8592/python/_m5/param_TournamentBP.cc
 [SO Param] m5.objects.ReplacementPolicies, SecondChanceRP -> build_Intel_8592/python/_m5/param_SecondChanceRP.cc
 [SO Param] m5.objects.BranchPredictor, MPP_TAGE_8KB -> build_Intel_8592/python/_m5/param_MPP_TAGE_8KB.cc
 [ENUM STR] m5.objects.SpatterGen, SpatterProcessingMode -> build_Intel_8592/enums/SpatterProcessingMode.cc
 [SO Param] m5.objects.Compressors, FPC -> build_Intel_8592/python/_m5/param_FPC.cc
 [SO Param] m5.objects.QoSMemSinkInterface, QoSMemSinkInterface -> build_Intel_8592/params/QoSMemSinkInterface.hh
 [SO Param] m5.objects.SimpleTrace, SimpleTrace -> build_Intel_8592/python/_m5/param_SimpleTrace.cc
 [SO Param] m5.objects.SimpleNetwork, WeightBased -> build_Intel_8592/python/_m5/param_WeightBased.cc
 [SO Param] m5.objects.OutgoingRequestBridge, OutgoingRequestBridge -> build_Intel_8592/params/OutgoingRequestBridge.hh
 [SO Param] m5.objects.PartitioningPolicies, WayPolicyAllocation -> build_Intel_8592/python/_m5/param_WayPolicyAllocation.cc
 [SO Param] m5.objects.HBMCtrl, HBMCtrl -> build_Intel_8592/python/_m5/param_HBMCtrl.cc
 [SO Param] m5.objects.BranchPredictor, TournamentBP -> build_Intel_8592/params/TournamentBP.hh
 [SO Param] m5.objects.ReplacementPolicies, SecondChanceRP -> build_Intel_8592/params/SecondChanceRP.hh
 [SO Param] m5.objects.BranchPredictor, MPP_TAGE_8KB -> build_Intel_8592/params/MPP_TAGE_8KB.hh
 [ENUMDECL] m5.objects.SpatterGen, SpatterProcessingMode -> build_Intel_8592/enums/SpatterProcessingMode.hh
 [SO Param] m5.objects.Prefetcher, DCPTPrefetcher -> build_Intel_8592/python/_m5/param_DCPTPrefetcher.cc
 [SO Param] m5.objects.Compressors, FPC -> build_Intel_8592/params/FPC.hh
 [SO Param] m5.objects.SimpleTrace, SimpleTrace -> build_Intel_8592/params/SimpleTrace.hh
 [SO Param] m5.objects.SimpleNetwork, WeightBased -> build_Intel_8592/params/WeightBased.hh
 [SO Param] m5.objects.PartitioningPolicies, WayPolicyAllocation -> build_Intel_8592/params/WayPolicyAllocation.hh
 [SO Param] m5.objects.HBMCtrl, HBMCtrl -> build_Intel_8592/params/HBMCtrl.hh
 [SO Param] m5.objects.GarnetLink, GarnetExtLink -> build_Intel_8592/python/_m5/param_GarnetExtLink.cc
 [SO Param] m5.objects.PcCountTracker, PcCountTrackerManager -> build_Intel_8592/python/_m5/param_PcCountTrackerManager.cc
 [SO Param] m5.objects.ExternalSlave, ExternalSlave -> build_Intel_8592/python/_m5/param_ExternalSlave.cc
 [SO Param] m5.objects.Prefetcher, DCPTPrefetcher -> build_Intel_8592/params/DCPTPrefetcher.hh
 [SO Param] m5.objects.GarnetLink, GarnetExtLink -> build_Intel_8592/params/GarnetExtLink.hh
 [SO Param] m5.objects.TimingExpr, TimingExprIf -> build_Intel_8592/python/_m5/param_TimingExprIf.cc
 [SO Param] m5.objects.RubyDirectedTester, SeriesRequestGenerator -> build_Intel_8592/python/_m5/param_SeriesRequestGenerator.cc
 [SO Param] m5.objects.BloomFilters, BloomFilterBlock -> build_Intel_8592/python/_m5/param_BloomFilterBlock.cc
 [SO Param] m5.objects.PcCountTracker, PcCountTrackerManager -> build_Intel_8592/params/PcCountTrackerManager.hh
 [SO Param] m5.objects.ExternalSlave, ExternalSlave -> build_Intel_8592/params/ExternalSlave.hh
 [SO Param] m5.objects.TimingExpr, TimingExprIf -> build_Intel_8592/params/TimingExprIf.hh
 [SO Param] m5.objects.RubyDirectedTester, SeriesRequestGenerator -> build_Intel_8592/params/SeriesRequestGenerator.hh
 [     CXX] build_Intel_8592/enums/SpatterProcessingMode.cc -> .o
 [SO Param] m5.objects.BloomFilters, BloomFilterBlock -> build_Intel_8592/params/BloomFilterBlock.hh
 [SO Param] m5.objects.QoSTurnaround, QoSTurnaroundPolicyIdeal -> build_Intel_8592/python/_m5/param_QoSTurnaroundPolicyIdeal.cc
 [SO Param] m5.objects.SimpleLink, SimpleExtLink -> build_Intel_8592/python/_m5/param_SimpleExtLink.cc
 [SO Param] m5.objects.BranchPredictor, LocalBP -> build_Intel_8592/python/_m5/param_LocalBP.cc
 [SO Param] m5.objects.BaseMinorCPU, MinorFUPool -> build_Intel_8592/python/_m5/param_MinorFUPool.cc
 [SO Param] m5.objects.MemFootprintProbe, MemFootprintProbe -> build_Intel_8592/python/_m5/param_MemFootprintProbe.cc
 [SO Param] m5.objects.BranchPredictor, MultiperspectivePerceptronTAGE64KB -> build_Intel_8592/python/_m5/param_MultiperspectivePerceptronTAGE64KB.cc
 [SO Param] m5.objects.DirectoryMemory, RubyDirectoryMemory -> build_Intel_8592/python/_m5/param_RubyDirectoryMemory.cc
 [SO Param] m5.objects.Vnc, VncServer -> build_Intel_8592/python/_m5/param_VncServer.cc
 [SO Param] m5.objects.ClockedObject, ClockedObject -> build_Intel_8592/params/ClockedObject.hh
 [SO Param] m5.objects.Compressors, CPack -> build_Intel_8592/python/_m5/param_CPack.cc
 [SO Param] m5.objects.SimpleLink, SimpleExtLink -> build_Intel_8592/params/SimpleExtLink.hh
 [SO Param] m5.objects.SimpleNetwork, BaseRoutingUnit -> build_Intel_8592/python/_m5/param_BaseRoutingUnit.cc
 [SO Param] m5.objects.IndexingPolicies, BaseIndexingPolicy -> build_Intel_8592/params/BaseIndexingPolicy.hh
 [SO Param] m5.objects.PartitioningPolicies, MaxCapacityPartitioningPolicy -> build_Intel_8592/python/_m5/param_MaxCapacityPartitioningPolicy.cc
 [SO Param] m5.objects.BranchPredictor, LocalBP -> build_Intel_8592/params/LocalBP.hh
 [SO Param] m5.objects.BaseMinorCPU, MinorFUPool -> build_Intel_8592/params/MinorFUPool.hh
 [SO Param] m5.objects.BranchPredictor, MultiperspectivePerceptronTAGE64KB -> build_Intel_8592/params/MultiperspectivePerceptronTAGE64KB.hh
 [SO Param] m5.objects.DirectoryMemory, RubyDirectoryMemory -> build_Intel_8592/params/RubyDirectoryMemory.hh
 [SO Param] m5.objects.Vnc, VncServer -> build_Intel_8592/params/VncServer.hh
 [ENUMDECL] m5.objects.Workload, KernelPanicOopsBehaviour -> build_Intel_8592/enums/KernelPanicOopsBehaviour.hh
 [SO Param] m5.objects.Prefetcher, DeltaCorrelatingPredictionTables -> build_Intel_8592/python/_m5/param_DeltaCorrelatingPredictionTables.cc
 [SO Param] m5.objects.Compressors, CPack -> build_Intel_8592/params/CPack.hh
 [SO Param] m5.objects.BaseO3Checker, BaseO3Checker -> build_Intel_8592/python/_m5/param_BaseO3Checker.cc
 [SO Param] m5.objects.MemChecker, MemCheckerMonitor -> build_Intel_8592/python/_m5/param_MemCheckerMonitor.cc
 [SO Param] m5.objects.PartitioningPolicies, MaxCapacityPartitioningPolicy -> build_Intel_8592/params/MaxCapacityPartitioningPolicy.hh
 [SO Param] m5.objects.SimpleNetwork, BaseRoutingUnit -> build_Intel_8592/params/BaseRoutingUnit.hh
 [SO Param] m5.objects.RubySystem, RubySystem -> build_Intel_8592/python/_m5/param_RubySystem.cc
 [SO Param] m5.objects.PortTerminator, PortTerminator -> build_Intel_8592/python/_m5/param_PortTerminator.cc
 [SO Param] m5.objects.GarnetLink, GarnetIntLink -> build_Intel_8592/python/_m5/param_GarnetIntLink.cc
 [SO Param] m5.objects.TimingExpr, TimingExprLiteral -> build_Intel_8592/python/_m5/param_TimingExprLiteral.cc
 [SO Param] m5.objects.QoSTurnaround, QoSTurnaroundPolicyIdeal -> build_Intel_8592/params/QoSTurnaroundPolicyIdeal.hh
 [SO Param] m5.objects.ReplacementPolicies, TreePLRURP -> build_Intel_8592/python/_m5/param_TreePLRURP.cc
 [SO Param] m5.objects.Prefetcher, DeltaCorrelatingPredictionTables -> build_Intel_8592/params/DeltaCorrelatingPredictionTables.hh
 [SO Param] m5.objects.MemChecker, MemCheckerMonitor -> build_Intel_8592/params/MemCheckerMonitor.hh
 [SO Param] m5.objects.AbstractMemory, AbstractMemory -> build_Intel_8592/python/_m5/param_AbstractMemory.cc
 [SO Param] m5.objects.RubySystem, RubySystem -> build_Intel_8592/params/RubySystem.hh
 [SO Param] m5.objects.PowerModel, PowerModel -> build_Intel_8592/params/PowerModel.hh
 [SO Param] m5.objects.PortTerminator, PortTerminator -> build_Intel_8592/params/PortTerminator.hh
 [ENUM STR] m5.objects.BaseMinorCPU, ThreadPolicy -> build_Intel_8592/enums/ThreadPolicy.cc
 [SO Param] m5.objects.GarnetLink, GarnetIntLink -> build_Intel_8592/params/GarnetIntLink.hh
 [SO Param] m5.objects.TimingExpr, TimingExprLiteral -> build_Intel_8592/params/TimingExprLiteral.hh
 [SO Param] m5.objects.XBar, CoherentXBar -> build_Intel_8592/params/CoherentXBar.hh
 [SO Param] m5.objects.TimingExpr, TimingExprBin -> build_Intel_8592/python/_m5/param_TimingExprBin.cc
 [SO Param] m5.objects.BranchPredictor, TAGE_SC_L_LoopPredictor -> build_Intel_8592/python/_m5/param_TAGE_SC_L_LoopPredictor.cc
 [SO Param] m5.objects.ReplacementPolicies, TreePLRURP -> build_Intel_8592/params/TreePLRURP.hh
 [SO Param] m5.objects.AbstractMemory, AbstractMemory -> build_Intel_8592/params/AbstractMemory.hh
 [SO Param] m5.objects.XBar, CoherentXBar -> build_Intel_8592/python/_m5/param_CoherentXBar.cc
 [SO Param] m5.objects.BaseO3Checker, BaseO3Checker -> build_Intel_8592/params/BaseO3Checker.hh
 [SO Param] m5.objects.QoSMemSinkCtrl, QoSMemSinkCtrl -> build_Intel_8592/python/_m5/param_QoSMemSinkCtrl.cc
 [ENUMDECL] m5.objects.BaseMinorCPU, ThreadPolicy -> build_Intel_8592/enums/ThreadPolicy.hh
 [SO Param] m5.objects.GUPSGen, GUPSGen -> build_Intel_8592/python/_m5/param_GUPSGen.cc
 [ENUMDECL] m5.objects.SimObject, ByteOrder -> build_Intel_8592/enums/ByteOrder.hh
 [SO Param] m5.objects.Compressors, Base64Delta8 -> build_Intel_8592/params/Base64Delta8.hh
 [ENUMDECL] m5.objects.System, MemoryMode -> build_Intel_8592/enums/MemoryMode.hh
 [SO Param] m5.objects.TimingExpr, TimingExprBin -> build_Intel_8592/params/TimingExprBin.hh
 [SO Param] m5.objects.BranchPredictor, TAGE_SC_L_LoopPredictor -> build_Intel_8592/params/TAGE_SC_L_LoopPredictor.hh
 [SO Param] m5.objects.Compressors, Base16Delta8 -> build_Intel_8592/python/_m5/param_Base16Delta8.cc
 [SO Param] m5.objects.QoSMemSinkCtrl, QoSMemSinkCtrl -> build_Intel_8592/params/QoSMemSinkCtrl.hh
 [SO Param] m5.objects.HeteroMemCtrl, HeteroMemCtrl -> build_Intel_8592/python/_m5/param_HeteroMemCtrl.cc
 [SO Param] m5.objects.BranchPredictor, ReturnAddrStack -> build_Intel_8592/python/_m5/param_ReturnAddrStack.cc
 [SO Param] m5.objects.GUPSGen, GUPSGen -> build_Intel_8592/params/GUPSGen.hh
 [SO Param] m5.objects.BranchPredictor, MPP_StatisticalCorrector_64KB -> build_Intel_8592/python/_m5/param_MPP_StatisticalCorrector_64KB.cc
 [SO Param] m5.objects.BaseKvmCPU, BaseKvmCPU -> build_Intel_8592/python/_m5/param_BaseKvmCPU.cc
 [SO Param] m5.objects.CHIGeneric, CHIGenericController -> build_Intel_8592/python/_m5/param_CHIGenericController.cc
 [SO Param] m5.objects.Compressors, Base16Delta8 -> build_Intel_8592/params/Base16Delta8.hh
 [SO Param] m5.objects.Tags, BaseTags -> build_Intel_8592/params/BaseTags.hh
 [SO Param] m5.objects.SimpleNetwork, SimpleNetwork -> build_Intel_8592/python/_m5/param_SimpleNetwork.cc
 [SO Param] m5.objects.PartitioningPolicies, BasePartitioningPolicy -> build_Intel_8592/python/_m5/param_BasePartitioningPolicy.cc
 [SO Param] m5.objects.HeteroMemCtrl, HeteroMemCtrl -> build_Intel_8592/params/HeteroMemCtrl.hh
 [SO Param] m5.objects.BranchPredictor, ReturnAddrStack -> build_Intel_8592/params/ReturnAddrStack.hh
 [SO Param] m5.objects.BranchPredictor, MPP_StatisticalCorrector_64KB -> build_Intel_8592/params/MPP_StatisticalCorrector_64KB.hh
 [SO Param] m5.objects.BaseKvmCPU, BaseKvmCPU -> build_Intel_8592/params/BaseKvmCPU.hh
 [ENUMDECL] m5.objects.PowerModel, PMType -> build_Intel_8592/enums/PMType.hh
 [SO Param] m5.objects.PowerModelState, PowerModelState -> build_Intel_8592/params/PowerModelState.hh
 [SO Param] m5.objects.SubSystem, SubSystem -> build_Intel_8592/params/SubSystem.hh
 [SO Param] m5.objects.Workload, SEWorkload -> build_Intel_8592/params/SEWorkload.hh
 [     CXX] build_Intel_8592/enums/ThreadPolicy.cc -> .o
 [     CXX] src/mem/protocol/atomic.cc -> build_Intel_8592/mem/protocol/atomic.o
 [     CXX] src/mem/cache/mshr_queue.cc -> build_Intel_8592/mem/cache/mshr_queue.o
 [     CXX] src/cpu/testers/traffic_gen/strided_gen.cc -> build_Intel_8592/cpu/testers/traffic_gen/strided_gen.o
 [     CXX] src/base/socket.cc -> build_Intel_8592/base/socket.o
 [     CXX] src/cpu/testers/traffic_gen/random_gen.cc -> build_Intel_8592/cpu/testers/traffic_gen/random_gen.o
 [MAKE INC] src/mem/ruby/common/DataBlock.hh -> build_Intel_8592/mem/ruby/protocol/DataBlock.hh
 [MAKE INC] src/mem/ruby/slicc_interface/Message.hh -> build_Intel_8592/mem/ruby/protocol/Message.hh
 [     CXX] src/cpu/testers/traffic_gen/linear_gen.cc -> build_Intel_8592/cpu/testers/traffic_gen/linear_gen.o
 [     CXX] src/cpu/testers/traffic_gen/idle_gen.cc -> build_Intel_8592/cpu/testers/traffic_gen/idle_gen.o
 [     CXX] src/base/pixel.cc -> build_Intel_8592/base/pixel.o
 [     CXX] src/mem/port_wrapper.cc -> build_Intel_8592/mem/port_wrapper.o
 [     CXX] src/mem/ruby/common/DataBlock.cc -> build_Intel_8592/mem/ruby/common/DataBlock.o
 [     CXX] src/mem/packet_queue.cc -> build_Intel_8592/mem/packet_queue.o
 [     CXX] src/cpu/testers/traffic_gen/exit_gen.cc -> build_Intel_8592/cpu/testers/traffic_gen/exit_gen.o
 [MAKE INC] src/mem/ruby/slicc_interface/AbstractCacheEntry.hh -> build_Intel_8592/mem/ruby/protocol/AbstractCacheEntry.hh
 [     CXX] src/mem/ruby/slicc_interface/RubyRequest.cc -> build_Intel_8592/mem/ruby/slicc_interface/RubyRequest.o
 [     CXX] src/mem/ruby/slicc_interface/AbstractCacheEntry.cc -> build_Intel_8592/mem/ruby/slicc_interface/AbstractCacheEntry.o
 [     CXX] src/sst/sst_responder_interface.cc -> build_Intel_8592/sst/sst_responder_interface.o
 [MAKE INC] src/mem/ruby/slicc_interface/RubyRequest.hh -> build_Intel_8592/mem/ruby/protocol/RubyRequest.hh
 [     CXX] src/cpu/reg_class.cc -> build_Intel_8592/cpu/reg_class.o
 [     CXX] src/base/loader/object_file.cc -> build_Intel_8592/base/loader/object_file.o
 [     CXX] src/mem/ruby/network/garnet/Credit.cc -> build_Intel_8592/mem/ruby/network/garnet/Credit.o
 [     CXX] src/base/loader/memory_image.cc -> build_Intel_8592/base/loader/memory_image.o
 [     CXX] src/mem/ruby/network/garnet/flit.cc -> build_Intel_8592/mem/ruby/network/garnet/flit.o
 [MAKE INC] src/mem/ruby/common/WriteMask.hh -> build_Intel_8592/mem/ruby/protocol/WriteMask.hh
 [     CXX] src/mem/ruby/network/garnet/flitBuffer.cc -> build_Intel_8592/mem/ruby/network/garnet/flitBuffer.o
 [     CXX] src/base/loader/elf_object.cc -> build_Intel_8592/base/loader/elf_object.o
 [     CXX] src/mem/ruby/common/SubBlock.cc -> build_Intel_8592/mem/ruby/common/SubBlock.o
 [     CXX] src/mem/ruby/network/garnet/VirtualChannel.cc -> build_Intel_8592/mem/ruby/network/garnet/VirtualChannel.o
 [     CXX] src/base/loader/dtb_file.cc -> build_Intel_8592/base/loader/dtb_file.o
 [     CXX] src/mem/packet.cc -> build_Intel_8592/mem/packet.o
 [     CXX] src/base/framebuffer.cc -> build_Intel_8592/base/framebuffer.o
 [     CXX] src/mem/backdoor_manager.cc -> build_Intel_8592/mem/backdoor_manager.o
 [     CXX] src/mem/protocol/timing.cc -> build_Intel_8592/mem/protocol/timing.o
 [     CXX] src/mem/cache/write_queue.cc -> build_Intel_8592/mem/cache/write_queue.o
 [     CXX] src/mem/protocol/functional.cc -> build_Intel_8592/mem/protocol/functional.o
 [SO Param] m5.objects.QoSTurnaround, QoSTurnaroundPolicy -> build_Intel_8592/python/_m5/param_QoSTurnaroundPolicy.cc
 [SO Param] m5.objects.ExternalMaster, ExternalMaster -> build_Intel_8592/python/_m5/param_ExternalMaster.cc
 [SO Param] m5.objects.Prefetcher, AMPMPrefetcher -> build_Intel_8592/python/_m5/param_AMPMPrefetcher.cc
 [SO Param] m5.objects.CpuCluster, CpuCluster -> build_Intel_8592/python/_m5/param_CpuCluster.cc
 [SO Param] m5.objects.ReplacementPolicies, BaseReplacementPolicy -> build_Intel_8592/python/_m5/param_BaseReplacementPolicy.cc
 [SO Param] m5.objects.SimpleNetwork, SimpleNetwork -> build_Intel_8592/params/SimpleNetwork.hh
 [SO Param] m5.objects.PartitioningPolicies, BasePartitioningPolicy -> build_Intel_8592/params/BasePartitioningPolicy.hh
 [SO Param] m5.objects.GarnetLink, NetworkBridge -> build_Intel_8592/python/_m5/param_NetworkBridge.cc
 [SO Param] m5.objects.ThermalDomain, ThermalDomain -> build_Intel_8592/params/ThermalDomain.hh
 [SO Param] m5.objects.BranchPredictor, TAGE_SC_L_8KB_StatisticalCorrector -> build_Intel_8592/python/_m5/param_TAGE_SC_L_8KB_StatisticalCorrector.cc
 [SO Param] m5.objects.InstTracer, InstTracer -> build_Intel_8592/params/InstTracer.hh
 [SO Param] m5.objects.QoSTurnaround, QoSTurnaroundPolicy -> build_Intel_8592/params/QoSTurnaroundPolicy.hh
 [SO Param] m5.objects.XBar, NoncoherentXBar -> build_Intel_8592/python/_m5/param_NoncoherentXBar.cc
 [SO Param] m5.objects.CpuCluster, CpuCluster -> build_Intel_8592/params/CpuCluster.hh
 [SO Param] m5.objects.VoltageDomain, VoltageDomain -> build_Intel_8592/params/VoltageDomain.hh
 [SO Param] m5.objects.BaseMinorCPU, MinorFU -> build_Intel_8592/python/_m5/param_MinorFU.cc
 [SO Param] m5.objects.ReplacementPolicies, SHiPPCRP -> build_Intel_8592/python/_m5/param_SHiPPCRP.cc
 [SO Param] m5.objects.CHI_MiscNode_Controller, CHI_MiscNode_Controller -> build_Intel_8592/python/_m5/param_CHI_MiscNode_Controller.cc
 [SO Param] m5.objects.ExternalMaster, ExternalMaster -> build_Intel_8592/params/ExternalMaster.hh
 [ENUMDECL] m5.objects.GarnetLink, CDCType -> build_Intel_8592/enums/CDCType.hh
 [SO Param] m5.objects.Prefetcher, AMPMPrefetcher -> build_Intel_8592/params/AMPMPrefetcher.hh
 [SO Param] m5.objects.RubyDirectedTester, DirectedGenerator -> build_Intel_8592/python/_m5/param_DirectedGenerator.cc
 [SO Param] m5.objects.ReplacementPolicies, BaseReplacementPolicy -> build_Intel_8592/params/BaseReplacementPolicy.hh
 [SO Param] m5.objects.Cache, WriteAllocator -> build_Intel_8592/python/_m5/param_WriteAllocator.cc
 [SO Param] m5.objects.BaseMinorCPU, BaseMinorCPU -> build_Intel_8592/python/_m5/param_BaseMinorCPU.cc
 [SO Param] m5.objects.GarnetLink, NetworkBridge -> build_Intel_8592/params/NetworkBridge.hh
 [SO Param] m5.objects.BasicLink, BasicExtLink -> build_Intel_8592/python/_m5/param_BasicExtLink.cc
 [SO Param] m5.objects.BranchPredictor, TAGE_SC_L_8KB_StatisticalCorrector -> build_Intel_8592/params/TAGE_SC_L_8KB_StatisticalCorrector.hh
 [SO Param] m5.objects.Compressors, BaseDictionaryCompressor -> build_Intel_8592/python/_m5/param_BaseDictionaryCompressor.cc
 [SO Param] m5.objects.LooppointAnalysis, LooppointAnalysis -> build_Intel_8592/python/_m5/param_LooppointAnalysis.cc
 [SO Param] m5.objects.XBar, NoncoherentXBar -> build_Intel_8592/params/NoncoherentXBar.hh
 [SO Param] m5.objects.TimingExpr, TimingExprUn -> build_Intel_8592/python/_m5/param_TimingExprUn.cc
 [SO Param] m5.objects.InstTracer, InstDisassembler -> build_Intel_8592/params/InstDisassembler.hh
 [SO Param] m5.objects.BaseMinorCPU, MinorFU -> build_Intel_8592/params/MinorFU.hh
 [SO Param] m5.objects.ReplacementPolicies, SHiPPCRP -> build_Intel_8592/params/SHiPPCRP.hh
 [SO Param] m5.objects.CHI_MiscNode_Controller, CHI_MiscNode_Controller -> build_Intel_8592/params/CHI_MiscNode_Controller.hh
 [SO Param] m5.objects.RubyDirectedTester, DirectedGenerator -> build_Intel_8592/params/DirectedGenerator.hh
 [SO Param] m5.objects.ReplacementPolicies, BRRIPRP -> build_Intel_8592/params/BRRIPRP.hh
 [SO Param] m5.objects.Cache, WriteAllocator -> build_Intel_8592/params/WriteAllocator.hh
 [SO Param] m5.objects.BaseMinorCPU, BaseMinorCPU -> build_Intel_8592/params/BaseMinorCPU.hh
 [SO Param] m5.objects.BasicLink, BasicExtLink -> build_Intel_8592/params/BasicExtLink.hh
 [SO Param] m5.objects.BaseSimpleCPU, BaseSimpleCPU -> build_Intel_8592/python/_m5/param_BaseSimpleCPU.cc
 [SO Param] m5.objects.SimObject, SimObject -> build_Intel_8592/params/SimObject.hh
 [SO Param] m5.objects.Compressors, BaseDictionaryCompressor -> build_Intel_8592/params/BaseDictionaryCompressor.hh
 [SO Param] m5.objects.FUPool, FUPool -> build_Intel_8592/python/_m5/param_FUPool.cc
 [SO Param] m5.objects.LooppointAnalysis, LooppointAnalysis -> build_Intel_8592/params/LooppointAnalysis.hh
 [SO Param] m5.objects.System, System -> build_Intel_8592/params/System.hh
 [SO Param] m5.objects.TimingExpr, TimingExprUn -> build_Intel_8592/params/TimingExprUn.hh
 [SO Param] m5.objects.Compressors, Base32Delta16 -> build_Intel_8592/python/_m5/param_Base32Delta16.cc
 [SO Param] m5.objects.BranchPredictor, BTBSetAssociative -> build_Intel_8592/python/_m5/param_BTBSetAssociative.cc
 [SO Param] m5.objects.BranchPredictor, MultiperspectivePerceptronTAGE -> build_Intel_8592/python/_m5/param_MultiperspectivePerceptronTAGE.cc
 [SO Param] m5.objects.BaseSimpleCPU, BaseSimpleCPU -> build_Intel_8592/params/BaseSimpleCPU.hh
 [SO Param] m5.objects.FUPool, FUPool -> build_Intel_8592/params/FUPool.hh
 [SO Param] m5.objects.BranchPredictor, TAGE_SC_L_TAGE_8KB -> build_Intel_8592/python/_m5/param_TAGE_SC_L_TAGE_8KB.cc
 [SO Param] m5.objects.Compressors, Base32Delta16 -> build_Intel_8592/params/Base32Delta16.hh
 [SO Param] m5.objects.MemDelay, SimpleMemDelay -> build_Intel_8592/python/_m5/param_SimpleMemDelay.cc
 [SO Param] m5.objects.BranchPredictor, BTBSetAssociative -> build_Intel_8592/params/BTBSetAssociative.hh
 [ENUM STR] m5.objects.Graphics, ImageFormat -> build_Intel_8592/enums/ImageFormat.cc
 [SO Param] m5.objects.BranchPredictor, MultiperspectivePerceptronTAGE -> build_Intel_8592/params/MultiperspectivePerceptronTAGE.hh
 [SO Param] m5.objects.Prefetcher, MultiPrefetcher -> build_Intel_8592/params/MultiPrefetcher.hh
 [SO Param] m5.objects.Network, RubyNetwork -> build_Intel_8592/python/_m5/param_RubyNetwork.cc
 [SO Param] m5.objects.TimingExpr, TimingExpr -> build_Intel_8592/python/_m5/param_TimingExpr.cc
 [SO Param] m5.objects.Prefetcher, AccessMapPatternMatching -> build_Intel_8592/python/_m5/param_AccessMapPatternMatching.cc
 [SO Param] m5.objects.MemDelay, SimpleMemDelay -> build_Intel_8592/params/SimpleMemDelay.hh
 [ENUMDECL] m5.objects.Graphics, ImageFormat -> build_Intel_8592/enums/ImageFormat.hh
 [ENUM STR] m5.objects.MemCtrl, MemSched -> build_Intel_8592/enums/MemSched.cc
 [SO Param] m5.objects.GarnetLink, CreditLink -> build_Intel_8592/python/_m5/param_CreditLink.cc
 [     CXX] build_Intel_8592/python/_m5/param_BasePartitioningPolicy.cc -> .o
 [     CXX] src/mem/port_proxy.cc -> build_Intel_8592/mem/port_proxy.o
 [     CXX] src/mem/port.cc -> build_Intel_8592/mem/port.o
 [     CXX] src/sst/outgoing_request_bridge.cc -> build_Intel_8592/sst/outgoing_request_bridge.o
 [     CXX] src/mem/tport.cc -> build_Intel_8592/mem/tport.o
 [     CXX] src/kern/system_events.cc -> build_Intel_8592/kern/system_events.o
 [     CXX] src/cpu/o3/store_set.cc -> build_Intel_8592/cpu/o3/store_set.o
 [     CXX] src/mem/cache/replacement_policies/tree_plru_rp.cc -> build_Intel_8592/mem/cache/replacement_policies/tree_plru_rp.o
 [     CXX] build_Intel_8592/python/_m5/param_BaseReplacementPolicy.cc -> .o
 [SO Param] m5.objects.Probe, ProbeListenerObject -> build_Intel_8592/params/ProbeListenerObject.hh
 [     CXX] src/cpu/o3/regfile.cc -> build_Intel_8592/cpu/o3/regfile.o
 [     CXX] src/mem/cache/replacement_policies/brrip_rp.cc -> build_Intel_8592/mem/cache/replacement_policies/brrip_rp.o
 [     CXX] src/cpu/o3/free_list.cc -> build_Intel_8592/cpu/o3/free_list.o
 [     CXX] src/mem/cache/tags/partitioning_policies/way_allocation.cc -> build_Intel_8592/mem/cache/tags/partitioning_policies/way_allocation.o
 [     CXX] build_Intel_8592/python/_m5/param_TreePLRURP.cc -> .o
 [     CXX] src/mem/external_slave.cc -> build_Intel_8592/mem/external_slave.o
 [     CXX] build_Intel_8592/python/_m5/param_ExternalSlave.cc -> .o
 [     CXX] src/mem/port_terminator.cc -> build_Intel_8592/mem/port_terminator.o
 [     CXX] src/mem/cache/tags/partitioning_policies/base_pp.cc -> build_Intel_8592/mem/cache/tags/partitioning_policies/base_pp.o
 [     CXX] build_Intel_8592/python/_m5/param_PortTerminator.cc -> .o
 [     CXX] build_Intel_8592/python/_m5/param_WayPolicyAllocation.cc -> .o
 [SO Param] m5.objects.ThermalModel, ThermalModel -> build_Intel_8592/params/ThermalModel.hh
 [SO Param] m5.objects.BranchPredictor, TAGE_SC_L_64KB_StatisticalCorrector -> build_Intel_8592/python/_m5/param_TAGE_SC_L_64KB_StatisticalCorrector.cc
 [SO Param] m5.objects.Compressors, Base32Delta8 -> build_Intel_8592/python/_m5/param_Base32Delta8.cc
 [SO Param] m5.objects.Network, RubyNetwork -> build_Intel_8592/params/RubyNetwork.hh
 [SO Param] m5.objects.TimingExpr, TimingExpr -> build_Intel_8592/params/TimingExpr.hh
 [SO Param] m5.objects.Prefetcher, AccessMapPatternMatching -> build_Intel_8592/params/AccessMapPatternMatching.hh
 [SO Param] m5.objects.RubyDirectedTester, RubyDirectedTester -> build_Intel_8592/python/_m5/param_RubyDirectedTester.cc
 [     CXX] src/base/imgwriter.cc -> build_Intel_8592/base/imgwriter.o
 [     CXX] build_Intel_8592/enums/ImageFormat.cc -> .o
 [     CXX] src/base/bmpwriter.cc -> build_Intel_8592/base/bmpwriter.o
 [ENUMDECL] m5.objects.MemCtrl, MemSched -> build_Intel_8592/enums/MemSched.hh
 [SO Param] m5.objects.GarnetLink, CreditLink -> build_Intel_8592/params/CreditLink.hh
 [     CXX] build_Intel_8592/python/_m5/param_SimpleTrace.cc -> .o
 [SO Param] m5.objects.BasicLink, BasicLink -> build_Intel_8592/python/_m5/param_BasicLink.cc
 [SO Param] m5.objects.BranchPredictor, TAGE_SC_L_64KB_StatisticalCorrector -> build_Intel_8592/params/TAGE_SC_L_64KB_StatisticalCorrector.hh
 [SO Param] m5.objects.Compressors, Base32Delta8 -> build_Intel_8592/params/Base32Delta8.hh
 [SO Param] m5.objects.TimingExpr, TimingExprRef -> build_Intel_8592/python/_m5/param_TimingExprRef.cc
 [SO Param] m5.objects.BranchPredictor, TAGE_SC_L_TAGE_8KB -> build_Intel_8592/params/TAGE_SC_L_TAGE_8KB.hh
 [SO Param] m5.objects.BaseO3CPU, BaseO3CPU -> build_Intel_8592/python/_m5/param_BaseO3CPU.cc
 [SO Param] m5.objects.CommMonitor, CommMonitor -> build_Intel_8592/python/_m5/param_CommMonitor.cc
 [SO Param] m5.objects.Workload, StubWorkload -> build_Intel_8592/params/StubWorkload.hh
 [     CXX] build_Intel_8592/enums/MemSched.cc -> .o
 [SO Param] m5.objects.TimingExpr, TimingExprRef -> build_Intel_8592/params/TimingExprRef.hh
 [SO Param] m5.objects.SimpleLink, SimpleIntLink -> build_Intel_8592/python/_m5/param_SimpleIntLink.cc
 [SO Param] m5.objects.BaseO3CPU, BaseO3CPU -> build_Intel_8592/params/BaseO3CPU.hh
 [SO Param] m5.objects.BranchPredictor, BTBIndexingPolicy -> build_Intel_8592/python/_m5/param_BTBIndexingPolicy.cc
 [SO Param] m5.objects.CommMonitor, CommMonitor -> build_Intel_8592/params/CommMonitor.hh
 [SO Param] m5.objects.BaseMinorCPU, MinorFUTiming -> build_Intel_8592/python/_m5/param_MinorFUTiming.cc
 [SO Param] m5.objects.BranchPredictor, MPP_StatisticalCorrector -> build_Intel_8592/python/_m5/param_MPP_StatisticalCorrector.cc
 [SO Param] m5.objects.QoSPolicy, QoSPropFairPolicy -> build_Intel_8592/python/_m5/param_QoSPropFairPolicy.cc
 [SO Param] m5.objects.MemChecker, MemChecker -> build_Intel_8592/python/_m5/param_MemChecker.cc
 [SO Param] m5.objects.Prefetcher, FetchDirectedPrefetcher -> build_Intel_8592/python/_m5/param_FetchDirectedPrefetcher.cc
 [SO Param] m5.objects.GarnetNetwork, GarnetRouter -> build_Intel_8592/python/_m5/param_GarnetRouter.cc
 [SO Param] m5.objects.QoSPolicy, QoSPolicy -> build_Intel_8592/python/_m5/param_QoSPolicy.cc
 [SO Param] m5.objects.NVMInterface, NVMInterface -> build_Intel_8592/python/_m5/param_NVMInterface.cc
 [SO Param] m5.objects.BaseCPU, BaseCPU -> build_Intel_8592/python/_m5/param_BaseCPU.cc
 [SO Param] m5.objects.SimpleLink, SimpleIntLink -> build_Intel_8592/params/SimpleIntLink.hh
 [SO Param] m5.objects.MemDelay, MemDelay -> build_Intel_8592/python/_m5/param_MemDelay.cc
 [SO Param] m5.objects.BranchPredictor, BTBIndexingPolicy -> build_Intel_8592/params/BTBIndexingPolicy.hh
 [SO Param] m5.objects.TimingExpr, TimingExprLet -> build_Intel_8592/python/_m5/param_TimingExprLet.cc
 [SO Param] m5.objects.BranchPredictor, MPP_StatisticalCorrector -> build_Intel_8592/params/MPP_StatisticalCorrector.hh
 [SO Param] m5.objects.QoSPolicy, QoSPropFairPolicy -> build_Intel_8592/params/QoSPropFairPolicy.hh
 [SO Param] m5.objects.QoSPolicy, QoSPolicy -> build_Intel_8592/params/QoSPolicy.hh
 [SO Param] m5.objects.MemChecker, MemChecker -> build_Intel_8592/params/MemChecker.hh
 [SO Param] m5.objects.Prefetcher, FetchDirectedPrefetcher -> build_Intel_8592/params/FetchDirectedPrefetcher.hh
 [SO Param] m5.objects.BaseMinorCPU, MinorFUTiming -> build_Intel_8592/params/MinorFUTiming.hh
 [SO Param] m5.objects.GarnetNetwork, GarnetRouter -> build_Intel_8592/params/GarnetRouter.hh
 [SO Param] m5.objects.Prefetcher, QueuedPrefetcher -> build_Intel_8592/params/QueuedPrefetcher.hh
 [SO Param] m5.objects.NVMInterface, NVMInterface -> build_Intel_8592/params/NVMInterface.hh
 [SO Param] m5.objects.Prefetcher, SignaturePathPrefetcherV2 -> build_Intel_8592/python/_m5/param_SignaturePathPrefetcherV2.cc
 [SO Param] m5.objects.Prefetcher, BasePrefetcher -> build_Intel_8592/python/_m5/param_BasePrefetcher.cc
 [SO Param] m5.objects.BaseCPU, BaseCPU -> build_Intel_8592/params/BaseCPU.hh
 [SO Param] m5.objects.MemDelay, MemDelay -> build_Intel_8592/params/MemDelay.hh
 [ENUM STR] m5.objects.QoSMemCtrl, QoSQPolicy -> build_Intel_8592/enums/QoSQPolicy.cc
 [SO Param] m5.objects.BasicLink, BasicLink -> build_Intel_8592/params/BasicLink.hh
 [SO Param] m5.objects.MemCtrl, MemCtrl -> build_Intel_8592/python/_m5/param_MemCtrl.cc
 [ENUMDECL] m5.objects.PowerState, PwrState -> build_Intel_8592/enums/PwrState.hh
 [SO Param] m5.objects.ReplacementPolicies, FIFORP -> build_Intel_8592/python/_m5/param_FIFORP.cc
 [SO Param] m5.objects.TimingExpr, TimingExprLet -> build_Intel_8592/params/TimingExprLet.hh
 [SO Param] m5.objects.BranchPredictor, TAGE_SC_L -> build_Intel_8592/python/_m5/param_TAGE_SC_L.cc
 [SO Param] m5.objects.Compressors, Base64Delta32 -> build_Intel_8592/python/_m5/param_Base64Delta32.cc
 [SO Param] m5.objects.CHIGeneric, CHIGenericController -> build_Intel_8592/params/CHIGenericController.hh
 [SO Param] m5.objects.Tags, TaggedSetAssociative -> build_Intel_8592/python/_m5/param_TaggedSetAssociative.cc
 [SO Param] m5.objects.Prefetcher, SignaturePathPrefetcherV2 -> build_Intel_8592/params/SignaturePathPrefetcherV2.hh
 [SO Param] m5.objects.Prefetcher, BasePrefetcher -> build_Intel_8592/params/BasePrefetcher.hh
 [SO Param] m5.objects.ReplacementPolicies, DuelingRP -> build_Intel_8592/python/_m5/param_DuelingRP.cc
 [     CXX] src/mem/mem_checker.cc -> build_Intel_8592/mem/mem_checker.o
 [     CXX] build_Intel_8592/python/_m5/param_MemChecker.cc -> .o
 [SO Param] m5.objects.Sequencer, RubySequencer -> build_Intel_8592/python/_m5/param_RubySequencer.cc
 [SO Param] m5.objects.BranchPredictor, TAGE_SC_L_TAGE_64KB -> build_Intel_8592/python/_m5/param_TAGE_SC_L_TAGE_64KB.cc
 [SO Param] m5.objects.MemCtrl, MemCtrl -> build_Intel_8592/params/MemCtrl.hh
 [ENUMDECL] m5.objects.QoSMemCtrl, QoSQPolicy -> build_Intel_8592/enums/QoSQPolicy.hh
 [SO Param] m5.objects.ReplacementPolicies, FIFORP -> build_Intel_8592/params/FIFORP.hh
 [SO Param] m5.objects.BranchPredictor, TAGE_SC_L -> build_Intel_8592/params/TAGE_SC_L.hh
 [SO Param] m5.objects.Compressors, Base64Delta32 -> build_Intel_8592/params/Base64Delta32.hh
 [SO Param] m5.objects.Tags, TaggedSetAssociative -> build_Intel_8592/params/TaggedSetAssociative.hh
 [ENUM STR] m5.objects.MessageBuffer, MessageRandomization -> build_Intel_8592/enums/MessageRandomization.cc
 [SO Param] m5.objects.ReplacementPolicies, DuelingRP -> build_Intel_8592/params/DuelingRP.hh
 [SO Param] m5.objects.Sequencer, RubySequencer -> build_Intel_8592/params/RubySequencer.hh
 [SO Param] m5.objects.BranchPredictor, TAGE_SC_L_TAGE_64KB -> build_Intel_8592/params/TAGE_SC_L_TAGE_64KB.hh
 [ENUM STR] m5.objects.Cache, Clusivity -> build_Intel_8592/enums/Clusivity.cc
 [SO Param] m5.objects.Workload, Workload -> build_Intel_8592/params/Workload.hh
 [SO Param] m5.objects.BranchPredictor, SimpleBTB -> build_Intel_8592/python/_m5/param_SimpleBTB.cc
 [ENUMDECL] m5.objects.Cache, Clusivity -> build_Intel_8592/enums/Clusivity.hh
 [SO Param] m5.objects.LooppointAnalysis, LooppointAnalysisManager -> build_Intel_8592/python/_m5/param_LooppointAnalysisManager.cc
 [SO Param] m5.objects.QoSPolicy, QoSFixedPriorityPolicy -> build_Intel_8592/python/_m5/param_QoSFixedPriorityPolicy.cc
 [SO Param] m5.objects.Prefetcher, PIFPrefetcher -> build_Intel_8592/python/_m5/param_PIFPrefetcher.cc
 [SO Param] m5.objects.CPUTracers, NativeTrace -> build_Intel_8592/python/_m5/param_NativeTrace.cc
 [SO Param] m5.objects.Prefetcher, MultiPrefetcher -> build_Intel_8592/python/_m5/param_MultiPrefetcher.cc
 [SO Param] m5.objects.ReplacementPolicies, SHiPMemRP -> build_Intel_8592/python/_m5/param_SHiPMemRP.cc
 [SO Param] m5.objects.BranchPredictor, SimpleBTB -> build_Intel_8592/params/SimpleBTB.hh
 [ENUM STR] m5.objects.BranchPredictor, TargetProvider -> build_Intel_8592/enums/TargetProvider.cc
 [SO Param] m5.objects.XBar, BaseXBar -> build_Intel_8592/python/_m5/param_BaseXBar.cc
 [SO Param] m5.objects.TimingExpr, TimingExprSrcReg -> build_Intel_8592/python/_m5/param_TimingExprSrcReg.cc
 [SO Param] m5.objects.BranchPredictor, ConditionalPredictor -> build_Intel_8592/python/_m5/param_ConditionalPredictor.cc
 [SO Param] m5.objects.LooppointAnalysis, LooppointAnalysisManager -> build_Intel_8592/params/LooppointAnalysisManager.hh
 [ENUM STR] m5.objects.BaseTrafficGen, StreamGenType -> build_Intel_8592/enums/StreamGenType.cc
 [SO Param] m5.objects.BaseMinorCPU, MinorOpClassSet -> build_Intel_8592/python/_m5/param_MinorOpClassSet.cc
 [SO Param] m5.objects.BranchPredictor, MPP_LoopPredictor -> build_Intel_8592/python/_m5/param_MPP_LoopPredictor.cc
 [     CXX] build_Intel_8592/enums/QoSQPolicy.cc -> .o
 [     CXX] build_Intel_8592/python/_m5/param_SecondChanceRP.cc -> .o
 [     CXX] src/mem/cache/replacement_policies/fifo_rp.cc -> build_Intel_8592/mem/cache/replacement_policies/fifo_rp.o
 [     CXX] src/mem/cache/replacement_policies/second_chance_rp.cc -> build_Intel_8592/mem/cache/replacement_policies/second_chance_rp.o
 [ENUMDECL] m5.objects.MessageBuffer, MessageRandomization -> build_Intel_8592/enums/MessageRandomization.hh
 [     CXX] build_Intel_8592/python/_m5/param_FIFORP.cc -> .o
 [SO Param] m5.objects.BloomFilters, BloomFilterPerfect -> build_Intel_8592/python/_m5/param_BloomFilterPerfect.cc
 [SO Param] m5.objects.QoSPolicy, QoSFixedPriorityPolicy -> build_Intel_8592/params/QoSFixedPriorityPolicy.hh
 [SO Param] m5.objects.Prefetcher, PIFPrefetcher -> build_Intel_8592/params/PIFPrefetcher.hh
 [SO Param] m5.objects.CPUTracers, NativeTrace -> build_Intel_8592/params/NativeTrace.hh
 [     CXX] build_Intel_8592/python/_m5/param_DuelingRP.cc -> .o
 [     CXX] src/mem/cache/replacement_policies/dueling_rp.cc -> build_Intel_8592/mem/cache/replacement_policies/dueling_rp.o
 [SO Param] m5.objects.ReplacementPolicies, SHiPMemRP -> build_Intel_8592/params/SHiPMemRP.hh
 [SO Param] m5.objects.QoSMemCtrl, QoSMemCtrl -> build_Intel_8592/python/_m5/param_QoSMemCtrl.cc
 [ENUMDECL] m5.objects.BranchPredictor, TargetProvider -> build_Intel_8592/enums/TargetProvider.hh
 [SO Param] m5.objects.InstDecoder, InstDecoder -> build_Intel_8592/params/InstDecoder.hh
 [SO Param] m5.objects.XBar, BaseXBar -> build_Intel_8592/params/BaseXBar.hh
 [     CXX] build_Intel_8592/enums/Clusivity.cc -> .o
 [SO Param] m5.objects.TimingExpr, TimingExprSrcReg -> build_Intel_8592/params/TimingExprSrcReg.hh
 [SO Param] m5.objects.BranchPredictor, ConditionalPredictor -> build_Intel_8592/params/ConditionalPredictor.hh
 [SO Param] m5.objects.BranchPredictor, StatisticalCorrector -> build_Intel_8592/python/_m5/param_StatisticalCorrector.cc
 [SO Param] m5.objects.Compressors, Base64Delta16 -> build_Intel_8592/python/_m5/param_Base64Delta16.cc
 [SO Param] m5.objects.BloomFilters, BloomFilterBase -> build_Intel_8592/python/_m5/param_BloomFilterBase.cc
 [SO Param] m5.objects.BranchPredictor, MPP_LoopPredictor -> build_Intel_8592/params/MPP_LoopPredictor.hh
 [SO Param] m5.objects.Tags, TaggedIndexingPolicy -> build_Intel_8592/python/_m5/param_TaggedIndexingPolicy.cc
 [SO Param] m5.objects.BloomFilters, BloomFilterPerfect -> build_Intel_8592/params/BloomFilterPerfect.hh
 [SO Param] m5.objects.CHI_Memory_Controller, CHI_Memory_Controller -> build_Intel_8592/python/_m5/param_CHI_Memory_Controller.cc
 [ENUM STR] m5.objects.DRAMInterface, PageManage -> build_Intel_8592/enums/PageManage.cc
 [ENUM STR] m5.objects.StaticInstFlags, StaticInstFlags -> build_Intel_8592/enums/StaticInstFlags.cc
 [SO Param] m5.objects.Sequencer, RubyPortProxy -> build_Intel_8592/python/_m5/param_RubyPortProxy.cc
 [SO Param] m5.objects.BranchPredictor, TAGE_SC_L_TAGE -> build_Intel_8592/python/_m5/param_TAGE_SC_L_TAGE.cc
 [SO Param] m5.objects.QoSMemCtrl, QoSMemCtrl -> build_Intel_8592/params/QoSMemCtrl.hh
 [SO Param] m5.objects.BranchPredictor, StatisticalCorrector -> build_Intel_8592/params/StatisticalCorrector.hh
 [SO Param] m5.objects.Compressors, Base64Delta16 -> build_Intel_8592/params/Base64Delta16.hh
 [SO Param] m5.objects.BloomFilters, BloomFilterBase -> build_Intel_8592/params/BloomFilterBase.hh
 [SO Param] m5.objects.Tags, TaggedIndexingPolicy -> build_Intel_8592/params/TaggedIndexingPolicy.hh
 [SO Param] m5.objects.MessageBuffer, MessageBuffer -> build_Intel_8592/python/_m5/param_MessageBuffer.cc
 [ENUMDECL] m5.objects.BaseTrafficGen, StreamGenType -> build_Intel_8592/enums/StreamGenType.hh
 [SO Param] m5.objects.CHI_Memory_Controller, CHI_Memory_Controller -> build_Intel_8592/params/CHI_Memory_Controller.hh
 [ENUMDECL] m5.objects.DRAMInterface, PageManage -> build_Intel_8592/enums/PageManage.hh
 [ENUMDECL] m5.objects.StaticInstFlags, StaticInstFlags -> build_Intel_8592/enums/StaticInstFlags.hh
 [SO Param] m5.objects.Sequencer, RubyPortProxy -> build_Intel_8592/params/RubyPortProxy.hh
 [SO Param] m5.objects.BranchPredictor, TAGE_SC_L_TAGE -> build_Intel_8592/params/TAGE_SC_L_TAGE.hh
 [SO Param] m5.objects.Prefetcher, StridePrefetcherHashedSetAssociative -> build_Intel_8592/python/_m5/param_StridePrefetcherHashedSetAssociative.cc
 [ENUM STR] m5.objects.BranchPredictor, BranchType -> build_Intel_8592/enums/BranchType.cc
 [     CXX] build_Intel_8592/enums/MessageRandomization.cc -> .o
 [SO Param] m5.objects.KvmVM, KvmVM -> build_Intel_8592/python/_m5/param_KvmVM.cc
 [SO Param] m5.objects.Cache, NoncoherentCache -> build_Intel_8592/python/_m5/param_NoncoherentCache.cc
 [SO Param] m5.objects.SimpleMemory, SimpleMemory -> build_Intel_8592/python/_m5/param_SimpleMemory.cc
 [SO Param] m5.objects.MessageBuffer, MessageBuffer -> build_Intel_8592/params/MessageBuffer.hh
 [SO Param] m5.objects.QoSMemSinkInterface, QoSMemSinkInterface -> build_Intel_8592/python/_m5/param_QoSMemSinkInterface.cc
 [SO Param] m5.objects.FaultModel, FaultModel -> build_Intel_8592/python/_m5/param_FaultModel.cc
 [SO Param] m5.objects.Prefetcher, StridePrefetcherHashedSetAssociative -> build_Intel_8592/params/StridePrefetcherHashedSetAssociative.hh
 [     CXX] build_Intel_8592/enums/TargetProvider.cc -> .o
 [SO Param] m5.objects.BranchPredictor, BranchTargetBuffer -> build_Intel_8592/python/_m5/param_BranchTargetBuffer.cc
 [ENUMDECL] m5.objects.BranchPredictor, BranchType -> build_Intel_8592/enums/BranchType.hh
 [SO Param] m5.objects.KvmVM, KvmVM -> build_Intel_8592/params/KvmVM.hh
 [SO Param] m5.objects.Cache, NoncoherentCache -> build_Intel_8592/params/NoncoherentCache.hh
 [SO Param] m5.objects.SimpleMemory, SimpleMemory -> build_Intel_8592/params/SimpleMemory.hh
 [SO Param] m5.objects.Prefetcher, STeMSPrefetcher -> build_Intel_8592/python/_m5/param_STeMSPrefetcher.cc
 [SO Param] m5.objects.ReplacementPolicies, RandomRP -> build_Intel_8592/python/_m5/param_RandomRP.cc
 [SO Param] m5.objects.GarnetLink, NetworkLink -> build_Intel_8592/python/_m5/param_NetworkLink.cc
 [SO Param] m5.objects.FaultModel, FaultModel -> build_Intel_8592/params/FaultModel.hh
 [SO Param] m5.objects.BaseInterrupts, BaseInterrupts -> build_Intel_8592/params/BaseInterrupts.hh
 [SO Param] m5.objects.ReplacementPolicies, SHiPRP -> build_Intel_8592/python/_m5/param_SHiPRP.cc
 [SO Param] m5.objects.BranchPredictor, BranchTargetBuffer -> build_Intel_8592/params/BranchTargetBuffer.hh
 [SO Param] m5.objects.Controller, RubyController -> build_Intel_8592/python/_m5/param_RubyController.cc
 [SO Param] m5.objects.BaseTimingSimpleCPU, BaseTimingSimpleCPU -> build_Intel_8592/python/_m5/param_BaseTimingSimpleCPU.cc
 [SO Param] m5.objects.BaseTrafficGen, BaseTrafficGen -> build_Intel_8592/python/_m5/param_BaseTrafficGen.cc
 [SO Param] m5.objects.BranchPredictor, MPP_TAGE -> build_Intel_8592/python/_m5/param_MPP_TAGE.cc
 [SO Param] m5.objects.BloomFilters, BloomFilterMulti -> build_Intel_8592/python/_m5/param_BloomFilterMulti.cc
 [SO Param] m5.objects.Prefetcher, STeMSPrefetcher -> build_Intel_8592/params/STeMSPrefetcher.hh
 [SO Param] m5.objects.BranchPredictor, IndirectPredictor -> build_Intel_8592/python/_m5/param_IndirectPredictor.cc
 [     CXX] src/base/filters/multi_bit_sel_bloom_filter.cc -> build_Intel_8592/base/filters/multi_bit_sel_bloom_filter.o
 [     CXX] src/mem/cache/tags/super_blk.cc -> build_Intel_8592/mem/cache/tags/super_blk.o
 [     CXX] build_Intel_8592/python/_m5/param_MaxCapacityPartitioningPolicy.cc -> .o
 [     CXX] build_Intel_8592/enums/StreamGenType.cc -> .o
 [     CXX] build_Intel_8592/python/_m5/param_TaggedSetAssociative.cc -> .o
 [     CXX] build_Intel_8592/enums/PageManage.cc -> .o
 [     CXX] build_Intel_8592/enums/StaticInstFlags.cc -> .o
 [     CXX] src/mem/cache/tags/sector_blk.cc -> build_Intel_8592/mem/cache/tags/sector_blk.o
 [     CXX] build_Intel_8592/python/_m5/param_TaggedIndexingPolicy.cc -> .o
 [     CXX] src/mem/cache/cache_blk.cc -> build_Intel_8592/mem/cache/cache_blk.o
 [     CXX] src/mem/cache/tags/partitioning_policies/max_capacity_pp.cc -> build_Intel_8592/mem/cache/tags/partitioning_policies/max_capacity_pp.o
 [     CXX] build_Intel_8592/python/_m5/param_BloomFilterBlock.cc -> .o
 [     CXX] build_Intel_8592/python/_m5/param_BloomFilterBase.cc -> .o
 [     CXX] src/base/filters/block_bloom_filter.cc -> build_Intel_8592/base/filters/block_bloom_filter.o
 [     CXX] src/base/filters/perfect_bloom_filter.cc -> build_Intel_8592/base/filters/perfect_bloom_filter.o
 [     CXX] build_Intel_8592/python/_m5/param_BloomFilterPerfect.cc -> .o
 [SO Param] m5.objects.ReplacementPolicies, RandomRP -> build_Intel_8592/params/RandomRP.hh
 [SO Param] m5.objects.GarnetLink, NetworkLink -> build_Intel_8592/params/NetworkLink.hh
 [SO Param] m5.objects.ReplacementPolicies, SHiPRP -> build_Intel_8592/params/SHiPRP.hh
 [     CXX] build_Intel_8592/enums/BranchType.cc -> .o
 [SO Param] m5.objects.Controller, RubyController -> build_Intel_8592/params/RubyController.hh
 [SO Param] m5.objects.Compressors, Base64Delta8 -> build_Intel_8592/python/_m5/param_Base64Delta8.cc
 [SO Param] m5.objects.BaseTimingSimpleCPU, BaseTimingSimpleCPU -> build_Intel_8592/params/BaseTimingSimpleCPU.hh
 [SO Param] m5.objects.BaseTrafficGen, BaseTrafficGen -> build_Intel_8592/params/BaseTrafficGen.hh
 [SO Param] m5.objects.SerialLink, SerialLink -> build_Intel_8592/python/_m5/param_SerialLink.cc
 [SO Param] m5.objects.AddrMapper, RangeAddrMapper -> build_Intel_8592/python/_m5/param_RangeAddrMapper.cc
 [SO Param] m5.objects.BranchPredictor, MPP_TAGE -> build_Intel_8592/params/MPP_TAGE.hh
 [SO Param] m5.objects.Tags, FALRU -> build_Intel_8592/python/_m5/param_FALRU.cc
 [     CXX] build_Intel_8592/python/_m5/param_FaultModel.cc -> .o
 [     CXX] src/mem/ruby/network/fault_model/FaultModel.cc -> build_Intel_8592/mem/ruby/network/fault_model/FaultModel.o
 [SO Param] m5.objects.BloomFilters, BloomFilterMulti -> build_Intel_8592/params/BloomFilterMulti.hh
 [SO Param] m5.objects.Sequencer, DMASequencer -> build_Intel_8592/python/_m5/param_DMASequencer.cc
 [SO Param] m5.objects.BranchPredictor, IndirectPredictor -> build_Intel_8592/params/IndirectPredictor.hh
 [SO Param] m5.objects.DRAMInterface, DRAMInterface -> build_Intel_8592/python/_m5/param_DRAMInterface.cc
 [SO Param] m5.objects.CPUTracers, IntelTrace -> build_Intel_8592/python/_m5/param_IntelTrace.cc
 [SO Param] m5.objects.BranchPredictor, TAGE_SC_L_64KB -> build_Intel_8592/python/_m5/param_TAGE_SC_L_64KB.cc
 [SO Param] m5.objects.Sequencer, RubyPort -> build_Intel_8592/python/_m5/param_RubyPort.cc
 [SO Param] m5.objects.BranchPredictor, LoopPredictor -> build_Intel_8592/python/_m5/param_LoopPredictor.cc
 [     CXX] build_Intel_8592/python/_m5/param_RandomRP.cc -> .o
 [     CXX] src/mem/cache/replacement_policies/random_rp.cc -> build_Intel_8592/mem/cache/replacement_policies/random_rp.o
 [     CXX] src/mem/cache/replacement_policies/ship_rp.cc -> build_Intel_8592/mem/cache/replacement_policies/ship_rp.o
 [     CXX] build_Intel_8592/python/_m5/param_SHiPMemRP.cc -> .o
 [     CXX] build_Intel_8592/python/_m5/param_SHiPPCRP.cc -> .o
 [     CXX] build_Intel_8592/python/_m5/param_SHiPRP.cc -> .o
 [SO Param] m5.objects.RubyDirectedTester, RubyDirectedTester -> build_Intel_8592/params/RubyDirectedTester.hh
 [SO Param] m5.objects.SerialLink, SerialLink -> build_Intel_8592/params/SerialLink.hh
 [SO Param] m5.objects.AddrMapper, RangeAddrMapper -> build_Intel_8592/params/RangeAddrMapper.hh
 [SO Param] m5.objects.Tags, FALRU -> build_Intel_8592/params/FALRU.hh
 [SO Param] m5.objects.Sequencer, DMASequencer -> build_Intel_8592/params/DMASequencer.hh
 [SO Param] m5.objects.DRAMInterface, DRAMInterface -> build_Intel_8592/params/DRAMInterface.hh
 [     CXX] build_Intel_8592/python/_m5/param_BloomFilterMulti.cc -> .o
 [     CXX] src/base/filters/multi_bloom_filter.cc -> build_Intel_8592/base/filters/multi_bloom_filter.o
 [SO Param] m5.objects.CPUTracers, IntelTrace -> build_Intel_8592/params/IntelTrace.hh
 [SO Param] m5.objects.IndexingPolicies, SkewedAssociative -> build_Intel_8592/python/_m5/param_SkewedAssociative.cc
 [SO Param] m5.objects.BranchPredictor, TAGE_SC_L_64KB -> build_Intel_8592/params/TAGE_SC_L_64KB.hh
 [SO Param] m5.objects.PowerState, PowerState -> build_Intel_8592/params/PowerState.hh
 [SO Param] m5.objects.Sequencer, RubyPort -> build_Intel_8592/params/RubyPort.hh
 [SO Param] m5.objects.BranchPredictor, LoopPredictor -> build_Intel_8592/params/LoopPredictor.hh
 [SO Param] m5.objects.Prefetcher, QueuedPrefetcher -> build_Intel_8592/python/_m5/param_QueuedPrefetcher.cc
 [SO Param] m5.objects.SysBridge, SysBridge -> build_Intel_8592/python/_m5/param_SysBridge.cc
 [SO Param] m5.objects.BranchPredictor, GshareBP -> build_Intel_8592/python/_m5/param_GshareBP.cc
 [     CXX] build_Intel_8592/python/_m5/param_RangeAddrMapper.cc -> .o
 [     CXX] src/mem/addr_mapper.cc -> build_Intel_8592/mem/addr_mapper.o
 [ENUMDECL] m5.objects.BaseTLB, TypeTLB -> build_Intel_8592/enums/TypeTLB.hh
 [SO Param] m5.objects.Cache, Cache -> build_Intel_8592/python/_m5/param_Cache.cc
 [SO Param] m5.objects.ClockDomain, DerivedClockDomain -> build_Intel_8592/params/DerivedClockDomain.hh
 [SO Param] m5.objects.IndexingPolicies, SkewedAssociative -> build_Intel_8592/params/SkewedAssociative.hh
 [SO Param] m5.objects.Prefetcher, SignaturePathPrefetcher -> build_Intel_8592/python/_m5/param_SignaturePathPrefetcher.cc
 [SO Param] m5.objects.SysBridge, SysBridge -> build_Intel_8592/params/SysBridge.hh
 [     CXX] src/cpu/pred/loop_predictor.cc -> build_Intel_8592/cpu/pred/loop_predictor.o
 [     CXX] build_Intel_8592/python/_m5/param_LoopPredictor.cc -> .o
 [SO Param] m5.objects.BranchPredictor, GshareBP -> build_Intel_8592/params/GshareBP.hh
 [ENUM STR] m5.objects.SMT, CommitPolicy -> build_Intel_8592/enums/CommitPolicy.cc
 [SO Param] m5.objects.Cache, Cache -> build_Intel_8592/params/Cache.hh
 [SO Param] m5.objects.InstTracker, LocalInstTracker -> build_Intel_8592/python/_m5/param_LocalInstTracker.cc
 [SO Param] m5.objects.Prefetcher, SBOOEPrefetcher -> build_Intel_8592/python/_m5/param_SBOOEPrefetcher.cc
 [SO Param] m5.objects.ReplacementPolicies, MRURP -> build_Intel_8592/python/_m5/param_MRURP.cc
 [     CXX] src/mem/cache/tags/indexing_policies/skewed_associative.cc -> build_Intel_8592/mem/cache/tags/indexing_policies/skewed_associative.o
 [     CXX] build_Intel_8592/python/_m5/param_SkewedAssociative.cc -> .o
 [SO Param] m5.objects.Prefetcher, SignaturePathPrefetcher -> build_Intel_8592/params/SignaturePathPrefetcher.hh
 [SO Param] m5.objects.Compressors, ZeroCompressor -> build_Intel_8592/python/_m5/param_ZeroCompressor.cc
 [SO Param] m5.objects.BaseAtomicSimpleCPU, BaseAtomicSimpleCPU -> build_Intel_8592/python/_m5/param_BaseAtomicSimpleCPU.cc
 [SO Param] m5.objects.ReplacementPolicies, BRRIPRP -> build_Intel_8592/python/_m5/param_BRRIPRP.cc
 [ENUMDECL] m5.objects.SMT, CommitPolicy -> build_Intel_8592/enums/CommitPolicy.hh
 [SO Param] m5.objects.BranchPredictor, MultiperspectivePerceptron64KB -> build_Intel_8592/python/_m5/param_MultiperspectivePerceptron64KB.cc
 [SO Param] m5.objects.InstTracker, LocalInstTracker -> build_Intel_8592/params/LocalInstTracker.hh
 [SO Param] m5.objects.BloomFilters, BloomFilterH3 -> build_Intel_8592/python/_m5/param_BloomFilterH3.cc
 [SO Param] m5.objects.Prefetcher, SBOOEPrefetcher -> build_Intel_8592/params/SBOOEPrefetcher.hh
 [SO Param] m5.objects.ReplacementPolicies, MRURP -> build_Intel_8592/params/MRURP.hh
 [SO Param] m5.objects.Compressors, ZeroCompressor -> build_Intel_8592/params/ZeroCompressor.hh
 [SO Param] m5.objects.BaseAtomicSimpleCPU, BaseAtomicSimpleCPU -> build_Intel_8592/params/BaseAtomicSimpleCPU.hh
 [ENUM STR] m5.objects.FuncUnit, OpClass -> build_Intel_8592/enums/OpClass.cc
 [SO Param] m5.objects.GarnetNetwork, GarnetNetworkInterface -> build_Intel_8592/python/_m5/param_GarnetNetworkInterface.cc
 [SO Param] m5.objects.RedirectPath, RedirectPath -> build_Intel_8592/params/RedirectPath.hh
 [SO Param] m5.objects.RubyDirectedTester, InvalidateGenerator -> build_Intel_8592/python/_m5/param_InvalidateGenerator.cc
 [     CXX] build_Intel_8592/python/_m5/param_BRRIPRP.cc -> .o
 [     CXX] build_Intel_8592/enums/CommitPolicy.cc -> .o
 [SO Param] m5.objects.Prefetcher, SmsPrefetcher -> build_Intel_8592/python/_m5/param_SmsPrefetcher.cc
 [SO Param] m5.objects.BranchPredictor, MultiperspectivePerceptron64KB -> build_Intel_8592/params/MultiperspectivePerceptron64KB.hh
 [SO Param] m5.objects.Tags, CompressedTags -> build_Intel_8592/python/_m5/param_CompressedTags.cc
 [SO Param] m5.objects.BasicRouter, BasicRouter -> build_Intel_8592/python/_m5/param_BasicRouter.cc
 [     CXX] build_Intel_8592/python/_m5/param_MRURP.cc -> .o
 [     CXX] src/mem/cache/replacement_policies/mru_rp.cc -> build_Intel_8592/mem/cache/replacement_policies/mru_rp.o
 [SO Param] m5.objects.Sequencer, RubyHTMSequencer -> build_Intel_8592/python/_m5/param_RubyHTMSequencer.cc
 [SO Param] m5.objects.CPUTracers, ExeTracer -> build_Intel_8592/python/_m5/param_ExeTracer.cc
 [SO Param] m5.objects.RubyCache, RubyCache -> build_Intel_8592/python/_m5/param_RubyCache.cc
 [SO Param] m5.objects.GarnetNetwork, GarnetNetworkInterface -> build_Intel_8592/params/GarnetNetworkInterface.hh
 [SO Param] m5.objects.BranchPredictor, TAGE -> build_Intel_8592/python/_m5/param_TAGE.cc
 [ENUM STR] m5.objects.SMT, SMTQueuePolicy -> build_Intel_8592/enums/SMTQueuePolicy.cc
 [SO Param] m5.objects.RubyDirectedTester, InvalidateGenerator -> build_Intel_8592/params/InvalidateGenerator.hh
 [SO Param] m5.objects.Prefetcher, SmsPrefetcher -> build_Intel_8592/params/SmsPrefetcher.hh
 [SO Param] m5.objects.Tags, CompressedTags -> build_Intel_8592/params/CompressedTags.hh
 [SO Param] m5.objects.SharedMemoryServer, SharedMemoryServer -> build_Intel_8592/python/_m5/param_SharedMemoryServer.cc
 [SO Param] m5.objects.BasicRouter, BasicRouter -> build_Intel_8592/params/BasicRouter.hh
 [SO Param] m5.objects.WireBuffer, RubyWireBuffer -> build_Intel_8592/python/_m5/param_RubyWireBuffer.cc
 [SO Param] m5.objects.Sequencer, RubyHTMSequencer -> build_Intel_8592/params/RubyHTMSequencer.hh
 [SO Param] m5.objects.CPUTracers, ExeTracer -> build_Intel_8592/params/ExeTracer.hh
 [SO Param] m5.objects.IndexingPolicies, SetAssociative -> build_Intel_8592/python/_m5/param_SetAssociative.cc
 [ENUMDECL] m5.objects.FuncUnit, OpClass -> build_Intel_8592/enums/OpClass.hh
 [SO Param] m5.objects.RubyCache, RubyCache -> build_Intel_8592/params/RubyCache.hh
 [SO Param] m5.objects.BranchPredictor, TAGE -> build_Intel_8592/params/TAGE.hh
 [ENUM STR] m5.objects.GarnetLink, CDCType -> build_Intel_8592/enums/CDCType.cc
 [SO Param] m5.objects.BranchPredictor, MultiperspectivePerceptronTAGE8KB -> build_Intel_8592/python/_m5/param_MultiperspectivePerceptronTAGE8KB.cc
 [SO Param] m5.objects.BaseTLB, BaseTLB -> build_Intel_8592/params/BaseTLB.hh
 [SO Param] m5.objects.MemFootprintProbe, MemFootprintProbe -> build_Intel_8592/params/MemFootprintProbe.hh
 [SO Param] m5.objects.Cache, BaseCache -> build_Intel_8592/python/_m5/param_BaseCache.cc
 [ENUMDECL] m5.objects.SMT, SMTQueuePolicy -> build_Intel_8592/enums/SMTQueuePolicy.hh
 [SO Param] m5.objects.BaseMemProbe, BaseMemProbe -> build_Intel_8592/python/_m5/param_BaseMemProbe.cc
 [SO Param] m5.objects.ClockDomain, SrcClockDomain -> build_Intel_8592/params/SrcClockDomain.hh
 [SO Param] m5.objects.SharedMemoryServer, SharedMemoryServer -> build_Intel_8592/params/SharedMemoryServer.hh
 [SO Param] m5.objects.Compressors, MultiCompressor -> build_Intel_8592/python/_m5/param_MultiCompressor.cc
 [SO Param] m5.objects.WireBuffer, RubyWireBuffer -> build_Intel_8592/params/RubyWireBuffer.hh
 [ENUM STR] m5.objects.MemInterface, AddrMap -> build_Intel_8592/enums/AddrMap.cc
 [     CXX] build_Intel_8592/python/_m5/param_BTBSetAssociative.cc -> .o
 [     CXX] src/cpu/pred/tournament.cc -> build_Intel_8592/cpu/pred/tournament.o
 [     CXX] build_Intel_8592/python/_m5/param_BTBIndexingPolicy.cc -> .o
 [     CXX] build_Intel_8592/enums/CDCType.cc -> .o
 [     CXX] build_Intel_8592/python/_m5/param_NativeTrace.cc -> .o
 [     CXX] src/cpu/pred/ras.cc -> build_Intel_8592/cpu/pred/ras.o
 [     CXX] build_Intel_8592/python/_m5/param_IntelTrace.cc -> .o
 [     CXX] src/cpu/pred/indirect.cc -> build_Intel_8592/cpu/pred/indirect.o
 [     CXX] build_Intel_8592/enums/SMTQueuePolicy.cc -> .o
 [     CXX] src/cpu/timing_expr.cc -> build_Intel_8592/cpu/timing_expr.o
 [     CXX] build_Intel_8592/python/_m5/param_ExeTracer.cc -> .o
 [     CXX] build_Intel_8592/python/_m5/param_StatisticalCorrector.cc -> .o
 [     CXX] src/cpu/pred/conditional.cc -> build_Intel_8592/cpu/pred/conditional.o
 [     CXX] build_Intel_8592/python/_m5/param_TimingExprIf.cc -> .o
 [     CXX] build_Intel_8592/python/_m5/param_IndirectPredictor.cc -> .o
 [     CXX] src/cpu/pred/2bit_local.cc -> build_Intel_8592/cpu/pred/2bit_local.o
 [     CXX] build_Intel_8592/python/_m5/param_TimingExprBin.cc -> .o
 [     CXX] build_Intel_8592/python/_m5/param_ConditionalPredictor.cc -> .o
 [     CXX] build_Intel_8592/python/_m5/param_TimingExprUn.cc -> .o
 [     CXX] src/cpu/static_inst.cc -> build_Intel_8592/cpu/static_inst.o
 [     CXX] build_Intel_8592/python/_m5/param_TimingExprRef.cc -> .o
 [     CXX] build_Intel_8592/python/_m5/param_TournamentBP.cc -> .o
 [     CXX] build_Intel_8592/python/_m5/param_LocalBP.cc -> .o
 [     CXX] build_Intel_8592/python/_m5/param_TimingExprLet.cc -> .o
 [     CXX] build_Intel_8592/python/_m5/param_ReturnAddrStack.cc -> .o
 [     CXX] src/cpu/null_static_inst.cc -> build_Intel_8592/cpu/null_static_inst.o
 [     CXX] build_Intel_8592/python/_m5/param_TimingExprSrcReg.cc -> .o
 [     CXX] src/cpu/nop_static_inst.cc -> build_Intel_8592/cpu/nop_static_inst.o
 [     CXX] build_Intel_8592/enums/OpClass.cc -> .o
 [     CXX] build_Intel_8592/python/_m5/param_TimingExprLiteral.cc -> .o
 [     CXX] src/cpu/nativetrace.cc -> build_Intel_8592/cpu/nativetrace.o
 [     CXX] src/cpu/pred/statistical_corrector.cc -> build_Intel_8592/cpu/pred/statistical_corrector.o
 [     CXX] build_Intel_8592/python/_m5/param_TimingExpr.cc -> .o
 [     CXX] src/cpu/inteltrace.cc -> build_Intel_8592/cpu/inteltrace.o
 [SO Param] m5.objects.IndexingPolicies, SetAssociative -> build_Intel_8592/params/SetAssociative.hh
 [SO Param] m5.objects.Prefetcher, IndirectMemoryPrefetcher -> build_Intel_8592/python/_m5/param_IndirectMemoryPrefetcher.cc
 [     CXX] build_Intel_8592/python/_m5/param_SetAssociative.cc -> .o
 [     CXX] src/mem/cache/tags/indexing_policies/set_associative.cc -> build_Intel_8592/mem/cache/tags/indexing_policies/set_associative.o
 [SO Param] m5.objects.XBar, SnoopFilter -> build_Intel_8592/python/_m5/param_SnoopFilter.cc
 [SO Param] m5.objects.BranchPredictor, MultiperspectivePerceptronTAGE8KB -> build_Intel_8592/params/MultiperspectivePerceptronTAGE8KB.hh
 [SO Param] m5.objects.Cache, BaseCache -> build_Intel_8592/params/BaseCache.hh
 [SO Param] m5.objects.BaseMemProbe, BaseMemProbe -> build_Intel_8592/params/BaseMemProbe.hh
 [SO Param] m5.objects.BaseMinorCPU, MinorOpClassSet -> build_Intel_8592/params/MinorOpClassSet.hh
 [SO Param] m5.objects.CheckerCPU, CheckerCPU -> build_Intel_8592/python/_m5/param_CheckerCPU.cc
 [SO Param] m5.objects.InstTracker, GlobalInstTracker -> build_Intel_8592/python/_m5/param_GlobalInstTracker.cc
 [SO Param] m5.objects.Prefetcher, BOPPrefetcher -> build_Intel_8592/python/_m5/param_BOPPrefetcher.cc
 [     CXX] src/mem/probes/base.cc -> build_Intel_8592/mem/probes/base.o
 [     CXX] build_Intel_8592/python/_m5/param_BaseMemProbe.cc -> .o
 [SO Param] m5.objects.Compressors, MultiCompressor -> build_Intel_8592/params/MultiCompressor.hh
 [SO Param] m5.objects.ReplacementPolicies, BIPRP -> build_Intel_8592/python/_m5/param_BIPRP.cc
 [ENUMDECL] m5.objects.MemInterface, AddrMap -> build_Intel_8592/enums/AddrMap.hh
 [SO Param] m5.objects.Prefetcher, IndirectMemoryPrefetcher -> build_Intel_8592/params/IndirectMemoryPrefetcher.hh
 [SO Param] m5.objects.Compressors, RepeatedQwordsCompressor -> build_Intel_8592/python/_m5/param_RepeatedQwordsCompressor.cc
 [SO Param] m5.objects.XBar, SnoopFilter -> build_Intel_8592/params/SnoopFilter.hh
 [ENUM STR] m5.objects.SMT, SMTFetchPolicy -> build_Intel_8592/enums/SMTFetchPolicy.cc
 [SO Param] m5.objects.CheckerCPU, CheckerCPU -> build_Intel_8592/params/CheckerCPU.hh
 [     CXX] src/cpu/testers/traffic_gen/dram_rot_gen.cc -> build_Intel_8592/cpu/testers/traffic_gen/dram_rot_gen.o
 [     CXX] src/cpu/testers/traffic_gen/hybrid_gen.cc -> build_Intel_8592/cpu/testers/traffic_gen/hybrid_gen.o
 [     CXX] src/cpu/testers/traffic_gen/nvm_gen.cc -> build_Intel_8592/cpu/testers/traffic_gen/nvm_gen.o
 [     CXX] src/cpu/testers/traffic_gen/dram_gen.cc -> build_Intel_8592/cpu/testers/traffic_gen/dram_gen.o
 [     CXX] build_Intel_8592/enums/AddrMap.cc -> .o
 [SO Param] m5.objects.BranchPredictor, MultiperspectivePerceptron8KB -> build_Intel_8592/python/_m5/param_MultiperspectivePerceptron8KB.cc
 [SO Param] m5.objects.InstTracker, GlobalInstTracker -> build_Intel_8592/params/GlobalInstTracker.hh
 [SO Param] m5.objects.Prefetcher, BOPPrefetcher -> build_Intel_8592/params/BOPPrefetcher.hh
 [SO Param] m5.objects.ReplacementPolicies, BIPRP -> build_Intel_8592/params/BIPRP.hh
 [SO Param] m5.objects.CHI_Cache_Controller, CHI_Cache_Controller -> build_Intel_8592/python/_m5/param_CHI_Cache_Controller.cc
 [SO Param] m5.objects.Compressors, RepeatedQwordsCompressor -> build_Intel_8592/params/RepeatedQwordsCompressor.hh
 [     CXX] build_Intel_8592/python/_m5/param_LocalInstTracker.cc -> .o
 [     CXX] src/cpu/probes/inst_tracker.cc -> build_Intel_8592/cpu/probes/inst_tracker.o
 [     CXX] build_Intel_8592/python/_m5/param_GlobalInstTracker.cc -> .o
 [SO Param] m5.objects.BranchPredictor, LTAGE -> build_Intel_8592/python/_m5/param_LTAGE.cc
 [SO Param] m5.objects.GarnetNetwork, GarnetNetwork -> build_Intel_8592/python/_m5/param_GarnetNetwork.cc
 [ENUMDECL] m5.objects.SMT, SMTFetchPolicy -> build_Intel_8592/enums/SMTFetchPolicy.hh
 [SO Param] m5.objects.Prefetcher, StridePrefetcher -> build_Intel_8592/python/_m5/param_StridePrefetcher.cc
 [SO Param] m5.objects.BaseNonCachingSimpleCPU, BaseNonCachingSimpleCPU -> build_Intel_8592/python/_m5/param_BaseNonCachingSimpleCPU.cc
 [SO Param] m5.objects.BranchPredictor, MultiperspectivePerceptron8KB -> build_Intel_8592/params/MultiperspectivePerceptron8KB.hh
 [SO Param] m5.objects.Tags, SectorTags -> build_Intel_8592/python/_m5/param_SectorTags.cc
 [SO Param] m5.objects.CHI_Cache_Controller, CHI_Cache_Controller -> build_Intel_8592/params/CHI_Cache_Controller.hh
 [     CXX] build_Intel_8592/enums/SMTFetchPolicy.cc -> .o
 [SO Param] m5.objects.BranchPredictor, SimpleIndirectPredictor -> build_Intel_8592/python/_m5/param_SimpleIndirectPredictor.cc
 [SO Param] m5.objects.BaseISA, BaseISA -> build_Intel_8592/params/BaseISA.hh
 [SO Param] m5.objects.Process, Process -> build_Intel_8592/params/Process.hh
 [SO Param] m5.objects.BranchPredictor, LTAGE -> build_Intel_8592/params/LTAGE.hh
 [SO Param] m5.objects.GarnetNetwork, GarnetNetwork -> build_Intel_8592/params/GarnetNetwork.hh
 [SO Param] m5.objects.BranchPredictor, TAGEBase -> build_Intel_8592/python/_m5/param_TAGEBase.cc
 [SO Param] m5.objects.Bridge, Bridge -> build_Intel_8592/python/_m5/param_Bridge.cc
 [SO Param] m5.objects.Prefetcher, StridePrefetcher -> build_Intel_8592/params/StridePrefetcher.hh
 [SO Param] m5.objects.BaseNonCachingSimpleCPU, BaseNonCachingSimpleCPU -> build_Intel_8592/params/BaseNonCachingSimpleCPU.hh
 [SO Param] m5.objects.BloomFilters, BloomFilterH3 -> build_Intel_8592/params/BloomFilterH3.hh
 [SO Param] m5.objects.Tags, SectorTags -> build_Intel_8592/params/SectorTags.hh
 [SO Param] m5.objects.IndexingPolicies, BaseIndexingPolicy -> build_Intel_8592/python/_m5/param_BaseIndexingPolicy.cc
 [SO Param] m5.objects.SpatterGen, SpatterGen -> build_Intel_8592/python/_m5/param_SpatterGen.cc
 [SO Param] m5.objects.BranchPredictor, SimpleIndirectPredictor -> build_Intel_8592/params/SimpleIndirectPredictor.hh
 [SO Param] m5.objects.FuncUnit, FUDesc -> build_Intel_8592/python/_m5/param_FUDesc.cc
 [SO Param] m5.objects.BranchPredictor, TAGEBase -> build_Intel_8592/params/TAGEBase.hh
 [SO Param] m5.objects.HMCController, HMCController -> build_Intel_8592/python/_m5/param_HMCController.cc
 [SO Param] m5.objects.Bridge, Bridge -> build_Intel_8592/params/Bridge.hh
 [SO Param] m5.objects.BranchPredictor, MPP_StatisticalCorrector_8KB -> build_Intel_8592/python/_m5/param_MPP_StatisticalCorrector_8KB.cc
 [SO Param] m5.objects.BaseMinorCPU, MinorOpClass -> build_Intel_8592/python/_m5/param_MinorOpClass.cc
 [SO Param] m5.objects.ClockDomain, ClockDomain -> build_Intel_8592/params/ClockDomain.hh
 [SO Param] m5.objects.RubyTester, RubyTester -> build_Intel_8592/python/_m5/param_RubyTester.cc
 [     CXX] build_Intel_8592/python/_m5/param_BloomFilterH3.cc -> .o
 [     CXX] src/base/filters/h3_bloom_filter.cc -> build_Intel_8592/base/filters/h3_bloom_filter.o
 [SO Param] m5.objects.Compressors, FrequentValuesCompressor -> build_Intel_8592/python/_m5/param_FrequentValuesCompressor.cc
 [SO Param] m5.objects.MemInterface, MemInterface -> build_Intel_8592/python/_m5/param_MemInterface.cc
 [     CXX] build_Intel_8592/python/_m5/param_BaseIndexingPolicy.cc -> .o
 [     CXX] build_Intel_8592/python/_m5/param_SimpleIndirectPredictor.cc -> .o
 [     CXX] build_Intel_8592/python/_m5/param_TAGE.cc -> .o
 [     CXX] build_Intel_8592/python/_m5/param_TAGE_SC_L_TAGE_64KB.cc -> .o
 [     CXX] src/cpu/pred/tage.cc -> build_Intel_8592/cpu/pred/tage.o
 [     CXX] build_Intel_8592/python/_m5/param_TAGE_SC_L_LoopPredictor.cc -> .o
 [     CXX] src/cpu/pred/tage_sc_l.cc -> build_Intel_8592/cpu/pred/tage_sc_l.o
 [     CXX] build_Intel_8592/python/_m5/param_TAGEBase.cc -> .o
 [     CXX] build_Intel_8592/python/_m5/param_TAGE_SC_L_64KB_StatisticalCorrector.cc -> .o
 [     CXX] build_Intel_8592/python/_m5/param_TAGE_SC_L_TAGE.cc -> .o
 [     CXX] src/cpu/pred/tage_base.cc -> build_Intel_8592/cpu/pred/tage_base.o
 [     CXX] build_Intel_8592/mem/ruby/protocol/CHI/CHIRequestMsg.cc -> .o
 [     CXX] build_Intel_8592/python/_m5/param_MemCheckerMonitor.cc -> .o
 [     CXX] build_Intel_8592/mem/ruby/protocol/MemoryMsg.cc -> .o
 [     CXX] src/mem/sys_bridge.cc -> build_Intel_8592/mem/sys_bridge.o
 [     CXX] build_Intel_8592/python/_m5/param_SimpleMemDelay.cc -> .o
 [     CXX] src/mem/ruby/system/DMASequencer.cc -> build_Intel_8592/mem/ruby/system/DMASequencer.o
 [     CXX] src/mem/ruby/structures/MN_TBETable.cc -> build_Intel_8592/mem/ruby/structures/MN_TBETable.o
 [     CXX] src/cpu/pc_event.cc -> build_Intel_8592/cpu/pc_event.o
 [     CXX] build_Intel_8592/python/_m5/param_MemDelay.cc -> .o
 [     CXX] src/cpu/testers/traffic_gen/stream_gen.cc -> build_Intel_8592/cpu/testers/traffic_gen/stream_gen.o
 [     CXX] src/mem/snoop_filter.cc -> build_Intel_8592/mem/snoop_filter.o
 [     CXX] build_Intel_8592/python/_m5/param_DMASequencer.cc -> .o
 [     CXX] src/mem/ruby/structures/ALUFreeListArray.cc -> build_Intel_8592/mem/ruby/structures/ALUFreeListArray.o
 [     CXX] src/mem/simple_mem.cc -> build_Intel_8592/mem/simple_mem.o
 [     CXX] src/mem/ruby/structures/BankedArray.cc -> build_Intel_8592/mem/ruby/structures/BankedArray.o
 [MAKE INC] src/mem/ruby/structures/PerfectCacheMemory.hh -> build_Intel_8592/mem/ruby/protocol/PerfectCacheMemory.hh
 [     CXX] src/mem/shared_memory_server.cc -> build_Intel_8592/mem/shared_memory_server.o
 [     CXX] src/mem/ruby/structures/TimerTable.cc -> build_Intel_8592/mem/ruby/structures/TimerTable.o
 [     CXX] src/mem/physical.cc -> build_Intel_8592/mem/physical.o
 [     CXX] build_Intel_8592/python/_m5/param_RubyPortProxy.cc -> .o
 [     CXX] build_Intel_8592/python/_m5/param_RubyPort.cc -> .o
 [     CXX] src/mem/ruby/common/Consumer.cc -> build_Intel_8592/mem/ruby/common/Consumer.o
 [MAKE INC] src/mem/ruby/structures/DirectoryMemory.hh -> build_Intel_8592/mem/ruby/protocol/DirectoryMemory.hh
 [     CXX] src/cpu/testers/traffic_gen/gups_gen.cc -> build_Intel_8592/cpu/testers/traffic_gen/gups_gen.o
 [     CXX] build_Intel_8592/python/_m5/param_RubySystem.cc -> .o
 [     CXX] build_Intel_8592/python/_m5/param_SysBridge.cc -> .o
 [     CXX] build_Intel_8592/python/_m5/param_CoherentXBar.cc -> .o
 [     CXX] src/mem/ruby/common/Address.cc -> build_Intel_8592/mem/ruby/common/Address.o
 [     CXX] build_Intel_8592/python/_m5/param_NoncoherentXBar.cc -> .o
 [     CXX] src/mem/probes/mem_footprint.cc -> build_Intel_8592/mem/probes/mem_footprint.o
 [     CXX] build_Intel_8592/python/_m5/param_BaseXBar.cc -> .o
 [     CXX] src/cpu/testers/traffic_gen/base_gen.cc -> build_Intel_8592/cpu/testers/traffic_gen/base_gen.o
 [     CXX] build_Intel_8592/python/_m5/param_MemFootprintProbe.cc -> .o
 [     CXX] src/cpu/testers/traffic_gen/base.cc -> build_Intel_8592/cpu/testers/traffic_gen/base.o
 [     CXX] build_Intel_8592/python/_m5/param_SimpleMemory.cc -> .o
 [     CXX] build_Intel_8592/python/_m5/param_RubyController.cc -> .o
 [     CXX] build_Intel_8592/mem/ruby/protocol/CHI/Cache_ReplacementMsg.cc -> .o
 [     CXX] src/mem/ruby/structures/WireBuffer.cc -> build_Intel_8592/mem/ruby/structures/WireBuffer.o
 [     CXX] build_Intel_8592/mem/ruby/protocol/SequencerMsg.cc -> .o
 [     CXX] build_Intel_8592/mem/ruby/protocol/CHI/CHIDataMsg.cc -> .o
 [     CXX] build_Intel_8592/python/_m5/param_SharedMemoryServer.cc -> .o
 [     CXX] src/mem/ruby/structures/CacheMemory.cc -> build_Intel_8592/mem/ruby/structures/CacheMemory.o
 [     CXX] build_Intel_8592/python/_m5/param_AbstractMemory.cc -> .o
 [     CXX] build_Intel_8592/mem/ruby/protocol/CHI/Memory_TBE.cc -> .o
 [     CXX] src/mem/ruby/network/garnet/NetworkLink.cc -> build_Intel_8592/mem/ruby/network/garnet/NetworkLink.o
 [     CXX] src/mem/comm_monitor.cc -> build_Intel_8592/mem/comm_monitor.o
 [MAKE INC] src/mem/ruby/structures/CacheMemory.hh -> build_Intel_8592/mem/ruby/protocol/CacheMemory.hh
 [     CXX] build_Intel_8592/mem/ruby/protocol/CHI/Cache_TriggerMsg.cc -> .o
 [     CXX] src/mem/ruby/structures/DirectoryMemory.cc -> build_Intel_8592/mem/ruby/structures/DirectoryMemory.o
 [     CXX] build_Intel_8592/python/_m5/param_CommMonitor.cc -> .o
 [     CXX] src/mem/xbar.cc -> build_Intel_8592/mem/xbar.o
In file included from /usr/include/c++/15/vector:67,
                 from src/cpu/pred/tage_base.hh:52,
                 from src/cpu/pred/tage_base.cc:39:
In function ‘std::__enable_if_t<((bool)std::__is_bitwise_relocatable<_Tp>::value), _Tp*> std::__relocate_a_1(_Tp*, _Tp*, _Tp*, allocator<_T2>&) [with _Tp = gem5::statistics::StatStor*; _Up = gem5::statistics::StatStor*]’,
    inlined from ‘_ForwardIterator std::__relocate_a(_InputIterator, _InputIterator, _ForwardIterator, _Allocator&) [with _InputIterator = gem5::statistics::StatStor**; _ForwardIterator = gem5::statistics::StatStor**; _Allocator = allocator<gem5::statistics::StatStor*>]’ at /usr/include/c++/15/bits/stl_uninitialized.h:1359:33,
    inlined from ‘static std::vector<_Tp, _Alloc>::pointer std::vector<_Tp, _Alloc>::_S_relocate(pointer, pointer, pointer, _Tp_alloc_type&) [with _Tp = gem5::statistics::StatStor*; _Alloc = std::allocator<gem5::statistics::StatStor*>]’ at /usr/include/c++/15/bits/stl_vector.h:539:26,
    inlined from ‘void std::vector<_Tp, _Alloc>::reserve(size_type) [with _Tp = gem5::statistics::StatStor*; _Alloc = std::allocator<gem5::statistics::StatStor*>]’ at /usr/include/c++/15/bits/vector.tcc:80:19,
    inlined from ‘void gem5::statistics::VectorBase<Derived, Stor>::doInit(gem5::statistics::size_type) [with Derived = gem5::statistics::Vector; Stor = gem5::statistics::StatStor]’ at src/base/statistics.hh:959:24:
/usr/include/c++/15/bits/stl_uninitialized.h:1343:27: warning: ‘void* __builtin_memcpy(void*, const void*, long unsigned int)’ forming offset [34359738360, 34359738367] is out of the bounds [0, 34359738360] [-Warray-bounds=]
 1343 |           __builtin_memcpy(__result, __first, __count * sizeof(_Tp));
      |           ~~~~~~~~~~~~~~~~^~~~~~~~~~~~~~~~~~~~~~~~~~~~~~~~~~~~~~~~~~
 [     CXX] build_Intel_8592/python/_m5/param_RubyWireBuffer.cc -> .o
 [     CXX] src/mem/token_port.cc -> build_Intel_8592/mem/token_port.o
 [     CXX] build_Intel_8592/python/_m5/param_SerialLink.cc -> .o
 [     CXX] build_Intel_8592/mem/ruby/protocol/CHI/MiscNode_RetryTriggerMsg.cc -> .o
 [     CXX] src/kern/freebsd/events.cc -> build_Intel_8592/kern/freebsd/events.o
 [     CXX] build_Intel_8592/python/_m5/param_RubyDirectoryMemory.cc -> .o
 [     CXX] build_Intel_8592/python/_m5/param_RubyCache.cc -> .o
 [MAKE INC] src/mem/ruby/system/DMASequencer.hh -> build_Intel_8592/mem/ruby/protocol/DMASequencer.hh
 [     CXX] build_Intel_8592/python/_m5/param_SnoopFilter.cc -> .o
 [     CXX] src/mem/ruby/common/WriteMask.cc -> build_Intel_8592/mem/ruby/common/WriteMask.o
 [     CXX] build_Intel_8592/python/_m5/param_SimpleBTB.cc -> .o
 [     CXX] src/mem/qos/mem_sink.cc -> build_Intel_8592/mem/qos/mem_sink.o
 [     CXX] build_Intel_8592/python/_m5/param_BranchTargetBuffer.cc -> .o
 [     CXX] src/mem/qos/mem_ctrl.cc -> build_Intel_8592/mem/qos/mem_ctrl.o
 [     CXX] build_Intel_8592/mem/ruby/protocol/CHI/CHIResponseMsg.cc -> .o
 [     CXX] build_Intel_8592/mem/ruby/protocol/CHI/Cache_TBE.cc -> .o
 [     CXX] src/mem/ruby/common/NetDest.cc -> build_Intel_8592/mem/ruby/common/NetDest.o
 [     CXX] src/mem/qos/q_policy.cc -> build_Intel_8592/mem/qos/q_policy.o
 [MAKE INC] src/mem/ruby/structures/WireBuffer.hh -> build_Intel_8592/mem/ruby/protocol/WireBuffer.hh
 [     CXX] build_Intel_8592/mem/ruby/protocol/CHI/MiscNode_TriggerMsg.cc -> .o
 [     CXX] src/mem/qos/turnaround_policy_ideal.cc -> build_Intel_8592/mem/qos/turnaround_policy_ideal.o
 [     CXX] build_Intel_8592/mem/ruby/protocol/CHI/Cache_RetryTriggerMsg.cc -> .o
 [     CXX] src/mem/qos/policy_pf.cc -> build_Intel_8592/mem/qos/policy_pf.o
 [MAKE INC] src/mem/ruby/structures/TimerTable.hh -> build_Intel_8592/mem/ruby/protocol/TimerTable.hh
 [     CXX] src/mem/qos/policy_fixed_prio.cc -> build_Intel_8592/mem/qos/policy_fixed_prio.o
 [     CXX] src/mem/noncoherent_xbar.cc -> build_Intel_8592/mem/noncoherent_xbar.o
 [     CXX] src/mem/qos/policy.cc -> build_Intel_8592/mem/qos/policy.o
 [     CXX] build_Intel_8592/python/_m5/param_QoSTurnaroundPolicyIdeal.cc -> .o
 [     CXX] build_Intel_8592/mem/ruby/protocol/MachineType.cc -> .o
 [     CXX] build_Intel_8592/mem/ruby/protocol/CHI/MiscNode_RetryQueueEntry.cc -> .o
 [     CXX] build_Intel_8592/python/_m5/param_QoSTurnaroundPolicy.cc -> .o
 [     CXX] src/cpu/testers/directedtest/InvalidateGenerator.cc -> build_Intel_8592/cpu/testers/directedtest/InvalidateGenerator.o
 [     CXX] build_Intel_8592/python/_m5/param_KvmVM.cc -> .o
 [MAKE INC] src/mem/ruby/structures/TBETable.hh -> build_Intel_8592/mem/ruby/protocol/TBETable.hh
 [     CXX] src/cpu/testers/directedtest/SeriesRequestGenerator.cc -> build_Intel_8592/cpu/testers/directedtest/SeriesRequestGenerator.o
 [     CXX] src/cpu/testers/directedtest/DirectedGenerator.cc -> build_Intel_8592/cpu/testers/directedtest/DirectedGenerator.o
 [MAKE INC] src/mem/ruby/structures/MN_TBETable.hh -> build_Intel_8592/mem/ruby/protocol/MN_TBETable.hh
 [     CXX] build_Intel_8592/mem/ruby/protocol/CHI/Memory_RetryQueueEntry.cc -> .o
 [     CXX] src/cpu/testers/directedtest/RubyDirectedTester.cc -> build_Intel_8592/cpu/testers/directedtest/RubyDirectedTester.o
 [     CXX] build_Intel_8592/python/_m5/param_QoSPropFairPolicy.cc -> .o
 [     CXX] src/mem/ruby/network/MessageBuffer.cc -> build_Intel_8592/mem/ruby/network/MessageBuffer.o
In file included from /usr/include/c++/15/vector:67,
                 from src/mem/ruby/structures/CacheMemory.hh:46,
                 from src/mem/ruby/structures/CacheMemory.cc:42:
In function ‘std::__enable_if_t<((bool)std::__is_bitwise_relocatable<_Tp>::value), _Tp*> std::__relocate_a_1(_Tp*, _Tp*, _Tp*, allocator<_T2>&) [with _Tp = gem5::statistics::StatStor*; _Up = gem5::statistics::StatStor*]’,
    inlined from ‘_ForwardIterator std::__relocate_a(_InputIterator, _InputIterator, _ForwardIterator, _Allocator&) [with _InputIterator = gem5::statistics::StatStor**; _ForwardIterator = gem5::statistics::StatStor**; _Allocator = allocator<gem5::statistics::StatStor*>]’ at /usr/include/c++/15/bits/stl_uninitialized.h:1359:33,
    inlined from ‘static std::vector<_Tp, _Alloc>::pointer std::vector<_Tp, _Alloc>::_S_relocate(pointer, pointer, pointer, _Tp_alloc_type&) [with _Tp = gem5::statistics::StatStor*; _Alloc = std::allocator<gem5::statistics::StatStor*>]’ at /usr/include/c++/15/bits/stl_vector.h:539:26,
    inlined from ‘void std::vector<_Tp, _Alloc>::reserve(size_type) [with _Tp = gem5::statistics::StatStor*; _Alloc = std::allocator<gem5::statistics::StatStor*>]’ at /usr/include/c++/15/bits/vector.tcc:80:19,
    inlined from ‘void gem5::statistics::VectorBase<Derived, Stor>::doInit(gem5::statistics::size_type) [with Derived = gem5::statistics::Vector; Stor = gem5::statistics::StatStor]’ at src/base/statistics.hh:959:24,
    inlined from ‘Derived& gem5::statistics::VectorBase<Derived, Stor>::init(gem5::statistics::size_type) [with Derived = gem5::statistics::Vector; Stor = gem5::statistics::StatStor]’ at src/base/statistics.hh:1044:20,
    inlined from ‘gem5::ruby::CacheMemory::CacheMemoryStats::CacheMemoryStats(gem5::statistics::Group*)’ at src/mem/ruby/structures/CacheMemory.cc:630:14:
/usr/include/c++/15/bits/stl_uninitialized.h:1343:27: warning: ‘void* __builtin_memcpy(void*, const void*, long unsigned int)’ forming offset [240, 34359738367] is out of the bounds [0, 240] [-Warray-bounds=]
 1343 |           __builtin_memcpy(__result, __first, __count * sizeof(_Tp));
      |           ~~~~~~~~~~~~~~~~^~~~~~~~~~~~~~~~~~~~~~~~~~~~~~~~~~~~~~~~~~
 [     CXX] build_Intel_8592/python/_m5/param_RubyDirectedTester.cc -> .o
 [     CXX] build_Intel_8592/python/_m5/param_QoSFixedPriorityPolicy.cc -> .o
 [     CXX] src/mem/ruby/network/BasicRouter.cc -> build_Intel_8592/mem/ruby/network/BasicRouter.o
 [     CXX] build_Intel_8592/python/_m5/param_InvalidateGenerator.cc -> .o
 [     CXX] build_Intel_8592/python/_m5/param_QoSPolicy.cc -> .o
 [     CXX] build_Intel_8592/mem/ruby/protocol/CHI/Cache_RetryQueueEntry.cc -> .o
 [     CXX] src/mem/external_master.cc -> build_Intel_8592/mem/external_master.o
 [     CXX] build_Intel_8592/python/_m5/param_SeriesRequestGenerator.cc -> .o
 [     CXX] build_Intel_8592/mem/ruby/protocol/CHI/Cache_CacheEntry.cc -> .o
 [     CXX] src/mem/ruby/profiler/AddressProfiler.cc -> build_Intel_8592/mem/ruby/profiler/AddressProfiler.o
 [     CXX] build_Intel_8592/python/_m5/param_DirectedGenerator.cc -> .o
 [     CXX] build_Intel_8592/python/_m5/param_QoSMemSinkInterface.cc -> .o
 [     CXX] build_Intel_8592/python/_m5/param_GUPSGen.cc -> .o
In file included from /usr/include/c++/15/deque:67,
                 from src/mem/qos/mem_ctrl.hh:42,
                 from src/mem/qos/mem_ctrl.cc:38:
In function ‘std::__enable_if_t<((bool)std::__is_bitwise_relocatable<_Tp>::value), _Tp*> std::__relocate_a_1(_Tp*, _Tp*, _Tp*, allocator<_T2>&) [with _Tp = gem5::statistics::StatStor*; _Up = gem5::statistics::StatStor*]’,
    inlined from ‘_ForwardIterator std::__relocate_a(_InputIterator, _InputIterator, _ForwardIterator, _Allocator&) [with _InputIterator = gem5::statistics::StatStor**; _ForwardIterator = gem5::statistics::StatStor**; _Allocator = allocator<gem5::statistics::StatStor*>]’ at /usr/include/c++/15/bits/stl_uninitialized.h:1359:33,
    inlined from ‘static std::vector<_Tp, _Alloc>::pointer std::vector<_Tp, _Alloc>::_S_relocate(pointer, pointer, pointer, _Tp_alloc_type&) [with _Tp = gem5::statistics::StatStor*; _Alloc = std::allocator<gem5::statistics::StatStor*>]’ at /usr/include/c++/15/bits/stl_vector.h:539:26,
    inlined from ‘void std::vector<_Tp, _Alloc>::reserve(size_type) [with _Tp = gem5::statistics::StatStor*; _Alloc = std::allocator<gem5::statistics::StatStor*>]’ at /usr/include/c++/15/bits/vector.tcc:80:19,
    inlined from ‘void gem5::statistics::VectorBase<Derived, Stor>::doInit(gem5::statistics::size_type) [with Derived = gem5::statistics::Vector; Stor = gem5::statistics::StatStor]’ at src/base/statistics.hh:959:24:
/usr/include/c++/15/bits/stl_uninitialized.h:1343:27: warning: ‘void* __builtin_memcpy(void*, const void*, long unsigned int)’ forming offset [34359738360, 34359738367] is out of the bounds [0, 34359738360] [-Warray-bounds=]
 1343 |           __builtin_memcpy(__result, __first, __count * sizeof(_Tp));
      |           ~~~~~~~~~~~~~~~~^~~~~~~~~~~~~~~~~~~~~~~~~~~~~~~~~~~~~~~~~~
 [     CXX] build_Intel_8592/python/_m5/param_ExternalMaster.cc -> .o
 [     CXX] build_Intel_8592/python/_m5/param_CpuCluster.cc -> .o
 [     CXX] build_Intel_8592/mem/ruby/protocol/CHI/MiscNode_TBE.cc -> .o
 [     CXX] src/mem/coherent_xbar.cc -> build_Intel_8592/mem/coherent_xbar.o
In function ‘std::__enable_if_t<((bool)std::__is_bitwise_relocatable<_Tp>::value), _Tp*> std::__relocate_a_1(_Tp*, _Tp*, _Tp*, allocator<_T2>&) [with _Tp = gem5::statistics::SampleStor*; _Up = gem5::statistics::SampleStor*]’,
    inlined from ‘_ForwardIterator std::__relocate_a(_InputIterator, _InputIterator, _ForwardIterator, _Allocator&) [with _InputIterator = gem5::statistics::SampleStor**; _ForwardIterator = gem5::statistics::SampleStor**; _Allocator = allocator<gem5::statistics::SampleStor*>]’ at /usr/include/c++/15/bits/stl_uninitialized.h:1359:33,
    inlined from ‘static std::vector<_Tp, _Alloc>::pointer std::vector<_Tp, _Alloc>::_S_relocate(pointer, pointer, pointer, _Tp_alloc_type&) [with _Tp = gem5::statistics::SampleStor*; _Alloc = std::allocator<gem5::statistics::SampleStor*>]’ at /usr/include/c++/15/bits/stl_vector.h:539:26,
    inlined from ‘void std::vector<_Tp, _Alloc>::reserve(size_type) [with _Tp = gem5::statistics::SampleStor*; _Alloc = std::allocator<gem5::statistics::SampleStor*>]’ at /usr/include/c++/15/bits/vector.tcc:80:19,
    inlined from ‘void gem5::statistics::VectorDistBase<Derived, Stor>::doInit(gem5::statistics::size_type) [with Derived = gem5::statistics::VectorStandardDeviation; Stor = gem5::statistics::SampleStor]’ at src/base/statistics.hh:1409:24,
    inlined from ‘gem5::statistics::VectorStandardDeviation& gem5::statistics::VectorStandardDeviation::init(gem5::statistics::size_type)’ at src/base/statistics.hh:2335:21,
    inlined from ‘virtual void gem5::memory::qos::MemCtrl::MemCtrlStats::regStats()’ at src/mem/qos/mem_ctrl.cc:325:14:
/usr/include/c++/15/bits/stl_uninitialized.h:1343:27: warning: ‘void* __builtin_memcpy(void*, const void*, long unsigned int)’ forming offset [524280, 34359738367] is out of the bounds [0, 524280] [-Warray-bounds=]
 1343 |           __builtin_memcpy(__result, __first, __count * sizeof(_Tp));
      |           ~~~~~~~~~~~~~~~~^~~~~~~~~~~~~~~~~~~~~~~~~~~~~~~~~~~~~~~~~~
In function ‘std::__enable_if_t<((bool)std::__is_bitwise_relocatable<_Tp>::value), _Tp*> std::__relocate_a_1(_Tp*, _Tp*, _Tp*, allocator<_T2>&) [with _Tp = gem5::statistics::SampleStor*; _Up = gem5::statistics::SampleStor*]’,
    inlined from ‘_ForwardIterator std::__relocate_a(_InputIterator, _InputIterator, _ForwardIterator, _Allocator&) [with _InputIterator = gem5::statistics::SampleStor**; _ForwardIterator = gem5::statistics::SampleStor**; _Allocator = allocator<gem5::statistics::SampleStor*>]’ at /usr/include/c++/15/bits/stl_uninitialized.h:1359:33,
    inlined from ‘static std::vector<_Tp, _Alloc>::pointer std::vector<_Tp, _Alloc>::_S_relocate(pointer, pointer, pointer, _Tp_alloc_type&) [with _Tp = gem5::statistics::SampleStor*; _Alloc = std::allocator<gem5::statistics::SampleStor*>]’ at /usr/include/c++/15/bits/stl_vector.h:539:26,
    inlined from ‘void std::vector<_Tp, _Alloc>::reserve(size_type) [with _Tp = gem5::statistics::SampleStor*; _Alloc = std::allocator<gem5::statistics::SampleStor*>]’ at /usr/include/c++/15/bits/vector.tcc:80:19,
    inlined from ‘void gem5::statistics::VectorDistBase<Derived, Stor>::doInit(gem5::statistics::size_type) [with Derived = gem5::statistics::VectorStandardDeviation; Stor = gem5::statistics::SampleStor]’ at src/base/statistics.hh:1409:24,
    inlined from ‘gem5::statistics::VectorStandardDeviation& gem5::statistics::VectorStandardDeviation::init(gem5::statistics::size_type)’ at src/base/statistics.hh:2335:21,
    inlined from ‘virtual void gem5::memory::qos::MemCtrl::MemCtrlStats::regStats()’ at src/mem/qos/mem_ctrl.cc:331:14:
/usr/include/c++/15/bits/stl_uninitialized.h:1343:27: warning: ‘void* __builtin_memcpy(void*, const void*, long unsigned int)’ forming offset [524280, 34359738367] is out of the bounds [0, 524280] [-Warray-bounds=]
 1343 |           __builtin_memcpy(__result, __first, __count * sizeof(_Tp));
      |           ~~~~~~~~~~~~~~~~^~~~~~~~~~~~~~~~~~~~~~~~~~~~~~~~~~~~~~~~~~
 [     CXX] src/cpu/pred/simple_btb.cc -> build_Intel_8592/cpu/pred/simple_btb.o
 [     CXX] build_Intel_8592/python/_m5/param_QoSMemSinkCtrl.cc -> .o
 [     CXX] build_Intel_8592/python/_m5/param_MessageBuffer.cc -> .o
 [     CXX] src/cpu/pred/btb.cc -> build_Intel_8592/cpu/pred/btb.o
 [     CXX] build_Intel_8592/python/_m5/param_CHIGenericController.cc -> .o
 [     CXX] build_Intel_8592/python/_m5/param_BasicRouter.cc -> .o
 [     CXX] build_Intel_8592/python/_m5/param_QoSMemCtrl.cc -> .o
 [     CXX] build_Intel_8592/mem/ruby/protocol/CHI/Memory_TriggerMsg.cc -> .o
 [     CXX] src/mem/abstract_mem.cc -> build_Intel_8592/mem/abstract_mem.o
 [     CXX] build_Intel_8592/mem/ruby/protocol/CHI/Cache_DirEntry.cc -> .o
 [     CXX] src/mem/mem_delay.cc -> build_Intel_8592/mem/mem_delay.o
 [     CXX] src/mem/ruby/system/RubyPortProxy.cc -> build_Intel_8592/mem/ruby/system/RubyPortProxy.o
 [     CXX] src/mem/mem_checker_monitor.cc -> build_Intel_8592/mem/mem_checker_monitor.o
 [     CXX] build_Intel_8592/python/_m5/param_CreditLink.cc -> .o
 [     CXX] build_Intel_8592/python/_m5/param_BaseTrafficGen.cc -> .o
 [     CXX] src/mem/serial_link.cc -> build_Intel_8592/mem/serial_link.o
 [     CXX] src/mem/ruby/system/RubyPort.cc -> build_Intel_8592/mem/ruby/system/RubyPort.o
 [     CXX] build_Intel_8592/python/_m5/param_NetworkLink.cc -> .o
 [     CXX] build_Intel_8592/python/_m5/param_LTAGE.cc -> .o
 [     CXX] build_Intel_8592/python/_m5/param_TAGE_SC_L_64KB.cc -> .o
 [     CXX] build_Intel_8592/python/_m5/param_TAGE_SC_L.cc -> .o
 [     CXX] src/cpu/pred/tage_sc_l_64KB.cc -> build_Intel_8592/cpu/pred/tage_sc_l_64KB.o
 [     CXX] src/cpu/pred/ltage.cc -> build_Intel_8592/cpu/pred/ltage.o
 [     CXX] src/cpu/pred/simple_indirect.cc -> build_Intel_8592/cpu/pred/simple_indirect.o
 [SO Param] m5.objects.Prefetcher, TaggedPrefetcher -> build_Intel_8592/python/_m5/param_TaggedPrefetcher.cc
In file included from /usr/include/c++/15/memory:71,
                 from src/arch/generic/pcstate.hh:46,
                 from src/cpu/pred/btb.hh:45,
                 from src/cpu/pred/btb.cc:41:
In function ‘std::__enable_if_t<((bool)std::__is_bitwise_relocatable<_Tp>::value), _Tp*> std::__relocate_a_1(_Tp*, _Tp*, _Tp*, allocator<_T2>&) [with _Tp = gem5::statistics::StatStor*; _Up = gem5::statistics::StatStor*]’,
    inlined from ‘_ForwardIterator std::__relocate_a(_InputIterator, _InputIterator, _ForwardIterator, _Allocator&) [with _InputIterator = gem5::statistics::StatStor**; _ForwardIterator = gem5::statistics::StatStor**; _Allocator = allocator<gem5::statistics::StatStor*>]’ at /usr/include/c++/15/bits/stl_uninitialized.h:1359:33,
    inlined from ‘static std::vector<_Tp, _Alloc>::pointer std::vector<_Tp, _Alloc>::_S_relocate(pointer, pointer, pointer, _Tp_alloc_type&) [with _Tp = gem5::statistics::StatStor*; _Alloc = std::allocator<gem5::statistics::StatStor*>]’ at /usr/include/c++/15/bits/stl_vector.h:539:26,
    inlined from ‘void std::vector<_Tp, _Alloc>::reserve(size_type) [with _Tp = gem5::statistics::StatStor*; _Alloc = std::allocator<gem5::statistics::StatStor*>]’ at /usr/include/c++/15/bits/vector.tcc:80:19,
    inlined from ‘void gem5::statistics::VectorBase<Derived, Stor>::doInit(gem5::statistics::size_type) [with Derived = gem5::statistics::Vector; Stor = gem5::statistics::StatStor]’ at src/base/statistics.hh:959:24:
/usr/include/c++/15/bits/stl_uninitialized.h:1343:27: warning: ‘void* __builtin_memcpy(void*, const void*, long unsigned int)’ forming offset [64, 34359738367] is out of the bounds [0, 64] [-Warray-bounds=]
 1343 |           __builtin_memcpy(__result, __first, __count * sizeof(_Tp));
      |           ~~~~~~~~~~~~~~~~^~~~~~~~~~~~~~~~~~~~~~~~~~~~~~~~~~~~~~~~~~
 [SO Param] m5.objects.SpatterGen, SpatterGen -> build_Intel_8592/params/SpatterGen.hh
 [SO Param] m5.objects.FuncUnit, FUDesc -> build_Intel_8592/params/FUDesc.hh
 [SO Param] m5.objects.HMCController, HMCController -> build_Intel_8592/params/HMCController.hh
 [SO Param] m5.objects.BranchPredictor, MPP_StatisticalCorrector_8KB -> build_Intel_8592/params/MPP_StatisticalCorrector_8KB.hh
 [SO Param] m5.objects.RubyTester, RubyTester -> build_Intel_8592/params/RubyTester.hh
 [SO Param] m5.objects.Prefetcher, SlimAMPMPrefetcher -> build_Intel_8592/python/_m5/param_SlimAMPMPrefetcher.cc
 [SO Param] m5.objects.Compressors, FrequentValuesCompressor -> build_Intel_8592/params/FrequentValuesCompressor.hh
 [SO Param] m5.objects.ReplacementPolicies, LRURP -> build_Intel_8592/python/_m5/param_LRURP.cc
 [     CXX] src/mem/hmc_controller.cc -> build_Intel_8592/mem/hmc_controller.o
 [     CXX] build_Intel_8592/python/_m5/param_HMCController.cc -> .o
 [     CXX] src/cpu/testers/rubytest/RubyTester.cc -> build_Intel_8592/cpu/testers/rubytest/RubyTester.o
 [MAKE INC] src/mem/ruby/system/HTMSequencer.hh -> build_Intel_8592/mem/ruby/protocol/HTMSequencer.hh
 [     CXX] build_Intel_8592/python/_m5/param_RubyHTMSequencer.cc -> .o
 [     CXX] build_Intel_8592/python/_m5/param_RubyTester.cc -> .o
 [     CXX] build_Intel_8592/python/_m5/param_RubySequencer.cc -> .o
 [MAKE INC] src/mem/ruby/system/Sequencer.hh -> build_Intel_8592/mem/ruby/protocol/Sequencer.hh
 [     CXX] src/mem/ruby/system/HTMSequencer.cc -> build_Intel_8592/mem/ruby/system/HTMSequencer.o
 [     CXX] src/cpu/testers/rubytest/CheckTable.cc -> build_Intel_8592/cpu/testers/rubytest/CheckTable.o
 [     CXX] src/mem/ruby/system/Sequencer.cc -> build_Intel_8592/mem/ruby/system/Sequencer.o
 [     CXX] src/mem/ruby/system/CacheRecorder.cc -> build_Intel_8592/mem/ruby/system/CacheRecorder.o
 [     CXX] src/cpu/testers/rubytest/Check.cc -> build_Intel_8592/cpu/testers/rubytest/Check.o
 [SO Param] m5.objects.MemInterface, MemInterface -> build_Intel_8592/params/MemInterface.hh
 [SO Param] m5.objects.Prefetcher, TaggedPrefetcher -> build_Intel_8592/params/TaggedPrefetcher.hh
 [SO Param] m5.objects.Compressors, PerfectCompressor -> build_Intel_8592/python/_m5/param_PerfectCompressor.cc
 [SO Param] m5.objects.BranchPredictor, MultiperspectivePerceptron -> build_Intel_8592/python/_m5/param_MultiperspectivePerceptron.cc
 [     CXX] src/mem/dram_interface.cc -> build_Intel_8592/mem/dram_interface.o
 [     CXX] build_Intel_8592/python/_m5/param_HeteroMemCtrl.cc -> .o
 [     CXX] build_Intel_8592/python/_m5/param_NVMInterface.cc -> .o
 [     CXX] src/mem/mem_interface.cc -> build_Intel_8592/mem/mem_interface.o
 [     CXX] build_Intel_8592/python/_m5/param_MemInterface.cc -> .o
 [     CXX] src/mem/drampower.cc -> build_Intel_8592/mem/drampower.o
In file included from /usr/include/c++/15/vector:67,
                 from /usr/include/c++/15/functional:66,
                 from src/mem/backdoor.hh:32,
                 from src/mem/abstract_mem.hh:49,
                 from src/mem/abstract_mem.cc:41:
In function ‘std::__enable_if_t<((bool)std::__is_bitwise_relocatable<_Tp>::value), _Tp*> std::__relocate_a_1(_Tp*, _Tp*, _Tp*, allocator<_T2>&) [with _Tp = gem5::statistics::StatStor*; _Up = gem5::statistics::StatStor*]’,
    inlined from ‘_ForwardIterator std::__relocate_a(_InputIterator, _InputIterator, _ForwardIterator, _Allocator&) [with _InputIterator = gem5::statistics::StatStor**; _ForwardIterator = gem5::statistics::StatStor**; _Allocator = allocator<gem5::statistics::StatStor*>]’ at /usr/include/c++/15/bits/stl_uninitialized.h:1359:33,
    inlined from ‘static std::vector<_Tp, _Alloc>::pointer std::vector<_Tp, _Alloc>::_S_relocate(pointer, pointer, pointer, _Tp_alloc_type&) [with _Tp = gem5::statistics::StatStor*; _Alloc = std::allocator<gem5::statistics::StatStor*>]’ at /usr/include/c++/15/bits/stl_vector.h:539:26,
    inlined from ‘void std::vector<_Tp, _Alloc>::reserve(size_type) [with _Tp = gem5::statistics::StatStor*; _Alloc = std::allocator<gem5::statistics::StatStor*>]’ at /usr/include/c++/15/bits/vector.tcc:80:19,
    inlined from ‘void gem5::statistics::VectorBase<Derived, Stor>::doInit(gem5::statistics::size_type) [with Derived = gem5::statistics::Vector; Stor = gem5::statistics::StatStor]’ at src/base/statistics.hh:959:24:
/usr/include/c++/15/bits/stl_uninitialized.h:1343:27: warning: ‘void* __builtin_memcpy(void*, const void*, long unsigned int)’ forming offset [34359738360, 34359738367] is out of the bounds [0, 34359738360] [-Warray-bounds=]
 1343 |           __builtin_memcpy(__result, __first, __count * sizeof(_Tp));
      |           ~~~~~~~~~~~~~~~~^~~~~~~~~~~~~~~~~~~~~~~~~~~~~~~~~~~~~~~~~~
 [     CXX] src/mem/hbm_ctrl.cc -> build_Intel_8592/mem/hbm_ctrl.o
 [     CXX] src/mem/hetero_mem_ctrl.cc -> build_Intel_8592/mem/hetero_mem_ctrl.o
 [     CXX] build_Intel_8592/python/_m5/param_MemCtrl.cc -> .o
 [     CXX] build_Intel_8592/python/_m5/param_HBMCtrl.cc -> .o
 [     CXX] build_Intel_8592/python/_m5/param_DRAMInterface.cc -> .o
 [     CXX] src/mem/mem_ctrl.cc -> build_Intel_8592/mem/mem_ctrl.o
 [     CXX] src/mem/nvm_interface.cc -> build_Intel_8592/mem/nvm_interface.o
 [SO Param] m5.objects.Prefetcher, SlimAMPMPrefetcher -> build_Intel_8592/params/SlimAMPMPrefetcher.hh
 [SO Param] m5.objects.BasicLink, BasicIntLink -> build_Intel_8592/python/_m5/param_BasicIntLink.cc
 [SO Param] m5.objects.ReplacementPolicies, LRURP -> build_Intel_8592/params/LRURP.hh
 [SO Param] m5.objects.Compressors, PerfectCompressor -> build_Intel_8592/params/PerfectCompressor.hh
 [SO Param] m5.objects.BloomFilters, BloomFilterBulk -> build_Intel_8592/python/_m5/param_BloomFilterBulk.cc
 [SO Param] m5.objects.Vnc, VncInput -> build_Intel_8592/python/_m5/param_VncInput.cc
 [     CXX] src/mem/cache/replacement_policies/lru_rp.cc -> build_Intel_8592/mem/cache/replacement_policies/lru_rp.o
 [     CXX] src/mem/cache/replacement_policies/bip_rp.cc -> build_Intel_8592/mem/cache/replacement_policies/bip_rp.o
 [     CXX] build_Intel_8592/python/_m5/param_LRURP.cc -> .o
 [     CXX] build_Intel_8592/python/_m5/param_BIPRP.cc -> .o
 [SO Param] m5.objects.BranchPredictor, MultiperspectivePerceptron -> build_Intel_8592/params/MultiperspectivePerceptron.hh
 [SO Param] m5.objects.Tags, BaseSetAssoc -> build_Intel_8592/python/_m5/param_BaseSetAssoc.cc
 [SO Param] m5.objects.CfiMemory, CfiMemory -> build_Intel_8592/python/_m5/param_CfiMemory.cc
 [SO Param] m5.objects.BasicLink, BasicIntLink -> build_Intel_8592/params/BasicIntLink.hh
 [SO Param] m5.objects.BranchPredictor, BiModeBP -> build_Intel_8592/python/_m5/param_BiModeBP.cc
 [     CXX] build_Intel_8592/python/_m5/param_MPP_TAGE.cc -> .o
 [     CXX] src/cpu/pred/multiperspective_perceptron_tage_64KB.cc -> build_Intel_8592/cpu/pred/multiperspective_perceptron_tage_64KB.o
 [     CXX] build_Intel_8592/python/_m5/param_MPP_StatisticalCorrector.cc -> .o
 [     CXX] build_Intel_8592/python/_m5/param_MultiperspectivePerceptron64KB.cc -> .o
 [     CXX] build_Intel_8592/python/_m5/param_MultiperspectivePerceptron8KB.cc -> .o
 [     CXX] src/cpu/pred/multiperspective_perceptron_tage.cc -> build_Intel_8592/cpu/pred/multiperspective_perceptron_tage.o
 [     CXX] src/mem/ruby/slicc_interface/AbstractController.cc -> build_Intel_8592/mem/ruby/slicc_interface/AbstractController.o
 [     CXX] build_Intel_8592/python/_m5/param_SimpleExtLink.cc -> .o
 [     CXX] src/mem/ruby/network/garnet/NetworkInterface.cc -> build_Intel_8592/mem/ruby/network/garnet/NetworkInterface.o
 [     CXX] build_Intel_8592/python/_m5/param_SimpleNetwork.cc -> .o
 [     CXX] build_Intel_8592/python/_m5/param_RubyNetwork.cc -> .o
 [     CXX] src/mem/ruby/network/garnet/Router.cc -> build_Intel_8592/mem/ruby/network/garnet/Router.o
 [     CXX] src/mem/ruby/system/RubySystem.cc -> build_Intel_8592/mem/ruby/system/RubySystem.o
 [     CXX] build_Intel_8592/python/_m5/param_GarnetRouter.cc -> .o
 [     CXX] build_Intel_8592/python/_m5/param_BasicIntLink.cc -> .o
 [     CXX] build_Intel_8592/python/_m5/param_NetworkBridge.cc -> .o
 [     CXX] src/mem/ruby/network/garnet/CrossbarSwitch.cc -> build_Intel_8592/mem/ruby/network/garnet/CrossbarSwitch.o
 [     CXX] src/mem/ruby/network/garnet/InputUnit.cc -> build_Intel_8592/mem/ruby/network/garnet/InputUnit.o
In file included from /usr/include/c++/15/vector:67,
                 from /usr/include/c++/15/functional:66,
                 from src/base/stl_helpers/hash_helpers.hh:33,
                 from src/base/stl_helpers.hh:32,
                 from src/base/cprintf_formats.hh:37,
                 from src/base/cprintf.hh:38,
                 from src/mem/ruby/common/MachineID.hh:47,
                 from src/mem/ruby/system/RubyPort.hh:48,
                 from src/mem/ruby/system/HTMSequencer.hh:47,
                 from src/mem/ruby/system/HTMSequencer.cc:38:
In function ‘std::__enable_if_t<((bool)std::__is_bitwise_relocatable<_Tp>::value), _Tp*> std::__relocate_a_1(_Tp*, _Tp*, _Tp*, allocator<_T2>&) [with _Tp = gem5::statistics::StatStor*; _Up = gem5::statistics::StatStor*]’,
    inlined from ‘_ForwardIterator std::__relocate_a(_InputIterator, _InputIterator, _ForwardIterator, _Allocator&) [with _InputIterator = gem5::statistics::StatStor**; _ForwardIterator = gem5::statistics::StatStor**; _Allocator = allocator<gem5::statistics::StatStor*>]’ at /usr/include/c++/15/bits/stl_uninitialized.h:1359:33,
    inlined from ‘static std::vector<_Tp, _Alloc>::pointer std::vector<_Tp, _Alloc>::_S_relocate(pointer, pointer, pointer, _Tp_alloc_type&) [with _Tp = gem5::statistics::StatStor*; _Alloc = std::allocator<gem5::statistics::StatStor*>]’ at /usr/include/c++/15/bits/stl_vector.h:539:26,
    inlined from ‘void std::vector<_Tp, _Alloc>::reserve(size_type) [with _Tp = gem5::statistics::StatStor*; _Alloc = std::allocator<gem5::statistics::StatStor*>]’ at /usr/include/c++/15/bits/vector.tcc:80:19,
    inlined from ‘void gem5::statistics::VectorBase<Derived, Stor>::doInit(gem5::statistics::size_type) [with Derived = gem5::statistics::Vector; Stor = gem5::statistics::StatStor]’ at src/base/statistics.hh:959:24,
    inlined from ‘Derived& gem5::statistics::VectorBase<Derived, Stor>::init(gem5::statistics::size_type) [with Derived = gem5::statistics::Vector; Stor = gem5::statistics::StatStor]’ at src/base/statistics.hh:1044:20,
    inlined from ‘gem5::ruby::HTMSequencer::HTMSequencer(const gem5::RubyHTMSequencerParams&)’ at src/mem/ruby/system/HTMSequencer.cc:93:14:
/usr/include/c++/15/bits/stl_uninitialized.h:1343:27: warning: ‘void* __builtin_memcpy(void*, const void*, long unsigned int)’ forming offset [48, 34359738367] is out of the bounds [0, 48] [-Warray-bounds=]
 1343 |           __builtin_memcpy(__result, __first, __count * sizeof(_Tp));
      |           ~~~~~~~~~~~~~~~~^~~~~~~~~~~~~~~~~~~~~~~~~~~~~~~~~~~~~~~~~~
 [     CXX] src/mem/ruby/network/garnet/OutVcState.cc -> build_Intel_8592/mem/ruby/network/garnet/OutVcState.o
 [     CXX] src/mem/ruby/network/garnet/OutputUnit.cc -> build_Intel_8592/mem/ruby/network/garnet/OutputUnit.o
 [     CXX] build_Intel_8592/python/_m5/param_GarnetNetworkInterface.cc -> .o
 [     CXX] build_Intel_8592/python/_m5/param_WeightBased.cc -> .o
 [     CXX] build_Intel_8592/python/_m5/param_BasicExtLink.cc -> .o
 [     CXX] src/mem/ruby/network/Topology.cc -> build_Intel_8592/mem/ruby/network/Topology.o
 [     CXX] src/mem/ruby/network/garnet/SwitchAllocator.cc -> build_Intel_8592/mem/ruby/network/garnet/SwitchAllocator.o
 [     CXX] src/mem/ruby/network/garnet/GarnetNetwork.cc -> build_Intel_8592/mem/ruby/network/garnet/GarnetNetwork.o
 [     CXX] src/mem/ruby/network/simple/SimpleLink.cc -> build_Intel_8592/mem/ruby/network/simple/SimpleLink.o
 [     CXX] build_Intel_8592/python/_m5/param_GarnetExtLink.cc -> .o
 [     CXX] build_Intel_8592/python/_m5/param_SimpleIntLink.cc -> .o
 [     CXX] src/mem/ruby/protocol/chi/generic/CHIGenericController.cc -> build_Intel_8592/mem/ruby/protocol/chi/generic/CHIGenericController.o
In file included from /usr/include/c++/15/deque:67,
                 from src/mem/mem_interface.hh:49,
                 from src/mem/nvm_interface.hh:49,
                 from src/mem/nvm_interface.cc:41:
In function ‘std::__enable_if_t<((bool)std::__is_bitwise_relocatable<_Tp>::value), _Tp*> std::__relocate_a_1(_Tp*, _Tp*, _Tp*, allocator<_T2>&) [with _Tp = gem5::statistics::StatStor*; _Up = gem5::statistics::StatStor*]’,
    inlined from ‘_ForwardIterator std::__relocate_a(_InputIterator, _InputIterator, _ForwardIterator, _Allocator&) [with _InputIterator = gem5::statistics::StatStor**; _ForwardIterator = gem5::statistics::StatStor**; _Allocator = allocator<gem5::statistics::StatStor*>]’ at /usr/include/c++/15/bits/stl_uninitialized.h:1359:33,
    inlined from ‘static std::vector<_Tp, _Alloc>::pointer std::vector<_Tp, _Alloc>::_S_relocate(pointer, pointer, pointer, _Tp_alloc_type&) [with _Tp = gem5::statistics::StatStor*; _Alloc = std::allocator<gem5::statistics::StatStor*>]’ at /usr/include/c++/15/bits/stl_vector.h:539:26,
    inlined from ‘void std::vector<_Tp, _Alloc>::reserve(size_type) [with _Tp = gem5::statistics::StatStor*; _Alloc = std::allocator<gem5::statistics::StatStor*>]’ at /usr/include/c++/15/bits/vector.tcc:80:19,
    inlined from ‘void gem5::statistics::VectorBase<Derived, Stor>::doInit(gem5::statistics::size_type) [with Derived = gem5::statistics::Vector; Stor = gem5::statistics::StatStor]’ at src/base/statistics.hh:959:24:
/usr/include/c++/15/bits/stl_uninitialized.h:1343:27: warning: ‘void* __builtin_memcpy(void*, const void*, long unsigned int)’ forming offset [34359738360, 34359738367] is out of the bounds [0, 34359738360] [-Warray-bounds=]
 1343 |           __builtin_memcpy(__result, __first, __count * sizeof(_Tp));
      |           ~~~~~~~~~~~~~~~~^~~~~~~~~~~~~~~~~~~~~~~~~~~~~~~~~~~~~~~~~~
 [     CXX] build_Intel_8592/python/_m5/param_GarnetNetwork.cc -> .o
 [     CXX] build_Intel_8592/python/_m5/param_BasicLink.cc -> .o
 [     CXX] build_Intel_8592/python/_m5/param_BaseRoutingUnit.cc -> .o
 [     CXX] src/mem/ruby/network/garnet/NetworkBridge.cc -> build_Intel_8592/mem/ruby/network/garnet/NetworkBridge.o
 [     CXX] src/mem/ruby/profiler/Profiler.cc -> build_Intel_8592/mem/ruby/profiler/Profiler.o
 [     CXX] src/mem/ruby/network/BasicLink.cc -> build_Intel_8592/mem/ruby/network/BasicLink.o
 [     CXX] src/mem/ruby/network/Network.cc -> build_Intel_8592/mem/ruby/network/Network.o
 [     CXX] src/mem/ruby/network/garnet/RoutingUnit.cc -> build_Intel_8592/mem/ruby/network/garnet/RoutingUnit.o
In file included from /usr/include/c++/15/deque:67,
                 from src/mem/mem_ctrl.hh:49,
                 from src/mem/mem_ctrl.cc:41:
In function ‘std::__enable_if_t<((bool)std::__is_bitwise_relocatable<_Tp>::value), _Tp*> std::__relocate_a_1(_Tp*, _Tp*, _Tp*, allocator<_T2>&) [with _Tp = gem5::statistics::StatStor*; _Up = gem5::statistics::StatStor*]’,
    inlined from ‘_ForwardIterator std::__relocate_a(_InputIterator, _InputIterator, _ForwardIterator, _Allocator&) [with _InputIterator = gem5::statistics::StatStor**; _ForwardIterator = gem5::statistics::StatStor**; _Allocator = allocator<gem5::statistics::StatStor*>]’ at /usr/include/c++/15/bits/stl_uninitialized.h:1359:33,
    inlined from ‘static std::vector<_Tp, _Alloc>::pointer std::vector<_Tp, _Alloc>::_S_relocate(pointer, pointer, pointer, _Tp_alloc_type&) [with _Tp = gem5::statistics::StatStor*; _Alloc = std::allocator<gem5::statistics::StatStor*>]’ at /usr/include/c++/15/bits/stl_vector.h:539:26,
    inlined from ‘void std::vector<_Tp, _Alloc>::reserve(size_type) [with _Tp = gem5::statistics::StatStor*; _Alloc = std::allocator<gem5::statistics::StatStor*>]’ at /usr/include/c++/15/bits/vector.tcc:80:19,
    inlined from ‘void gem5::statistics::VectorBase<Derived, Stor>::doInit(gem5::statistics::size_type) [with Derived = gem5::statistics::Vector; Stor = gem5::statistics::StatStor]’ at src/base/statistics.hh:959:24:
/usr/include/c++/15/bits/stl_uninitialized.h:1343:27: warning: ‘void* __builtin_memcpy(void*, const void*, long unsigned int)’ forming offset [34359738360, 34359738367] is out of the bounds [0, 34359738360] [-Warray-bounds=]
 1343 |           __builtin_memcpy(__result, __first, __count * sizeof(_Tp));
      |           ~~~~~~~~~~~~~~~~^~~~~~~~~~~~~~~~~~~~~~~~~~~~~~~~~~~~~~~~~~
 [     CXX] src/mem/ruby/network/garnet/GarnetLink.cc -> build_Intel_8592/mem/ruby/network/garnet/GarnetLink.o
 [     CXX] build_Intel_8592/python/_m5/param_GarnetIntLink.cc -> .o
 [     CXX] src/cpu/pred/multiperspective_perceptron_64KB.cc -> build_Intel_8592/cpu/pred/multiperspective_perceptron_64KB.o
 [     CXX] build_Intel_8592/python/_m5/param_MultiperspectivePerceptronTAGE64KB.cc -> .o
 [     CXX] build_Intel_8592/python/_m5/param_MultiperspectivePerceptron.cc -> .o
 [     CXX] src/cpu/pred/multiperspective_perceptron_8KB.cc -> build_Intel_8592/cpu/pred/multiperspective_perceptron_8KB.o
 [     CXX] build_Intel_8592/python/_m5/param_MPP_StatisticalCorrector_64KB.cc -> .o
 [     CXX] src/cpu/pred/multiperspective_perceptron.cc -> build_Intel_8592/cpu/pred/multiperspective_perceptron.o
 [     CXX] build_Intel_8592/python/_m5/param_MPP_LoopPredictor.cc -> .o
 [     CXX] build_Intel_8592/python/_m5/param_MultiperspectivePerceptronTAGE.cc -> .o
 [SO Param] m5.objects.Bridge, BridgeBase -> build_Intel_8592/python/_m5/param_BridgeBase.cc
 [SO Param] m5.objects.BaseMMU, BaseMMU -> build_Intel_8592/params/BaseMMU.hh
 [SO Param] m5.objects.BloomFilters, BloomFilterBulk -> build_Intel_8592/params/BloomFilterBulk.hh
 [SO Param] m5.objects.IQUnit, IQUnit -> build_Intel_8592/python/_m5/param_IQUnit.cc
 [SO Param] m5.objects.Tags, BaseSetAssoc -> build_Intel_8592/params/BaseSetAssoc.hh
 [     CXX] src/kern/linux/events.cc -> build_Intel_8592/kern/linux/events.o
 [     CXX] src/base/filters/bulk_bloom_filter.cc -> build_Intel_8592/base/filters/bulk_bloom_filter.o
 [     CXX] build_Intel_8592/python/_m5/param_BloomFilterBulk.cc -> .o
 [     CXX] src/mem/cache/prefetch/pif.cc -> build_Intel_8592/mem/cache/prefetch/pif.o
 [     CXX] src/cpu/exetrace.cc -> build_Intel_8592/cpu/exetrace.o
 [     CXX] build_Intel_8592/python/_m5/param_IndirectMemoryPrefetcher.cc -> .o
 [     CXX] src/cpu/minor/dyn_inst.cc -> build_Intel_8592/cpu/minor/dyn_inst.o
 [     CXX] src/cpu/simple/probes/looppoint_analysis.cc -> build_Intel_8592/cpu/simple/probes/looppoint_analysis.o
 [     CXX] src/mem/cache/prefetch/indirect_memory.cc -> build_Intel_8592/mem/cache/prefetch/indirect_memory.o
 [     CXX] build_Intel_8592/python/_m5/param_TaggedPrefetcher.cc -> .o
 [     CXX] build_Intel_8592/python/_m5/param_LooppointAnalysisManager.cc -> .o
 [     CXX] build_Intel_8592/python/_m5/param_SmsPrefetcher.cc -> .o
 [     CXX] build_Intel_8592/python/_m5/param_LooppointAnalysis.cc -> .o
 [     CXX] src/mem/cache/prefetch/delta_correlating_prediction_tables.cc -> build_Intel_8592/mem/cache/prefetch/delta_correlating_prediction_tables.o
 [SO Param] m5.objects.Process, EmulatedDriver -> build_Intel_8592/params/EmulatedDriver.hh
 [     CXX] src/base/remote_gdb.cc -> build_Intel_8592/base/remote_gdb.o
 [     CXX] src/cpu/thread_state.cc -> build_Intel_8592/cpu/thread_state.o
 [     CXX] build_Intel_8592/python/_m5/param_StridePrefetcher.cc -> .o
 [     CXX] src/mem/cache/prefetch/bop.cc -> build_Intel_8592/mem/cache/prefetch/bop.o
 [     CXX] build_Intel_8592/python/_m5/param_SBOOEPrefetcher.cc -> .o
 [     CXX] src/kern/linux/linux.cc -> build_Intel_8592/kern/linux/linux.o
 [     CXX] src/mem/cache/prefetch/tagged.cc -> build_Intel_8592/mem/cache/prefetch/tagged.o
In file included from /usr/include/c++/15/vector:67,
                 from src/mem/ruby/network/garnet/GarnetNetwork.hh:36,
                 from src/mem/ruby/network/garnet/GarnetNetwork.cc:32:
In function ‘std::__enable_if_t<((bool)std::__is_bitwise_relocatable<_Tp>::value), _Tp*> std::__relocate_a_1(_Tp*, _Tp*, _Tp*, allocator<_T2>&) [with _Tp = gem5::statistics::StatStor*; _Up = gem5::statistics::StatStor*]’,
    inlined from ‘_ForwardIterator std::__relocate_a(_InputIterator, _InputIterator, _ForwardIterator, _Allocator&) [with _InputIterator = gem5::statistics::StatStor**; _ForwardIterator = gem5::statistics::StatStor**; _Allocator = allocator<gem5::statistics::StatStor*>]’ at /usr/include/c++/15/bits/stl_uninitialized.h:1359:33,
    inlined from ‘static std::vector<_Tp, _Alloc>::pointer std::vector<_Tp, _Alloc>::_S_relocate(pointer, pointer, pointer, _Tp_alloc_type&) [with _Tp = gem5::statistics::StatStor*; _Alloc = std::allocator<gem5::statistics::StatStor*>]’ at /usr/include/c++/15/bits/stl_vector.h:539:26,
    inlined from ‘void std::vector<_Tp, _Alloc>::reserve(size_type) [with _Tp = gem5::statistics::StatStor*; _Alloc = std::allocator<gem5::statistics::StatStor*>]’ at /usr/include/c++/15/bits/vector.tcc:80:19,
    inlined from ‘void gem5::statistics::VectorBase<Derived, Stor>::doInit(gem5::statistics::size_type) [with Derived = gem5::statistics::Vector; Stor = gem5::statistics::StatStor]’ at src/base/statistics.hh:959:24:
/usr/include/c++/15/bits/stl_uninitialized.h:1343:27: warning: ‘void* __builtin_memcpy(void*, const void*, long unsigned int)’ forming offset [34359738360, 34359738367] is out of the bounds [0, 34359738360] [-Warray-bounds=]
 1343 |           __builtin_memcpy(__result, __first, __count * sizeof(_Tp));
      |           ~~~~~~~~~~~~~~~~^~~~~~~~~~~~~~~~~~~~~~~~~~~~~~~~~~~~~~~~~~
 [     CXX] src/cpu/thread_context.cc -> build_Intel_8592/cpu/thread_context.o
 [     CXX] build_Intel_8592/python/_m5/param_StridePrefetcherHashedSetAssociative.cc -> .o
 [     CXX] src/mem/cache/prefetch/multi.cc -> build_Intel_8592/mem/cache/prefetch/multi.o
 [     CXX] build_Intel_8592/python/_m5/param_BOPPrefetcher.cc -> .o
 [     CXX] src/cpu/minor/stats.cc -> build_Intel_8592/cpu/minor/stats.o
 [     CXX] src/cpu/kvm/vm.cc -> build_Intel_8592/cpu/kvm/vm.o
 [     CXX] src/mem/cache/prefetch/stride.cc -> build_Intel_8592/mem/cache/prefetch/stride.o
 [     CXX] src/cpu/simple_thread.cc -> build_Intel_8592/cpu/simple_thread.o
 [     CXX] build_Intel_8592/python/_m5/param_QueuedPrefetcher.cc -> .o
 [     CXX] src/mem/cache/prefetch/base.cc -> build_Intel_8592/mem/cache/prefetch/base.o
 [     CXX] src/mem/ruby/structures/RubyPrefetcherProxy.cc -> build_Intel_8592/mem/ruby/structures/RubyPrefetcherProxy.o
 [     CXX] build_Intel_8592/python/_m5/param_SlimAMPMPrefetcher.cc -> .o
 [     CXX] src/mem/cache/prefetch/spatio_temporal_memory_streaming.cc -> build_Intel_8592/mem/cache/prefetch/spatio_temporal_memory_streaming.o
 [     CXX] build_Intel_8592/python/_m5/param_MultiPrefetcher.cc -> .o
 [     CXX] build_Intel_8592/python/_m5/param_BaseCPU.cc -> .o
 [     CXX] src/mem/cache/prefetch/access_map_pattern_matching.cc -> build_Intel_8592/mem/cache/prefetch/access_map_pattern_matching.o
 [     CXX] src/cpu/kvm/base.cc -> build_Intel_8592/cpu/kvm/base.o
 [     CXX] src/mem/cache/prefetch/slim_ampm.cc -> build_Intel_8592/mem/cache/prefetch/slim_ampm.o
 [     CXX] build_Intel_8592/python/_m5/param_BasePrefetcher.cc -> .o
 [     CXX] build_Intel_8592/python/_m5/param_SignaturePathPrefetcher.cc -> .o
 [     CXX] build_Intel_8592/python/_m5/param_DCPTPrefetcher.cc -> .o
 [     CXX] src/cpu/minor/pipe_data.cc -> build_Intel_8592/cpu/minor/pipe_data.o
 [     CXX] src/mem/se_translating_port_proxy.cc -> build_Intel_8592/mem/se_translating_port_proxy.o
 [     CXX] src/cpu/probes/pc_count_tracker_manager.cc -> build_Intel_8592/cpu/probes/pc_count_tracker_manager.o
 [     CXX] build_Intel_8592/python/_m5/param_BaseKvmCPU.cc -> .o
 [     CXX] src/cpu/profile.cc -> build_Intel_8592/cpu/profile.o
 [     CXX] src/mem/cache/prefetch/signature_path_v2.cc -> build_Intel_8592/mem/cache/prefetch/signature_path_v2.o
 [     CXX] build_Intel_8592/python/_m5/param_PIFPrefetcher.cc -> .o
 [     CXX] build_Intel_8592/python/_m5/param_DeltaCorrelatingPredictionTables.cc -> .o
 [     CXX] src/mem/translating_port_proxy.cc -> build_Intel_8592/mem/translating_port_proxy.o
 [MAKE INC] src/mem/ruby/structures/RubyPrefetcherProxy.hh -> build_Intel_8592/mem/ruby/protocol/RubyPrefetcherProxy.hh
 [     CXX] src/mem/cache/prefetch/signature_path.cc -> build_Intel_8592/mem/cache/prefetch/signature_path.o
 [     CXX] build_Intel_8592/python/_m5/param_STeMSPrefetcher.cc -> .o
 [     CXX] build_Intel_8592/python/_m5/param_AMPMPrefetcher.cc -> .o
 [     CXX] build_Intel_8592/python/_m5/param_PcCountTrackerManager.cc -> .o
 [     CXX] src/mem/cache/prefetch/sms.cc -> build_Intel_8592/mem/cache/prefetch/sms.o
 [     CXX] src/cpu/checker/cpu.cc -> build_Intel_8592/cpu/checker/cpu.o
 [     CXX] build_Intel_8592/python/_m5/param_AccessMapPatternMatching.cc -> .o
 [     CXX] src/mem/cache/prefetch/sbooe.cc -> build_Intel_8592/mem/cache/prefetch/sbooe.o
 [     CXX] src/kern/linux/printk.cc -> build_Intel_8592/kern/linux/printk.o
 [     CXX] build_Intel_8592/python/_m5/param_CheckerCPU.cc -> .o
 [     CXX] build_Intel_8592/python/_m5/param_SignaturePathPrefetcherV2.cc -> .o
 [     CXX] src/mem/cache/prefetch/queued.cc -> build_Intel_8592/mem/cache/prefetch/queued.o
 [     CXX] src/kern/linux/helpers.cc -> build_Intel_8592/kern/linux/helpers.o
 [SO Param] m5.objects.CfiMemory, CfiMemory -> build_Intel_8592/params/CfiMemory.hh
 [SO Param] m5.objects.Vnc, VncInput -> build_Intel_8592/params/VncInput.hh
 [SO Param] m5.objects.FuncUnit, OpDesc -> build_Intel_8592/python/_m5/param_OpDesc.cc
 [SO Param] m5.objects.ReplacementPolicies, LFURP -> build_Intel_8592/python/_m5/param_LFURP.cc
 [SO Param] m5.objects.BranchPredictor, BiModeBP -> build_Intel_8592/params/BiModeBP.hh
 [SO Param] m5.objects.Bridge, BridgeBase -> build_Intel_8592/params/BridgeBase.hh
 [     CXX] build_Intel_8592/python/_m5/param_CfiMemory.cc -> .o
 [     CXX] build_Intel_8592/python/_m5/param_VncInput.cc -> .o
 [     CXX] build_Intel_8592/python/_m5/param_VncServer.cc -> .o
 [     CXX] src/base/vnc/vncinput.cc -> build_Intel_8592/base/vnc/vncinput.o
 [     CXX] build_Intel_8592/python/_m5/param_BiModeBP.cc -> .o
 [     CXX] src/mem/bridge.cc -> build_Intel_8592/mem/bridge.o
 [     CXX] build_Intel_8592/python/_m5/param_BridgeBase.cc -> .o
 [     CXX] build_Intel_8592/python/_m5/param_Bridge.cc -> .o
 [     CXX] src/cpu/pred/bi_mode.cc -> build_Intel_8592/cpu/pred/bi_mode.o
 [     CXX] src/base/vnc/vncserver.cc -> build_Intel_8592/base/vnc/vncserver.o
 [     CXX] src/mem/cfi_mem.cc -> build_Intel_8592/mem/cfi_mem.o
 [SO Param] m5.objects.BranchPredictor, MPP_LoopPredictor_8KB -> build_Intel_8592/python/_m5/param_MPP_LoopPredictor_8KB.cc
 [SO Param] m5.objects.StackDistProbe, StackDistProbe -> build_Intel_8592/python/_m5/param_StackDistProbe.cc
 [SO Param] m5.objects.PcCountTracker, PcCountTracker -> build_Intel_8592/python/_m5/param_PcCountTracker.cc
 [SO Param] m5.objects.PyTrafficGen, PyTrafficGen -> build_Intel_8592/python/_m5/param_PyTrafficGen.cc
 [SO Param] m5.objects.IQUnit, IQUnit -> build_Intel_8592/params/IQUnit.hh
 [SO Param] m5.objects.Compressors, FPCD -> build_Intel_8592/python/_m5/param_FPCD.cc
 [SO Param] m5.objects.FuncUnit, OpDesc -> build_Intel_8592/params/OpDesc.hh
 [SO Param] m5.objects.SimpleNetwork, Switch -> build_Intel_8592/python/_m5/param_Switch.cc
 [SO Param] m5.objects.PartitioningPolicies, WayPartitioningPolicy -> build_Intel_8592/python/_m5/param_WayPartitioningPolicy.cc
 [ENUM STR] m5.objects.SpatterGen, SpatterKernelType -> build_Intel_8592/enums/SpatterKernelType.cc
 [SO Param] m5.objects.ReplacementPolicies, LFURP -> build_Intel_8592/params/LFURP.hh
 [SO Param] m5.objects.ReplacementPolicies, WeightedLRURP -> build_Intel_8592/python/_m5/param_WeightedLRURP.cc
 [SO Param] m5.objects.Compressors, BaseCacheCompressor -> build_Intel_8592/python/_m5/param_BaseCacheCompressor.cc
 [SO Param] m5.objects.BranchPredictor, MPP_LoopPredictor_8KB -> build_Intel_8592/params/MPP_LoopPredictor_8KB.hh
 [SO Param] m5.objects.StackDistProbe, StackDistProbe -> build_Intel_8592/params/StackDistProbe.hh
 [     CXX] build_Intel_8592/python/_m5/param_OpDesc.cc -> .o
 [     CXX] build_Intel_8592/python/_m5/param_FUPool.cc -> .o
 [     CXX] src/cpu/func_unit.cc -> build_Intel_8592/cpu/func_unit.o
 [     CXX] build_Intel_8592/python/_m5/param_IQUnit.cc -> .o
 [     CXX] build_Intel_8592/python/_m5/param_FUDesc.cc -> .o
 [     CXX] build_Intel_8592/python/_m5/param_LFURP.cc -> .o
 [     CXX] src/mem/cache/replacement_policies/lfu_rp.cc -> build_Intel_8592/mem/cache/replacement_policies/lfu_rp.o
 [     CXX] src/cpu/o3/fu_pool.cc -> build_Intel_8592/cpu/o3/fu_pool.o
 [     CXX] build_Intel_8592/python/_m5/param_MPP_LoopPredictor_8KB.cc -> .o
 [     CXX] src/cpu/pred/multiperspective_perceptron_tage_8KB.cc -> build_Intel_8592/cpu/pred/multiperspective_perceptron_tage_8KB.o
 [     CXX] build_Intel_8592/python/_m5/param_StackDistProbe.cc -> .o
 [     CXX] src/mem/probes/stack_dist.cc -> build_Intel_8592/mem/probes/stack_dist.o
 [     CXX] build_Intel_8592/python/_m5/param_MPP_TAGE_8KB.cc -> .o
 [     CXX] build_Intel_8592/python/_m5/param_MultiperspectivePerceptronTAGE8KB.cc -> .o
 [     CXX] build_Intel_8592/python/_m5/param_MPP_StatisticalCorrector_8KB.cc -> .o
 [SO Param] m5.objects.PcCountTracker, PcCountTracker -> build_Intel_8592/params/PcCountTracker.hh
 [SO Param] m5.objects.RubyPrefetcher, RubyPrefetcher -> build_Intel_8592/python/_m5/param_RubyPrefetcher.cc
 [SO Param] m5.objects.PartitioningPolicies, PartitionManager -> build_Intel_8592/python/_m5/param_PartitionManager.cc
 [SO Param] m5.objects.PyTrafficGen, PyTrafficGen -> build_Intel_8592/params/PyTrafficGen.hh
 [SO Param] m5.objects.DummyChecker, DummyChecker -> build_Intel_8592/python/_m5/param_DummyChecker.cc
 [SO Param] m5.objects.MemTest, MemTest -> build_Intel_8592/python/_m5/param_MemTest.cc
 [     CXX] build_Intel_8592/python/_m5/param_PcCountTracker.cc -> .o
 [     CXX] src/cpu/probes/pc_count_tracker.cc -> build_Intel_8592/cpu/probes/pc_count_tracker.o
 [SO Param] m5.objects.Prefetcher, IrregularStreamBufferPrefetcher -> build_Intel_8592/python/_m5/param_IrregularStreamBufferPrefetcher.cc
 [     CXX] build_Intel_8592/python/_m5/param_PyTrafficGen.cc -> .o
 [     CXX] src/cpu/testers/traffic_gen/pygen.cc -> build_Intel_8592/cpu/testers/traffic_gen/pygen.o
 [SO Param] m5.objects.DummyChecker, DummyChecker -> build_Intel_8592/params/DummyChecker.hh
 [SO Param] m5.objects.Compressors, FPCD -> build_Intel_8592/params/FPCD.hh
 [SO Param] m5.objects.SimpleNetwork, Switch -> build_Intel_8592/params/Switch.hh
 [SO Param] m5.objects.OutgoingRequestBridge, OutgoingRequestBridge -> build_Intel_8592/python/_m5/param_OutgoingRequestBridge.cc
 [SO Param] m5.objects.PartitioningPolicies, WayPartitioningPolicy -> build_Intel_8592/params/WayPartitioningPolicy.hh
 [ENUMDECL] m5.objects.SpatterGen, SpatterKernelType -> build_Intel_8592/enums/SpatterKernelType.hh
 [SO Param] m5.objects.BranchPredictor, BranchPredictor -> build_Intel_8592/python/_m5/param_BranchPredictor.cc
 [SO Param] m5.objects.ReplacementPolicies, WeightedLRURP -> build_Intel_8592/params/WeightedLRURP.hh
 [SO Param] m5.objects.Compressors, BaseCacheCompressor -> build_Intel_8592/params/BaseCacheCompressor.hh
 [SO Param] m5.objects.RubyPrefetcher, RubyPrefetcher -> build_Intel_8592/params/RubyPrefetcher.hh
 [     CXX] build_Intel_8592/python/_m5/param_DummyChecker.cc -> .o
 [SO Param] m5.objects.PartitioningPolicies, PartitionManager -> build_Intel_8592/params/PartitionManager.hh
 [     CXX] build_Intel_8592/python/_m5/param_OutgoingRequestBridge.cc -> .o
 [     CXX] build_Intel_8592/python/_m5/param_Switch.cc -> .o
 [     CXX] src/mem/ruby/network/simple/Throttle.cc -> build_Intel_8592/mem/ruby/network/simple/Throttle.o
 [     CXX] src/cpu/testers/spatter_gen/spatter_gen.cc -> build_Intel_8592/cpu/testers/spatter_gen/spatter_gen.o
 [     CXX] build_Intel_8592/python/_m5/param_SpatterGen.cc -> .o
 [     CXX] src/mem/cache/replacement_policies/weighted_lru_rp.cc -> build_Intel_8592/mem/cache/replacement_policies/weighted_lru_rp.o
 [     CXX] build_Intel_8592/python/_m5/param_CPack.cc -> .o
 [     CXX] build_Intel_8592/python/_m5/param_RubyPrefetcher.cc -> .o
 [     CXX] build_Intel_8592/python/_m5/param_BaseSetAssoc.cc -> .o
 [     CXX] src/mem/cache/tags/partitioning_policies/partition_manager.cc -> build_Intel_8592/mem/cache/tags/partitioning_policies/partition_manager.o
 [     CXX] src/mem/cache/tags/fa_lru.cc -> build_Intel_8592/mem/cache/tags/fa_lru.o
 [     CXX] build_Intel_8592/python/_m5/param_NoncoherentCache.cc -> .o
 [     CXX] build_Intel_8592/python/_m5/param_FALRU.cc -> .o
 [     CXX] src/mem/cache/cache.cc -> build_Intel_8592/mem/cache/cache.o
 [     CXX] src/mem/cache/tags/base.cc -> build_Intel_8592/mem/cache/tags/base.o
 [     CXX] build_Intel_8592/python/_m5/param_Cache.cc -> .o
 [     CXX] src/mem/cache/write_queue_entry.cc -> build_Intel_8592/mem/cache/write_queue_entry.o
 [     CXX] build_Intel_8592/python/_m5/param_CompressedTags.cc -> .o
 [     CXX] src/mem/cache/tags/sector_tags.cc -> build_Intel_8592/mem/cache/tags/sector_tags.o
 [     CXX] src/mem/cache/base.cc -> build_Intel_8592/mem/cache/base.o
 [     CXX] build_Intel_8592/python/_m5/param_FrequentValuesCompressor.cc -> .o
 [     CXX] src/mem/cache/mshr.cc -> build_Intel_8592/mem/cache/mshr.o
 [     CXX] src/mem/cache/tags/compressed_tags.cc -> build_Intel_8592/mem/cache/tags/compressed_tags.o
 [     CXX] build_Intel_8592/python/_m5/param_BaseCache.cc -> .o
 [     CXX] src/mem/cache/compressors/frequent_values.cc -> build_Intel_8592/mem/cache/compressors/frequent_values.o
 [     CXX] build_Intel_8592/python/_m5/param_SectorTags.cc -> .o
 [     CXX] build_Intel_8592/python/_m5/param_PartitionManager.cc -> .o
 [     CXX] src/mem/cache/tags/base_set_assoc.cc -> build_Intel_8592/mem/cache/tags/base_set_assoc.o
 [     CXX] build_Intel_8592/python/_m5/param_WriteAllocator.cc -> .o
 [     CXX] src/mem/cache/noncoherent_cache.cc -> build_Intel_8592/mem/cache/noncoherent_cache.o
In file included from /usr/include/c++/15/vector:67,
                 from /usr/include/c++/15/functional:66,
                 from src/mem/cache/tags/fa_lru.hh:51,
                 from src/mem/cache/tags/fa_lru.cc:48:
In function ‘std::__enable_if_t<((bool)std::__is_bitwise_relocatable<_Tp>::value), _Tp*> std::__relocate_a_1(_Tp*, _Tp*, _Tp*, allocator<_T2>&) [with _Tp = gem5::statistics::StatStor*; _Up = gem5::statistics::StatStor*]’,
    inlined from ‘_ForwardIterator std::__relocate_a(_InputIterator, _InputIterator, _ForwardIterator, _Allocator&) [with _InputIterator = gem5::statistics::StatStor**; _ForwardIterator = gem5::statistics::StatStor**; _Allocator = allocator<gem5::statistics::StatStor*>]’ at /usr/include/c++/15/bits/stl_uninitialized.h:1359:33,
    inlined from ‘static std::vector<_Tp, _Alloc>::pointer std::vector<_Tp, _Alloc>::_S_relocate(pointer, pointer, pointer, _Tp_alloc_type&) [with _Tp = gem5::statistics::StatStor*; _Alloc = std::allocator<gem5::statistics::StatStor*>]’ at /usr/include/c++/15/bits/stl_vector.h:539:26,
    inlined from ‘void std::vector<_Tp, _Alloc>::reserve(size_type) [with _Tp = gem5::statistics::StatStor*; _Alloc = std::allocator<gem5::statistics::StatStor*>]’ at /usr/include/c++/15/bits/vector.tcc:80:19,
    inlined from ‘void gem5::statistics::VectorBase<Derived, Stor>::doInit(gem5::statistics::size_type) [with Derived = gem5::statistics::Vector; Stor = gem5::statistics::StatStor]’ at src/base/statistics.hh:959:24:
/usr/include/c++/15/bits/stl_uninitialized.h:1343:27: warning: ‘void* __builtin_memcpy(void*, const void*, long unsigned int)’ forming offset [34359738360, 34359738367] is out of the bounds [0, 34359738360] [-Warray-bounds=]
 1343 |           __builtin_memcpy(__result, __first, __count * sizeof(_Tp));
      |           ~~~~~~~~~~~~~~~~^~~~~~~~~~~~~~~~~~~~~~~~~~~~~~~~~~~~~~~~~~
 [MAKE INC] src/mem/ruby/structures/RubyPrefetcher.hh -> build_Intel_8592/mem/ruby/protocol/RubyPrefetcher.hh
 [     CXX] build_Intel_8592/python/_m5/param_CHI_Cache_Controller.cc -> .o
In file included from /usr/include/c++/15/vector:67,
                 from src/mem/ruby/network/simple/Throttle.hh:55,
                 from src/mem/ruby/network/simple/Throttle.cc:41:
In function ‘std::__enable_if_t<((bool)std::__is_bitwise_relocatable<_Tp>::value), _Tp*> std::__relocate_a_1(_Tp*, _Tp*, _Tp*, allocator<_T2>&) [with _Tp = gem5::statistics::StatStor*; _Up = gem5::statistics::StatStor*]’,
    inlined from ‘_ForwardIterator std::__relocate_a(_InputIterator, _InputIterator, _ForwardIterator, _Allocator&) [with _InputIterator = gem5::statistics::StatStor**; _ForwardIterator = gem5::statistics::StatStor**; _Allocator = allocator<gem5::statistics::StatStor*>]’ at /usr/include/c++/15/bits/stl_uninitialized.h:1359:33,
    inlined from ‘static std::vector<_Tp, _Alloc>::pointer std::vector<_Tp, _Alloc>::_S_relocate(pointer, pointer, pointer, _Tp_alloc_type&) [with _Tp = gem5::statistics::StatStor*; _Alloc = std::allocator<gem5::statistics::StatStor*>]’ at /usr/include/c++/15/bits/stl_vector.h:539:26,
    inlined from ‘void std::vector<_Tp, _Alloc>::reserve(size_type) [with _Tp = gem5::statistics::StatStor*; _Alloc = std::allocator<gem5::statistics::StatStor*>]’ at /usr/include/c++/15/bits/vector.tcc:80:19,
    inlined from ‘void gem5::statistics::VectorBase<Derived, Stor>::doInit(gem5::statistics::size_type) [with Derived = gem5::statistics::Vector; Stor = gem5::statistics::StatStor]’ at src/base/statistics.hh:959:24,
    inlined from ‘Derived& gem5::statistics::VectorBase<Derived, Stor>::init(gem5::statistics::size_type) [with Derived = gem5::statistics::Vector; Stor = gem5::statistics::StatStor]’ at src/base/statistics.hh:1044:20,
    inlined from ‘gem5::ruby::Throttle::ThrottleStats::ThrottleStats(gem5::ruby::Switch*, const gem5::ruby::NodeID&, std::string)’ at src/mem/ruby/network/simple/Throttle.cc:382:19:
/usr/include/c++/15/bits/stl_uninitialized.h:1343:27: warning: ‘void* __builtin_memcpy(void*, const void*, long unsigned int)’ forming offset [34359738360, 34359738367] is out of the bounds [0, 34359738360] [-Warray-bounds=]
 1343 |           __builtin_memcpy(__result, __first, __count * sizeof(_Tp));
      |           ~~~~~~~~~~~~~~~~^~~~~~~~~~~~~~~~~~~~~~~~~~~~~~~~~~~~~~~~~~
 [     CXX] build_Intel_8592/mem/ruby/protocol/CHI/Memory_Transitions.cc -> .o
 [     CXX] build_Intel_8592/mem/ruby/protocol/CHI/Memory_Wakeup.cc -> .o
In file included from /usr/include/c++/15/vector:67,
                 from /usr/include/c++/15/functional:66,
                 from src/mem/cache/tags/base.hh:51,
                 from src/mem/cache/tags/base.cc:46:
In function ‘std::__enable_if_t<((bool)std::__is_bitwise_relocatable<_Tp>::value), _Tp*> std::__relocate_a_1(_Tp*, _Tp*, _Tp*, allocator<_T2>&) [with _Tp = gem5::statistics::AvgStor*; _Up = gem5::statistics::AvgStor*]’,
    inlined from ‘_ForwardIterator std::__relocate_a(_InputIterator, _InputIterator, _ForwardIterator, _Allocator&) [with _InputIterator = gem5::statistics::AvgStor**; _ForwardIterator = gem5::statistics::AvgStor**; _Allocator = allocator<gem5::statistics::AvgStor*>]’ at /usr/include/c++/15/bits/stl_uninitialized.h:1359:33,
    inlined from ‘static std::vector<_Tp, _Alloc>::pointer std::vector<_Tp, _Alloc>::_S_relocate(pointer, pointer, pointer, _Tp_alloc_type&) [with _Tp = gem5::statistics::AvgStor*; _Alloc = std::allocator<gem5::statistics::AvgStor*>]’ at /usr/include/c++/15/bits/stl_vector.h:539:26,
    inlined from ‘void std::vector<_Tp, _Alloc>::reserve(size_type) [with _Tp = gem5::statistics::AvgStor*; _Alloc = std::allocator<gem5::statistics::AvgStor*>]’ at /usr/include/c++/15/bits/vector.tcc:80:19,
    inlined from ‘void gem5::statistics::VectorBase<Derived, Stor>::doInit(gem5::statistics::size_type) [with Derived = gem5::statistics::AverageVector; Stor = gem5::statistics::AvgStor]’ at src/base/statistics.hh:959:24:
/usr/include/c++/15/bits/stl_uninitialized.h:1343:27: warning: ‘void* __builtin_memcpy(void*, const void*, long unsigned int)’ forming offset [34359738360, 34359738367] is out of the bounds [0, 34359738360] [-Warray-bounds=]
 1343 |           __builtin_memcpy(__result, __first, __count * sizeof(_Tp));
      |           ~~~~~~~~~~~~~~~~^~~~~~~~~~~~~~~~~~~~~~~~~~~~~~~~~~~~~~~~~~
 [     CXX] build_Intel_8592/mem/ruby/protocol/CHI/Cache_Controller.cc -> .o
 [     CXX] build_Intel_8592/mem/ruby/protocol/CHI/Cache_Transitions.cc -> .o
In file included from /usr/include/c++/15/vector:67,
                 from src/mem/cache/tags/sector_tags.hh:50,
                 from src/mem/cache/tags/sector_tags.cc:45:
In function ‘std::__enable_if_t<((bool)std::__is_bitwise_relocatable<_Tp>::value), _Tp*> std::__relocate_a_1(_Tp*, _Tp*, _Tp*, allocator<_T2>&) [with _Tp = gem5::statistics::StatStor*; _Up = gem5::statistics::StatStor*]’,
    inlined from ‘_ForwardIterator std::__relocate_a(_InputIterator, _InputIterator, _ForwardIterator, _Allocator&) [with _InputIterator = gem5::statistics::StatStor**; _ForwardIterator = gem5::statistics::StatStor**; _Allocator = allocator<gem5::statistics::StatStor*>]’ at /usr/include/c++/15/bits/stl_uninitialized.h:1359:33,
    inlined from ‘static std::vector<_Tp, _Alloc>::pointer std::vector<_Tp, _Alloc>::_S_relocate(pointer, pointer, pointer, _Tp_alloc_type&) [with _Tp = gem5::statistics::StatStor*; _Alloc = std::allocator<gem5::statistics::StatStor*>]’ at /usr/include/c++/15/bits/stl_vector.h:539:26,
    inlined from ‘void std::vector<_Tp, _Alloc>::reserve(size_type) [with _Tp = gem5::statistics::StatStor*; _Alloc = std::allocator<gem5::statistics::StatStor*>]’ at /usr/include/c++/15/bits/vector.tcc:80:19,
    inlined from ‘void gem5::statistics::VectorBase<Derived, Stor>::doInit(gem5::statistics::size_type) [with Derived = gem5::statistics::Vector; Stor = gem5::statistics::StatStor]’ at src/base/statistics.hh:959:24,
    inlined from ‘Derived& gem5::statistics::VectorBase<Derived, Stor>::init(gem5::statistics::size_type) [with Derived = gem5::statistics::Vector; Stor = gem5::statistics::StatStor]’ at src/base/statistics.hh:1044:20,
    inlined from ‘virtual void gem5::SectorTags::SectorTagsStats::regStats()’ at src/mem/cache/tags/sector_tags.cc:384:30:
/usr/include/c++/15/bits/stl_uninitialized.h:1343:27: warning: ‘void* __builtin_memcpy(void*, const void*, long unsigned int)’ forming offset [34359738360, 34359738367] is out of the bounds [0, 34359738360] [-Warray-bounds=]
 1343 |           __builtin_memcpy(__result, __first, __count * sizeof(_Tp));
      |           ~~~~~~~~~~~~~~~~^~~~~~~~~~~~~~~~~~~~~~~~~~~~~~~~~~~~~~~~~~
 [     CXX] build_Intel_8592/mem/ruby/protocol/CHI/Cache_Wakeup.cc -> .o
 [     CXX] build_Intel_8592/mem/ruby/protocol/CHI/MiscNode_Controller.cc -> .o
 [     CXX] build_Intel_8592/mem/ruby/protocol/CHI/Memory_Controller.cc -> .o
 [     CXX] build_Intel_8592/mem/ruby/protocol/CHI/MiscNode_Wakeup.cc -> .o
 [     CXX] build_Intel_8592/python/_m5/param_CHI_Memory_Controller.cc -> .o
 [     CXX] build_Intel_8592/mem/ruby/protocol/CHI/MiscNode_Transitions.cc -> .o
 [     CXX] build_Intel_8592/python/_m5/param_CHI_MiscNode_Controller.cc -> .o
 [     CXX] src/mem/ruby/structures/RubyPrefetcher.cc -> build_Intel_8592/mem/ruby/structures/RubyPrefetcher.o
 [     CXX] src/mem/cache/compressors/base_dictionary_compressor.cc -> build_Intel_8592/mem/cache/compressors/base_dictionary_compressor.o
 [     CXX] build_Intel_8592/python/_m5/param_BaseDictionaryCompressor.cc -> .o
 [     CXX] build_Intel_8592/python/_m5/param_MultiCompressor.cc -> .o
 [     CXX] build_Intel_8592/python/_m5/param_ZeroCompressor.cc -> .o
 [     CXX] src/mem/cache/compressors/multi.cc -> build_Intel_8592/mem/cache/compressors/multi.o
 [     CXX] src/mem/cache/compressors/fpc.cc -> build_Intel_8592/mem/cache/compressors/fpc.o
 [     CXX] build_Intel_8592/python/_m5/param_Base64Delta32.cc -> .o
 [     CXX] src/mem/cache/compressors/zero.cc -> build_Intel_8592/mem/cache/compressors/zero.o
 [     CXX] build_Intel_8592/python/_m5/param_Base16Delta8.cc -> .o
 [     CXX] src/mem/cache/compressors/base.cc -> build_Intel_8592/mem/cache/compressors/base.o
 [     CXX] build_Intel_8592/python/_m5/param_BaseCacheCompressor.cc -> .o
 [     CXX] build_Intel_8592/python/_m5/param_RepeatedQwordsCompressor.cc -> .o
 [     CXX] build_Intel_8592/python/_m5/param_FPCD.cc -> .o
 [     CXX] src/mem/cache/compressors/cpack.cc -> build_Intel_8592/mem/cache/compressors/cpack.o
 [     CXX] build_Intel_8592/python/_m5/param_Base64Delta16.cc -> .o
 [     CXX] src/mem/cache/compressors/repeated_qwords.cc -> build_Intel_8592/mem/cache/compressors/repeated_qwords.o
 [     CXX] build_Intel_8592/python/_m5/param_Base32Delta16.cc -> .o
 [     CXX] build_Intel_8592/python/_m5/param_PerfectCompressor.cc -> .o
 [     CXX] build_Intel_8592/python/_m5/param_FPC.cc -> .o
 [     CXX] src/mem/cache/compressors/base_delta.cc -> build_Intel_8592/mem/cache/compressors/base_delta.o
 [     CXX] build_Intel_8592/python/_m5/param_Base64Delta8.cc -> .o
 [     CXX] src/mem/cache/compressors/perfect.cc -> build_Intel_8592/mem/cache/compressors/perfect.o
In file included from /usr/include/c++/15/memory:71,
                 from src/mem/cache/compressors/dictionary_compressor.hh:49,
                 from src/mem/cache/compressors/base_dictionary_compressor.cc:34:
In function ‘std::__enable_if_t<((bool)std::__is_bitwise_relocatable<_Tp>::value), _Tp*> std::__relocate_a_1(_Tp*, _Tp*, _Tp*, allocator<_T2>&) [with _Tp = gem5::statistics::StatStor*; _Up = gem5::statistics::StatStor*]’,
    inlined from ‘_ForwardIterator std::__relocate_a(_InputIterator, _InputIterator, _ForwardIterator, _Allocator&) [with _InputIterator = gem5::statistics::StatStor**; _ForwardIterator = gem5::statistics::StatStor**; _Allocator = allocator<gem5::statistics::StatStor*>]’ at /usr/include/c++/15/bits/stl_uninitialized.h:1359:33,
    inlined from ‘static std::vector<_Tp, _Alloc>::pointer std::vector<_Tp, _Alloc>::_S_relocate(pointer, pointer, pointer, _Tp_alloc_type&) [with _Tp = gem5::statistics::StatStor*; _Alloc = std::allocator<gem5::statistics::StatStor*>]’ at /usr/include/c++/15/bits/stl_vector.h:539:26,
    inlined from ‘void std::vector<_Tp, _Alloc>::reserve(size_type) [with _Tp = gem5::statistics::StatStor*; _Alloc = std::allocator<gem5::statistics::StatStor*>]’ at /usr/include/c++/15/bits/vector.tcc:80:19,
    inlined from ‘void gem5::statistics::VectorBase<Derived, Stor>::doInit(gem5::statistics::size_type) [with Derived = gem5::statistics::Vector; Stor = gem5::statistics::StatStor]’ at src/base/statistics.hh:959:24,
    inlined from ‘Derived& gem5::statistics::VectorBase<Derived, Stor>::init(gem5::statistics::size_type) [with Derived = gem5::statistics::Vector; Stor = gem5::statistics::StatStor]’ at src/base/statistics.hh:1044:20,
    inlined from ‘virtual void gem5::compression::BaseDictionaryCompressor::DictionaryStats::regStats()’ at src/mem/cache/compressors/base_dictionary_compressor.cc:63:18:
/usr/include/c++/15/bits/stl_uninitialized.h:1343:27: warning: ‘void* __builtin_memcpy(void*, const void*, long unsigned int)’ forming offset [34359738360, 34359738367] is out of the bounds [0, 34359738360] [-Warray-bounds=]
 1343 |           __builtin_memcpy(__result, __first, __count * sizeof(_Tp));
      |           ~~~~~~~~~~~~~~~~^~~~~~~~~~~~~~~~~~~~~~~~~~~~~~~~~~~~~~~~~~
 [     CXX] src/mem/cache/compressors/fpcd.cc -> build_Intel_8592/mem/cache/compressors/fpcd.o
 [     CXX] build_Intel_8592/python/_m5/param_Base32Delta8.cc -> .o
 [     CXX] build_Intel_8592/python/_m5/param_WeightedLRURP.cc -> .o
 [     CXX] build_Intel_8592/enums/SpatterKernelType.cc -> .o
 [     CXX] src/mem/ruby/network/simple/Switch.cc -> build_Intel_8592/mem/ruby/network/simple/Switch.o
 [     CXX] src/mem/ruby/network/simple/SimpleNetwork.cc -> build_Intel_8592/mem/ruby/network/simple/SimpleNetwork.o
 [     CXX] src/mem/ruby/network/simple/PerfectSwitch.cc -> build_Intel_8592/mem/ruby/network/simple/PerfectSwitch.o
 [     CXX] src/mem/ruby/network/simple/routing/WeightBased.cc -> build_Intel_8592/mem/ruby/network/simple/routing/WeightBased.o
 [     CXX] src/mem/cache/tags/partitioning_policies/way_pp.cc -> build_Intel_8592/mem/cache/tags/partitioning_policies/way_pp.o
 [     CXX] build_Intel_8592/python/_m5/param_WayPartitioningPolicy.cc -> .o
 [SO Param] m5.objects.MemTest, MemTest -> build_Intel_8592/params/MemTest.hh
 [SO Param] m5.objects.BranchPredictor, TAGE_SC_L_8KB -> build_Intel_8592/python/_m5/param_TAGE_SC_L_8KB.cc
 [     CXX] build_Intel_8592/python/_m5/param_MemTest.cc -> .o
 [     CXX] src/cpu/testers/memtest/memtest.cc -> build_Intel_8592/cpu/testers/memtest/memtest.o
 [SO Param] m5.objects.Prefetcher, IrregularStreamBufferPrefetcher -> build_Intel_8592/params/IrregularStreamBufferPrefetcher.hh
 [SO Param] m5.objects.BaseMinorCPU, MinorOpClass -> build_Intel_8592/params/MinorOpClass.hh
 [SO Param] m5.objects.ThreadBridge, ThreadBridge -> build_Intel_8592/python/_m5/param_ThreadBridge.cc
 [SO Param] m5.objects.BranchPredictor, BranchPredictor -> build_Intel_8592/params/BranchPredictor.hh
 [SO Param] m5.objects.SimPoint, SimPoint -> build_Intel_8592/python/_m5/param_SimPoint.cc
 [SO Param] m5.objects.GarnetSyntheticTraffic, GarnetSyntheticTraffic -> build_Intel_8592/python/_m5/param_GarnetSyntheticTraffic.cc
 [ENUM STR] m5.objects.TimingExpr, TimingExprOp -> build_Intel_8592/enums/TimingExprOp.cc
 [SO Param] m5.objects.BloomFilters, BloomFilterMultiBitSel -> build_Intel_8592/python/_m5/param_BloomFilterMultiBitSel.cc
 [SO Param] m5.objects.BranchPredictor, TAGE_SC_L_8KB -> build_Intel_8592/params/TAGE_SC_L_8KB.hh
 [     CXX] build_Intel_8592/python/_m5/param_IrregularStreamBufferPrefetcher.cc -> .o
 [     CXX] build_Intel_8592/python/_m5/param_MinorFUPool.cc -> .o
 [     CXX] build_Intel_8592/python/_m5/param_MinorFU.cc -> .o
 [     CXX] src/cpu/pred/bpred_unit.cc -> build_Intel_8592/cpu/pred/bpred_unit.o
 [     CXX] src/cpu/o3/checker.cc -> build_Intel_8592/cpu/o3/checker.o
 [     CXX] src/cpu/o3/ftq.cc -> build_Intel_8592/cpu/o3/ftq.o
 [     CXX] src/cpu/minor/execute.cc -> build_Intel_8592/cpu/minor/execute.o
 [     CXX] build_Intel_8592/enums/TimingExprOp.cc -> .o
 [     CXX] build_Intel_8592/python/_m5/param_BloomFilterMultiBitSel.cc -> .o
 [     CXX] src/cpu/pred/tage_sc_l_8KB.cc -> build_Intel_8592/cpu/pred/tage_sc_l_8KB.o
 [     CXX] build_Intel_8592/python/_m5/param_TAGE_SC_L_8KB.cc -> .o
 [     CXX] build_Intel_8592/python/_m5/param_TAGE_SC_L_TAGE_8KB.cc -> .o
 [     CXX] build_Intel_8592/python/_m5/param_TAGE_SC_L_8KB_StatisticalCorrector.cc -> .o
 [     CXX] build_Intel_8592/python/_m5/param_BaseNonCachingSimpleCPU.cc -> .o
 [     CXX] src/cpu/o3/rob.cc -> build_Intel_8592/cpu/o3/rob.o
In file included from /usr/include/c++/15/memory:71,
                 from src/base/compiler.hh:44,
                 from src/mem/cache/compressors/base.hh:41,
                 from src/mem/cache/compressors/base.cc:33:
In function ‘std::__enable_if_t<((bool)std::__is_bitwise_relocatable<_Tp>::value), _Tp*> std::__relocate_a_1(_Tp*, _Tp*, _Tp*, allocator<_T2>&) [with _Tp = gem5::statistics::StatStor*; _Up = gem5::statistics::StatStor*]’,
    inlined from ‘_ForwardIterator std::__relocate_a(_InputIterator, _InputIterator, _ForwardIterator, _Allocator&) [with _InputIterator = gem5::statistics::StatStor**; _ForwardIterator = gem5::statistics::StatStor**; _Allocator = allocator<gem5::statistics::StatStor*>]’ at /usr/include/c++/15/bits/stl_uninitialized.h:1359:33,
    inlined from ‘static std::vector<_Tp, _Alloc>::pointer std::vector<_Tp, _Alloc>::_S_relocate(pointer, pointer, pointer, _Tp_alloc_type&) [with _Tp = gem5::statistics::StatStor*; _Alloc = std::allocator<gem5::statistics::StatStor*>]’ at /usr/include/c++/15/bits/stl_vector.h:539:26,
    inlined from ‘void std::vector<_Tp, _Alloc>::reserve(size_type) [with _Tp = gem5::statistics::StatStor*; _Alloc = std::allocator<gem5::statistics::StatStor*>]’ at /usr/include/c++/15/bits/vector.tcc:80:19,
    inlined from ‘void gem5::statistics::VectorBase<Derived, Stor>::doInit(gem5::statistics::size_type) [with Derived = gem5::statistics::Vector; Stor = gem5::statistics::StatStor]’ at src/base/statistics.hh:959:24,
    inlined from ‘Derived& gem5::statistics::VectorBase<Derived, Stor>::init(gem5::statistics::size_type) [with Derived = gem5::statistics::Vector; Stor = gem5::statistics::StatStor]’ at src/base/statistics.hh:1044:20,
    inlined from ‘virtual void gem5::compression::Base::BaseStats::regStats()’ at src/mem/cache/compressors/base.cc:258:25:
/usr/include/c++/15/bits/stl_uninitialized.h:1343:27: warning: ‘void* __builtin_memcpy(void*, const void*, long unsigned int)’ forming offset [34359738360, 34359738367] is out of the bounds [0, 34359738360] [-Warray-bounds=]
 1343 |           __builtin_memcpy(__result, __first, __count * sizeof(_Tp));
      |           ~~~~~~~~~~~~~~~~^~~~~~~~~~~~~~~~~~~~~~~~~~~~~~~~~~~~~~~~~~
 [     CXX] src/cpu/o3/bac.cc -> build_Intel_8592/cpu/o3/bac.o
 [     CXX] src/cpu/o3/inst_queue.cc -> build_Intel_8592/cpu/o3/inst_queue.o
 [     CXX] build_Intel_8592/python/_m5/param_BaseTimingSimpleCPU.cc -> .o
In file included from /usr/include/c++/15/vector:67,
                 from src/base/addr_range.hh:47,
                 from src/mem/cache/base.hh:53,
                 from src/mem/cache/base.cc:46:
In function ‘std::__enable_if_t<((bool)std::__is_bitwise_relocatable<_Tp>::value), _Tp*> std::__relocate_a_1(_Tp*, _Tp*, _Tp*, allocator<_T2>&) [with _Tp = gem5::statistics::StatStor*; _Up = gem5::statistics::StatStor*]’,
    inlined from ‘_ForwardIterator std::__relocate_a(_InputIterator, _InputIterator, _ForwardIterator, _Allocator&) [with _InputIterator = gem5::statistics::StatStor**; _ForwardIterator = gem5::statistics::StatStor**; _Allocator = allocator<gem5::statistics::StatStor*>]’ at /usr/include/c++/15/bits/stl_uninitialized.h:1359:33,
    inlined from ‘static std::vector<_Tp, _Alloc>::pointer std::vector<_Tp, _Alloc>::_S_relocate(pointer, pointer, pointer, _Tp_alloc_type&) [with _Tp = gem5::statistics::StatStor*; _Alloc = std::allocator<gem5::statistics::StatStor*>]’ at /usr/include/c++/15/bits/stl_vector.h:539:26,
    inlined from ‘void std::vector<_Tp, _Alloc>::reserve(size_type) [with _Tp = gem5::statistics::StatStor*; _Alloc = std::allocator<gem5::statistics::StatStor*>]’ at /usr/include/c++/15/bits/vector.tcc:80:19,
    inlined from ‘void gem5::statistics::VectorBase<Derived, Stor>::doInit(gem5::statistics::size_type) [with Derived = gem5::statistics::Vector; Stor = gem5::statistics::StatStor]’ at src/base/statistics.hh:959:24:
/usr/include/c++/15/bits/stl_uninitialized.h:1343:27: warning: ‘void* __builtin_memcpy(void*, const void*, long unsigned int)’ forming offset [34359738360, 34359738367] is out of the bounds [0, 34359738360] [-Warray-bounds=]
 1343 |           __builtin_memcpy(__result, __first, __count * sizeof(_Tp));
      |           ~~~~~~~~~~~~~~~~^~~~~~~~~~~~~~~~~~~~~~~~~~~~~~~~~~~~~~~~~~
 [     CXX] src/mem/cache/prefetch/fdp.cc -> build_Intel_8592/mem/cache/prefetch/fdp.o
 [     CXX] src/cpu/o3/thread_context.cc -> build_Intel_8592/cpu/o3/thread_context.o
 [     CXX] build_Intel_8592/python/_m5/param_BranchPredictor.cc -> .o
 [     CXX] src/cpu/o3/decode.cc -> build_Intel_8592/cpu/o3/decode.o
 [     CXX] src/cpu/o3/mem_dep_unit.cc -> build_Intel_8592/cpu/o3/mem_dep_unit.o
In function ‘std::__enable_if_t<((bool)std::__is_bitwise_relocatable<_Tp>::value), _Tp*> std::__relocate_a_1(_Tp*, _Tp*, _Tp*, allocator<_T2>&) [with _Tp = gem5::statistics::StatStor*; _Up = gem5::statistics::StatStor*]’,
    inlined from ‘_ForwardIterator std::__relocate_a(_InputIterator, _InputIterator, _ForwardIterator, _Allocator&) [with _InputIterator = gem5::statistics::StatStor**; _ForwardIterator = gem5::statistics::StatStor**; _Allocator = allocator<gem5::statistics::StatStor*>]’ at /usr/include/c++/15/bits/stl_uninitialized.h:1359:33,
    inlined from ‘static std::vector<_Tp, _Alloc>::pointer std::vector<_Tp, _Alloc>::_S_relocate(pointer, pointer, pointer, _Tp_alloc_type&) [with _Tp = gem5::statistics::StatStor*; _Alloc = std::allocator<gem5::statistics::StatStor*>]’ at /usr/include/c++/15/bits/stl_vector.h:539:26,
    inlined from ‘void std::vector<_Tp, _Alloc>::reserve(size_type) [with _Tp = gem5::statistics::StatStor*; _Alloc = std::allocator<gem5::statistics::StatStor*>]’ at /usr/include/c++/15/bits/vector.tcc:80:19,
    inlined from ‘void gem5::statistics::VectorBase<Derived, Stor>::doInit(gem5::statistics::size_type) [with Derived = gem5::statistics::Vector; Stor = gem5::statistics::StatStor]’ at src/base/statistics.hh:959:24:
/usr/include/c++/15/bits/stl_uninitialized.h:1343:27: warning: ‘void* __builtin_memcpy(void*, const void*, long unsigned int)’ forming offset [24, 34359738367] is out of the bounds [0, 24] [-Warray-bounds=]
 1343 |           __builtin_memcpy(__result, __first, __count * sizeof(_Tp));
      |           ~~~~~~~~~~~~~~~~^~~~~~~~~~~~~~~~~~~~~~~~~~~~~~~~~~~~~~~~~~
 [     CXX] src/cpu/minor/pipeline.cc -> build_Intel_8592/cpu/minor/pipeline.o
 [     CXX] build_Intel_8592/python/_m5/param_BaseO3Checker.cc -> .o
 [     CXX] build_Intel_8592/python/_m5/param_BaseO3CPU.cc -> .o
 [     CXX] src/cpu/o3/rename_map.cc -> build_Intel_8592/cpu/o3/rename_map.o
 [     CXX] build_Intel_8592/python/_m5/param_BaseSimpleCPU.cc -> .o
 [     CXX] src/cpu/simple/timing.cc -> build_Intel_8592/cpu/simple/timing.o
 [     CXX] src/cpu/o3/iew.cc -> build_Intel_8592/cpu/o3/iew.o
 [     CXX] src/cpu/minor/fetch2.cc -> build_Intel_8592/cpu/minor/fetch2.o
 [     CXX] build_Intel_8592/python/_m5/param_FetchDirectedPrefetcher.cc -> .o
 [     CXX] src/cpu/pred/gshare.cc -> build_Intel_8592/cpu/pred/gshare.o
In file included from /usr/include/c++/15/vector:67,
                 from src/mem/ruby/common/BoolVec.hh:42,
                 from build_Intel_8592/mem/ruby/protocol/CHI/MiscNode_Controller.cc:17:
In function ‘std::__enable_if_t<((bool)std::__is_bitwise_relocatable<_Tp>::value), _Tp*> std::__relocate_a_1(_Tp*, _Tp*, _Tp*, allocator<_T2>&) [with _Tp = gem5::statistics::StatStor*; _Up = gem5::statistics::StatStor*]’,
    inlined from ‘_ForwardIterator std::__relocate_a(_InputIterator, _InputIterator, _ForwardIterator, _Allocator&) [with _InputIterator = gem5::statistics::StatStor**; _ForwardIterator = gem5::statistics::StatStor**; _Allocator = allocator<gem5::statistics::StatStor*>]’ at /usr/include/c++/15/bits/stl_uninitialized.h:1359:33,
    inlined from ‘static std::vector<_Tp, _Alloc>::pointer std::vector<_Tp, _Alloc>::_S_relocate(pointer, pointer, pointer, _Tp_alloc_type&) [with _Tp = gem5::statistics::StatStor*; _Alloc = std::allocator<gem5::statistics::StatStor*>]’ at /usr/include/c++/15/bits/stl_vector.h:539:26,
    inlined from ‘void std::vector<_Tp, _Alloc>::reserve(size_type) [with _Tp = gem5::statistics::StatStor*; _Alloc = std::allocator<gem5::statistics::StatStor*>]’ at /usr/include/c++/15/bits/vector.tcc:80:19,
    inlined from ‘void gem5::statistics::VectorBase<Derived, Stor>::doInit(gem5::statistics::size_type) [with Derived = gem5::statistics::Vector; Stor = gem5::statistics::StatStor]’ at src/base/statistics.hh:959:24:
/usr/include/c++/15/bits/stl_uninitialized.h:1343:27: warning: ‘void* __builtin_memcpy(void*, const void*, long unsigned int)’ forming offset [34359738360, 34359738367] is out of the bounds [0, 34359738360] [-Warray-bounds=]
 1343 |           __builtin_memcpy(__result, __first, __count * sizeof(_Tp));
      |           ~~~~~~~~~~~~~~~~^~~~~~~~~~~~~~~~~~~~~~~~~~~~~~~~~~~~~~~~~~
 [     CXX] src/cpu/o3/cpu.cc -> build_Intel_8592/cpu/o3/cpu.o
 [     CXX] src/cpu/o3/probe/simple_trace.cc -> build_Intel_8592/cpu/o3/probe/simple_trace.o
 [     CXX] src/cpu/o3/lsq_unit.cc -> build_Intel_8592/cpu/o3/lsq_unit.o
 [     CXX] src/cpu/o3/fetch.cc -> build_Intel_8592/cpu/o3/fetch.o
 [     CXX] src/cpu/minor/decode.cc -> build_Intel_8592/cpu/minor/decode.o
 [     CXX] src/cpu/simple/atomic.cc -> build_Intel_8592/cpu/simple/atomic.o
 [     CXX] src/cpu/o3/rename.cc -> build_Intel_8592/cpu/o3/rename.o
 [     CXX] src/cpu/minor/fetch1.cc -> build_Intel_8592/cpu/minor/fetch1.o
 [     CXX] src/cpu/simple/noncaching.cc -> build_Intel_8592/cpu/simple/noncaching.o
 [     CXX] build_Intel_8592/python/_m5/param_BaseMinorCPU.cc -> .o
 [     CXX] src/cpu/o3/commit.cc -> build_Intel_8592/cpu/o3/commit.o
 [     CXX] src/cpu/o3/lsq.cc -> build_Intel_8592/cpu/o3/lsq.o
 [     CXX] src/cpu/minor/lsq.cc -> build_Intel_8592/cpu/minor/lsq.o
 [     CXX] src/cpu/o3/thread_state.cc -> build_Intel_8592/cpu/o3/thread_state.o
 [     CXX] build_Intel_8592/python/_m5/param_GshareBP.cc -> .o
 [     CXX] src/cpu/o3/dyn_inst.cc -> build_Intel_8592/cpu/o3/dyn_inst.o
In file included from /usr/include/c++/15/deque:67,
                 from /usr/include/c++/15/queue:68,
                 from src/cpu/o3/decode.hh:45,
                 from src/cpu/o3/decode.cc:42:
In function ‘std::__enable_if_t<((bool)std::__is_bitwise_relocatable<_Tp>::value), _Tp*> std::__relocate_a_1(_Tp*, _Tp*, _Tp*, allocator<_T2>&) [with _Tp = gem5::statistics::StatStor*; _Up = gem5::statistics::StatStor*]’,
    inlined from ‘_ForwardIterator std::__relocate_a(_InputIterator, _InputIterator, _ForwardIterator, _Allocator&) [with _InputIterator = gem5::statistics::StatStor**; _ForwardIterator = gem5::statistics::StatStor**; _Allocator = allocator<gem5::statistics::StatStor*>]’ at /usr/include/c++/15/bits/stl_uninitialized.h:1359:33,
    inlined from ‘static std::vector<_Tp, _Alloc>::pointer std::vector<_Tp, _Alloc>::_S_relocate(pointer, pointer, pointer, _Tp_alloc_type&) [with _Tp = gem5::statistics::StatStor*; _Alloc = std::allocator<gem5::statistics::StatStor*>]’ at /usr/include/c++/15/bits/stl_vector.h:539:26,
    inlined from ‘void std::vector<_Tp, _Alloc>::reserve(size_type) [with _Tp = gem5::statistics::StatStor*; _Alloc = std::allocator<gem5::statistics::StatStor*>]’ at /usr/include/c++/15/bits/vector.tcc:80:19,
    inlined from ‘void gem5::statistics::VectorBase<Derived, Stor>::doInit(gem5::statistics::size_type) [with Derived = gem5::statistics::Vector; Stor = gem5::statistics::StatStor]’ at src/base/statistics.hh:959:24,
    inlined from ‘Derived& gem5::statistics::VectorBase<Derived, Stor>::init(gem5::statistics::size_type) [with Derived = gem5::statistics::Vector; Stor = gem5::statistics::StatStor]’ at src/base/statistics.hh:1044:20,
    inlined from ‘gem5::o3::Decode::DecodeStats::DecodeStats(gem5::o3::CPU*)’ at src/cpu/o3/decode.cc:174:16:
/usr/include/c++/15/bits/stl_uninitialized.h:1343:27: warning: ‘void* __builtin_memcpy(void*, const void*, long unsigned int)’ forming offset [48, 34359738367] is out of the bounds [0, 48] [-Warray-bounds=]
 1343 |           __builtin_memcpy(__result, __first, __count * sizeof(_Tp));
      |           ~~~~~~~~~~~~~~~~^~~~~~~~~~~~~~~~~~~~~~~~~~~~~~~~~~~~~~~~~~
 [     CXX] src/cpu/minor/cpu.cc -> build_Intel_8592/cpu/minor/cpu.o
 [     CXX] build_Intel_8592/python/_m5/param_BaseAtomicSimpleCPU.cc -> .o
In file included from /usr/include/c++/15/vector:67,
                 from /usr/include/c++/15/functional:66,
                 from src/base/statistics.hh:68,
                 from src/cpu/o3/bac.hh:43,
                 from src/cpu/o3/bac.cc:38:
In function ‘std::__enable_if_t<((bool)std::__is_bitwise_relocatable<_Tp>::value), _Tp*> std::__relocate_a_1(_Tp*, _Tp*, _Tp*, allocator<_T2>&) [with _Tp = gem5::statistics::StatStor*; _Up = gem5::statistics::StatStor*]’,
    inlined from ‘_ForwardIterator std::__relocate_a(_InputIterator, _InputIterator, _ForwardIterator, _Allocator&) [with _InputIterator = gem5::statistics::StatStor**; _ForwardIterator = gem5::statistics::StatStor**; _Allocator = allocator<gem5::statistics::StatStor*>]’ at /usr/include/c++/15/bits/stl_uninitialized.h:1359:33,
    inlined from ‘static std::vector<_Tp, _Alloc>::pointer std::vector<_Tp, _Alloc>::_S_relocate(pointer, pointer, pointer, _Tp_alloc_type&) [with _Tp = gem5::statistics::StatStor*; _Alloc = std::allocator<gem5::statistics::StatStor*>]’ at /usr/include/c++/15/bits/stl_vector.h:539:26,
    inlined from ‘void std::vector<_Tp, _Alloc>::reserve(size_type) [with _Tp = gem5::statistics::StatStor*; _Alloc = std::allocator<gem5::statistics::StatStor*>]’ at /usr/include/c++/15/bits/vector.tcc:80:19,
    inlined from ‘void gem5::statistics::VectorBase<Derived, Stor>::doInit(gem5::statistics::size_type) [with Derived = gem5::statistics::Vector; Stor = gem5::statistics::StatStor]’ at src/base/statistics.hh:959:24:
/usr/include/c++/15/bits/stl_uninitialized.h:1343:27: warning: ‘void* __builtin_memcpy(void*, const void*, long unsigned int)’ forming offset [64, 34359738367] is out of the bounds [0, 64] [-Warray-bounds=]
 1343 |           __builtin_memcpy(__result, __first, __count * sizeof(_Tp));
      |           ~~~~~~~~~~~~~~~~^~~~~~~~~~~~~~~~~~~~~~~~~~~~~~~~~~~~~~~~~~
 [     CXX] src/cpu/minor/scoreboard.cc -> build_Intel_8592/cpu/minor/scoreboard.o
 [     CXX] src/cpu/simple/base.cc -> build_Intel_8592/cpu/simple/base.o
In function ‘std::__enable_if_t<((bool)std::__is_bitwise_relocatable<_Tp>::value), _Tp*> std::__relocate_a_1(_Tp*, _Tp*, _Tp*, allocator<_T2>&) [with _Tp = gem5::statistics::StatStor*; _Up = gem5::statistics::StatStor*]’,
    inlined from ‘_ForwardIterator std::__relocate_a(_InputIterator, _InputIterator, _ForwardIterator, _Allocator&) [with _InputIterator = gem5::statistics::StatStor**; _ForwardIterator = gem5::statistics::StatStor**; _Allocator = allocator<gem5::statistics::StatStor*>]’ at /usr/include/c++/15/bits/stl_uninitialized.h:1359:33,
    inlined from ‘static std::vector<_Tp, _Alloc>::pointer std::vector<_Tp, _Alloc>::_S_relocate(pointer, pointer, pointer, _Tp_alloc_type&) [with _Tp = gem5::statistics::StatStor*; _Alloc = std::allocator<gem5::statistics::StatStor*>]’ at /usr/include/c++/15/bits/stl_vector.h:539:26,
    inlined from ‘void std::vector<_Tp, _Alloc>::reserve(size_type) [with _Tp = gem5::statistics::StatStor*; _Alloc = std::allocator<gem5::statistics::StatStor*>]’ at /usr/include/c++/15/bits/vector.tcc:80:19,
    inlined from ‘void gem5::statistics::VectorBase<Derived, Stor>::doInit(gem5::statistics::size_type) [with Derived = gem5::statistics::Vector; Stor = gem5::statistics::StatStor]’ at src/base/statistics.hh:959:24,
    inlined from ‘Derived& gem5::statistics::VectorBase<Derived, Stor>::init(gem5::statistics::size_type) [with Derived = gem5::statistics::Vector; Stor = gem5::statistics::StatStor]’ at src/base/statistics.hh:1044:20,
    inlined from ‘gem5::o3::BAC::BACStats::BACStats(gem5::o3::CPU*, gem5::o3::BAC*)’ at src/cpu/o3/bac.cc:1008:16:
/usr/include/c++/15/bits/stl_uninitialized.h:1343:27: warning: ‘void* __builtin_memcpy(void*, const void*, long unsigned int)’ forming offset [48, 34359738367] is out of the bounds [0, 48] [-Warray-bounds=]
 1343 |           __builtin_memcpy(__result, __first, __count * sizeof(_Tp));
      |           ~~~~~~~~~~~~~~~~^~~~~~~~~~~~~~~~~~~~~~~~~~~~~~~~~~~~~~~~~~
 [     CXX] build_Intel_8592/python/_m5/param_MinorFUTiming.cc -> .o
 [     CXX] build_Intel_8592/python/_m5/param_MinorOpClassSet.cc -> .o
 [     CXX] src/cpu/minor/func_unit.cc -> build_Intel_8592/cpu/minor/func_unit.o
 [     CXX] build_Intel_8592/python/_m5/param_MinorOpClass.cc -> .o
 [     CXX] src/mem/cache/prefetch/irregular_stream_buffer.cc -> build_Intel_8592/mem/cache/prefetch/irregular_stream_buffer.o
 [SO Param] m5.objects.Tags, BaseTags -> build_Intel_8592/python/_m5/param_BaseTags.cc
 [SO Param] m5.objects.AddrMapper, AddrMapper -> build_Intel_8592/python/_m5/param_AddrMapper.cc
 [SO Param] m5.objects.ThreadBridge, ThreadBridge -> build_Intel_8592/params/ThreadBridge.hh
 [SO Param] m5.objects.SimPoint, SimPoint -> build_Intel_8592/params/SimPoint.hh
 [     CXX] build_Intel_8592/python/_m5/param_BaseTags.cc -> .o
 [SO Param] m5.objects.Root, Root -> build_Intel_8592/params/Root.hh
 [SO Param] m5.objects.GarnetSyntheticTraffic, GarnetSyntheticTraffic -> build_Intel_8592/params/GarnetSyntheticTraffic.hh
 [     CXX] build_Intel_8592/python/_m5/param_AddrMapper.cc -> .o
 [     CXX] src/mem/thread_bridge.cc -> build_Intel_8592/mem/thread_bridge.o
 [     CXX] build_Intel_8592/python/_m5/param_ThreadBridge.cc -> .o
 [     CXX] build_Intel_8592/python/_m5/param_SimPoint.cc -> .o
 [     CXX] src/cpu/simple/probes/simpoint.cc -> build_Intel_8592/cpu/simple/probes/simpoint.o
 [     CXX] build_Intel_8592/python/gem5/components/cachehierarchies/ruby/caches/viper/dma_controller.py.cc -> .o
 [     CXX] src/cpu/base.cc -> build_Intel_8592/cpu/base.o
 [     CXX] src/base/statistics.cc -> build_Intel_8592/base/statistics.o
 [     CXX] build_Intel_8592/python/_m5/param_GarnetSyntheticTraffic.cc -> .o
 [     CXX] src/cpu/testers/garnet_synthetic_traffic/GarnetSyntheticTraffic.cc -> build_Intel_8592/cpu/testers/garnet_synthetic_traffic/GarnetSyntheticTraffic.o
 [     CXX] build_Intel_8592/python/gem5/components/cachehierarchies/ruby/caches/viper/tcp.py.cc -> .o
 [     CXX] build_Intel_8592/python/gem5/components/cachehierarchies/ruby/caches/viper/sqc.py.cc -> .o
 [     CXX] build_Intel_8592/python/gem5/components/cachehierarchies/ruby/caches/viper/tcc.py.cc -> .o
 [     CXX] build_Intel_8592/python/gem5/components/cachehierarchies/ruby/topologies/__init__.py.cc -> .o
 [     CXX] build_Intel_8592/python/gem5/components/cachehierarchies/ruby/topologies/simple_pt2pt.py.cc -> .o
 [     CXX] build_Intel_8592/python/gem5/components/devices/__init__.py.cc -> .o
 [     CXX] build_Intel_8592/python/gem5/components/devices/gpus/__init__.py.cc -> .o
 [     CXX] build_Intel_8592/python/gem5/components/devices/gpus/amdgpu.py.cc -> .o
 [     CXX] build_Intel_8592/python/gem5/components/devices/gpus/viper_shader.py.cc -> .o
 [     CXX] build_Intel_8592/python/gem5/components/memory/__init__.py.cc -> .o
In file included from /usr/include/c++/15/deque:67,
                 from /usr/include/c++/15/queue:68,
                 from src/cpu/o3/iew.hh:44,
                 from src/cpu/o3/iew.cc:46:
In function ‘std::__enable_if_t<((bool)std::__is_bitwise_relocatable<_Tp>::value), _Tp*> std::__relocate_a_1(_Tp*, _Tp*, _Tp*, allocator<_T2>&) [with _Tp = gem5::statistics::StatStor*; _Up = gem5::statistics::StatStor*]’,
    inlined from ‘_ForwardIterator std::__relocate_a(_InputIterator, _InputIterator, _ForwardIterator, _Allocator&) [with _InputIterator = gem5::statistics::StatStor**; _ForwardIterator = gem5::statistics::StatStor**; _Allocator = allocator<gem5::statistics::StatStor*>]’ at /usr/include/c++/15/bits/stl_uninitialized.h:1359:33,
    inlined from ‘static std::vector<_Tp, _Alloc>::pointer std::vector<_Tp, _Alloc>::_S_relocate(pointer, pointer, pointer, _Tp_alloc_type&) [with _Tp = gem5::statistics::StatStor*; _Alloc = std::allocator<gem5::statistics::StatStor*>]’ at /usr/include/c++/15/bits/stl_vector.h:539:26,
    inlined from ‘void std::vector<_Tp, _Alloc>::reserve(size_type) [with _Tp = gem5::statistics::StatStor*; _Alloc = std::allocator<gem5::statistics::StatStor*>]’ at /usr/include/c++/15/bits/vector.tcc:80:19,
    inlined from ‘void gem5::statistics::VectorBase<Derived, Stor>::doInit(gem5::statistics::size_type) [with Derived = gem5::statistics::Vector; Stor = gem5::statistics::StatStor]’ at src/base/statistics.hh:959:24:
/usr/include/c++/15/bits/stl_uninitialized.h:1343:27: warning: ‘void* __builtin_memcpy(void*, const void*, long unsigned int)’ forming offset [34359738360, 34359738367] is out of the bounds [0, 34359738360] [-Warray-bounds=]
 1343 |           __builtin_memcpy(__result, __first, __count * sizeof(_Tp));
      |           ~~~~~~~~~~~~~~~~^~~~~~~~~~~~~~~~~~~~~~~~~~~~~~~~~~~~~~~~~~
In function ‘std::__enable_if_t<((bool)std::__is_bitwise_relocatable<_Tp>::value), _Tp*> std::__relocate_a_1(_Tp*, _Tp*, _Tp*, allocator<_T2>&) [with _Tp = gem5::statistics::StatStor*; _Up = gem5::statistics::StatStor*]’,
    inlined from ‘_ForwardIterator std::__relocate_a(_InputIterator, _InputIterator, _ForwardIterator, _Allocator&) [with _InputIterator = gem5::statistics::StatStor**; _ForwardIterator = gem5::statistics::StatStor**; _Allocator = allocator<gem5::statistics::StatStor*>]’ at /usr/include/c++/15/bits/stl_uninitialized.h:1359:33,
    inlined from ‘static std::vector<_Tp, _Alloc>::pointer std::vector<_Tp, _Alloc>::_S_relocate(pointer, pointer, pointer, _Tp_alloc_type&) [with _Tp = gem5::statistics::StatStor*; _Alloc = std::allocator<gem5::statistics::StatStor*>]’ at /usr/include/c++/15/bits/stl_vector.h:539:26,
    inlined from ‘void std::vector<_Tp, _Alloc>::reserve(size_type) [with _Tp = gem5::statistics::StatStor*; _Alloc = std::allocator<gem5::statistics::StatStor*>]’ at /usr/include/c++/15/bits/vector.tcc:80:19,
    inlined from ‘void gem5::statistics::VectorBase<Derived, Stor>::doInit(gem5::statistics::size_type) [with Derived = gem5::statistics::Vector; Stor = gem5::statistics::StatStor]’ at src/base/statistics.hh:959:24:
/usr/include/c++/15/bits/stl_uninitialized.h:1343:27: warning: ‘void* __builtin_memcpy(void*, const void*, long unsigned int)’ forming offset [48, 34359738367] is out of the bounds [0, 48] [-Warray-bounds=]
 1343 |           __builtin_memcpy(__result, __first, __count * sizeof(_Tp));
      |           ~~~~~~~~~~~~~~~~^~~~~~~~~~~~~~~~~~~~~~~~~~~~~~~~~~~~~~~~~~
 [     CXX] build_Intel_8592/python/gem5/components/memory/abstract_memory_system.py.cc -> .o
 [     CXX] build_Intel_8592/python/gem5/components/memory/dramsim_3.py.cc -> .o
In file included from /usr/include/c++/15/vector:67,
                 from /usr/include/c++/15/functional:66,
                 from src/base/statistics.hh:68,
                 from src/cpu/o3/rename.hh:48,
                 from src/cpu/o3/rename.cc:42:
In function ‘std::__enable_if_t<((bool)std::__is_bitwise_relocatable<_Tp>::value), _Tp*> std::__relocate_a_1(_Tp*, _Tp*, _Tp*, allocator<_T2>&) [with _Tp = gem5::statistics::StatStor*; _Up = gem5::statistics::StatStor*]’,
    inlined from ‘_ForwardIterator std::__relocate_a(_InputIterator, _InputIterator, _ForwardIterator, _Allocator&) [with _InputIterator = gem5::statistics::StatStor**; _ForwardIterator = gem5::statistics::StatStor**; _Allocator = allocator<gem5::statistics::StatStor*>]’ at /usr/include/c++/15/bits/stl_uninitialized.h:1359:33,
    inlined from ‘static std::vector<_Tp, _Alloc>::pointer std::vector<_Tp, _Alloc>::_S_relocate(pointer, pointer, pointer, _Tp_alloc_type&) [with _Tp = gem5::statistics::StatStor*; _Alloc = std::allocator<gem5::statistics::StatStor*>]’ at /usr/include/c++/15/bits/stl_vector.h:539:26,
    inlined from ‘void std::vector<_Tp, _Alloc>::reserve(size_type) [with _Tp = gem5::statistics::StatStor*; _Alloc = std::allocator<gem5::statistics::StatStor*>]’ at /usr/include/c++/15/bits/vector.tcc:80:19,
    inlined from ‘void gem5::statistics::VectorBase<Derived, Stor>::doInit(gem5::statistics::size_type) [with Derived = gem5::statistics::Vector; Stor = gem5::statistics::StatStor]’ at src/base/statistics.hh:959:24,
    inlined from ‘Derived& gem5::statistics::VectorBase<Derived, Stor>::init(gem5::statistics::size_type) [with Derived = gem5::statistics::Vector; Stor = gem5::statistics::StatStor]’ at src/base/statistics.hh:1044:20,
    inlined from ‘gem5::o3::Rename::RenameStats::RenameStats(gem5::statistics::Group*)’ at src/cpu/o3/rename.cc:166:16:
/usr/include/c++/15/bits/stl_uninitialized.h:1343:27: warning: ‘void* __builtin_memcpy(void*, const void*, long unsigned int)’ forming offset [56, 34359738367] is out of the bounds [0, 56] [-Warray-bounds=]
 1343 |           __builtin_memcpy(__result, __first, __count * sizeof(_Tp));
      |           ~~~~~~~~~~~~~~~~^~~~~~~~~~~~~~~~~~~~~~~~~~~~~~~~~~~~~~~~~~
 [     CXX] build_Intel_8592/python/gem5/components/memory/simple.py.cc -> .o
 [     CXX] build_Intel_8592/python/gem5/components/memory/memory.py.cc -> .o
 [     CXX] build_Intel_8592/python/gem5/components/memory/single_channel.py.cc -> .o
 [     CXX] build_Intel_8592/python/gem5/components/memory/multi_channel.py.cc -> .o
 [     CXX] build_Intel_8592/python/gem5/components/memory/hbm.py.cc -> .o
 [     CXX] build_Intel_8592/python/gem5/components/memory/dram_interfaces/__init__.py.cc -> .o
 [     CXX] build_Intel_8592/python/gem5/components/memory/dram_interfaces/ddr3.py.cc -> .o
In file included from /usr/include/c++/15/vector:67,
                 from src/mem/ruby/common/BoolVec.hh:42,
                 from build_Intel_8592/mem/ruby/protocol/CHI/Cache_Controller.cc:17:
In function ‘std::__enable_if_t<((bool)std::__is_bitwise_relocatable<_Tp>::value), _Tp*> std::__relocate_a_1(_Tp*, _Tp*, _Tp*, allocator<_T2>&) [with _Tp = gem5::statistics::StatStor*; _Up = gem5::statistics::StatStor*]’,
    inlined from ‘_ForwardIterator std::__relocate_a(_InputIterator, _InputIterator, _ForwardIterator, _Allocator&) [with _InputIterator = gem5::statistics::StatStor**; _ForwardIterator = gem5::statistics::StatStor**; _Allocator = allocator<gem5::statistics::StatStor*>]’ at /usr/include/c++/15/bits/stl_uninitialized.h:1359:33,
    inlined from ‘static std::vector<_Tp, _Alloc>::pointer std::vector<_Tp, _Alloc>::_S_relocate(pointer, pointer, pointer, _Tp_alloc_type&) [with _Tp = gem5::statistics::StatStor*; _Alloc = std::allocator<gem5::statistics::StatStor*>]’ at /usr/include/c++/15/bits/stl_vector.h:539:26,
    inlined from ‘void std::vector<_Tp, _Alloc>::reserve(size_type) [with _Tp = gem5::statistics::StatStor*; _Alloc = std::allocator<gem5::statistics::StatStor*>]’ at /usr/include/c++/15/bits/vector.tcc:80:19,
    inlined from ‘void gem5::statistics::VectorBase<Derived, Stor>::doInit(gem5::statistics::size_type) [with Derived = gem5::statistics::Vector; Stor = gem5::statistics::StatStor]’ at src/base/statistics.hh:959:24:
/usr/include/c++/15/bits/stl_uninitialized.h:1343:27: warning: ‘void* __builtin_memcpy(void*, const void*, long unsigned int)’ forming offset [34359738360, 34359738367] is out of the bounds [0, 34359738360] [-Warray-bounds=]
 1343 |           __builtin_memcpy(__result, __first, __count * sizeof(_Tp));
      |           ~~~~~~~~~~~~~~~~^~~~~~~~~~~~~~~~~~~~~~~~~~~~~~~~~~~~~~~~~~
 [     CXX] build_Intel_8592/python/gem5/components/memory/dram_interfaces/ddr4.py.cc -> .o
 [     CXX] build_Intel_8592/python/gem5/components/memory/dram_interfaces/ddr5.py.cc -> .o
 [     CXX] build_Intel_8592/python/gem5/components/memory/dram_interfaces/gddr.py.cc -> .o
 [     CXX] build_Intel_8592/python/gem5/components/memory/dram_interfaces/hbm.py.cc -> .o
In file included from /usr/include/c++/15/memory:71,
                 from src/arch/generic/pcstate.hh:46,
                 from src/arch/generic/decoder.hh:31,
                 from src/cpu/o3/fetch.hh:45,
                 from src/cpu/o3/fetch.cc:43:
In function ‘std::__enable_if_t<((bool)std::__is_bitwise_relocatable<_Tp>::value), _Tp*> std::__relocate_a_1(_Tp*, _Tp*, _Tp*, allocator<_T2>&) [with _Tp = gem5::statistics::StatStor*; _Up = gem5::statistics::StatStor*]’,
    inlined from ‘_ForwardIterator std::__relocate_a(_InputIterator, _InputIterator, _ForwardIterator, _Allocator&) [with _InputIterator = gem5::statistics::StatStor**; _ForwardIterator = gem5::statistics::StatStor**; _Allocator = allocator<gem5::statistics::StatStor*>]’ at /usr/include/c++/15/bits/stl_uninitialized.h:1359:33,
    inlined from ‘static std::vector<_Tp, _Alloc>::pointer std::vector<_Tp, _Alloc>::_S_relocate(pointer, pointer, pointer, _Tp_alloc_type&) [with _Tp = gem5::statistics::StatStor*; _Alloc = std::allocator<gem5::statistics::StatStor*>]’ at /usr/include/c++/15/bits/stl_vector.h:539:26,
    inlined from ‘void std::vector<_Tp, _Alloc>::reserve(size_type) [with _Tp = gem5::statistics::StatStor*; _Alloc = std::allocator<gem5::statistics::StatStor*>]’ at /usr/include/c++/15/bits/vector.tcc:80:19,
    inlined from ‘void gem5::statistics::VectorBase<Derived, Stor>::doInit(gem5::statistics::size_type) [with Derived = gem5::statistics::Vector; Stor = gem5::statistics::StatStor]’ at src/base/statistics.hh:959:24,
    inlined from ‘Derived& gem5::statistics::VectorBase<Derived, Stor>::init(gem5::statistics::size_type) [with Derived = gem5::statistics::Vector; Stor = gem5::statistics::StatStor]’ at src/base/statistics.hh:1044:20,
    inlined from ‘gem5::o3::Fetch::FetchStatGroup::FetchStatGroup(gem5::o3::CPU*, gem5::o3::Fetch*)’ at src/cpu/o3/fetch.cc:223:16:
/usr/include/c++/15/bits/stl_uninitialized.h:1343:27: warning: ‘void* __builtin_memcpy(void*, const void*, long unsigned int)’ forming offset [104, 34359738367] is out of the bounds [0, 104] [-Warray-bounds=]
 1343 |           __builtin_memcpy(__result, __first, __count * sizeof(_Tp));
      |           ~~~~~~~~~~~~~~~~^~~~~~~~~~~~~~~~~~~~~~~~~~~~~~~~~~~~~~~~~~
 [     CXX] build_Intel_8592/python/gem5/components/memory/dram_interfaces/hmc.py.cc -> .o
 [     CXX] build_Intel_8592/python/gem5/components/memory/dram_interfaces/lpddr2.py.cc -> .o
 [     CXX] build_Intel_8592/python/gem5/components/memory/dram_interfaces/lpddr3.py.cc -> .o
 [     CXX] build_Intel_8592/python/gem5/components/memory/dram_interfaces/lpddr5.py.cc -> .o
 [     CXX] build_Intel_8592/python/gem5/components/memory/dram_interfaces/wideio.py.cc -> .o
 [     CXX] build_Intel_8592/python/gem5/components/processors/__init__.py.cc -> .o
 [     CXX] build_Intel_8592/python/gem5/components/processors/abstract_core.py.cc -> .o
 [     CXX] build_Intel_8592/python/gem5/components/processors/abstract_generator_core.py.cc -> .o
 [     CXX] build_Intel_8592/python/gem5/components/processors/abstract_generator.py.cc -> .o
 [     CXX] build_Intel_8592/python/gem5/components/processors/abstract_processor.py.cc -> .o
 [     CXX] build_Intel_8592/python/gem5/components/processors/complex_generator_core.py.cc -> .o
 [     CXX] build_Intel_8592/python/gem5/components/processors/complex_generator.py.cc -> .o
 [     CXX] build_Intel_8592/python/gem5/components/processors/cpu_types.py.cc -> .o
 [     CXX] build_Intel_8592/python/gem5/components/processors/gups_generator_core.py.cc -> .o
 [     CXX] build_Intel_8592/python/gem5/components/processors/gups_generator.py.cc -> .o
 [     CXX] build_Intel_8592/python/gem5/components/processors/gups_generator_ep.py.cc -> .o
 [     CXX] build_Intel_8592/python/gem5/components/processors/gups_generator_par.py.cc -> .o
 [     CXX] build_Intel_8592/python/gem5/components/processors/linear_generator_core.py.cc -> .o
 [     CXX] build_Intel_8592/python/gem5/components/processors/linear_generator.py.cc -> .o
 [     CXX] build_Intel_8592/python/gem5/components/processors/strided_generator_core.py.cc -> .o
 [     CXX] build_Intel_8592/python/gem5/components/processors/strided_generator.py.cc -> .o
In function ‘std::__enable_if_t<((bool)std::__is_bitwise_relocatable<_Tp>::value), _Tp*> std::__relocate_a_1(_Tp*, _Tp*, _Tp*, allocator<_T2>&) [with _Tp = gem5::statistics::StatStor*; _Up = gem5::statistics::StatStor*]’,
    inlined from ‘_ForwardIterator std::__relocate_a(_InputIterator, _InputIterator, _ForwardIterator, _Allocator&) [with _InputIterator = gem5::statistics::StatStor**; _ForwardIterator = gem5::statistics::StatStor**; _Allocator = allocator<gem5::statistics::StatStor*>]’ at /usr/include/c++/15/bits/stl_uninitialized.h:1359:33,
    inlined from ‘static std::vector<_Tp, _Alloc>::pointer std::vector<_Tp, _Alloc>::_S_relocate(pointer, pointer, pointer, _Tp_alloc_type&) [with _Tp = gem5::statistics::StatStor*; _Alloc = std::allocator<gem5::statistics::StatStor*>]’ at /usr/include/c++/15/bits/stl_vector.h:539:26,
    inlined from ‘void std::vector<_Tp, _Alloc>::reserve(size_type) [with _Tp = gem5::statistics::StatStor*; _Alloc = std::allocator<gem5::statistics::StatStor*>]’ at /usr/include/c++/15/bits/vector.tcc:80:19,
    inlined from ‘void gem5::statistics::VectorBase<Derived, Stor>::doInit(gem5::statistics::size_type) [with Derived = gem5::statistics::Vector; Stor = gem5::statistics::StatStor]’ at src/base/statistics.hh:959:24,
    inlined from ‘Derived& gem5::statistics::VectorBase<Derived, Stor>::init(gem5::statistics::size_type) [with Derived = gem5::statistics::Vector; Stor = gem5::statistics::StatStor]’ at src/base/statistics.hh:1044:20,
    inlined from ‘virtual void gem5::ruby::CHI::Cache_Controller::regStats()’ at build_Intel_8592/mem/ruby/protocol/CHI/Cache_Controller.cc:1488:24:
/usr/include/c++/15/bits/stl_uninitialized.h:1343:27: warning: ‘void* __builtin_memcpy(void*, const void*, long unsigned int)’ forming offset [34359738360, 34359738367] is out of the bounds [0, 34359738360] [-Warray-bounds=]
 1343 |           __builtin_memcpy(__result, __first, __count * sizeof(_Tp));
      |           ~~~~~~~~~~~~~~~~^~~~~~~~~~~~~~~~~~~~~~~~~~~~~~~~~~~~~~~~~~
 [     CXX] build_Intel_8592/python/gem5/components/processors/random_generator_core.py.cc -> .o
 [     CXX] build_Intel_8592/python/gem5/components/processors/random_generator.py.cc -> .o
 [     CXX] build_Intel_8592/python/gem5/components/processors/spatter_gen/__init__.py.cc -> .o
 [     CXX] build_Intel_8592/python/gem5/components/processors/spatter_gen/spatter_generator_core.py.cc -> .o
 [     CXX] build_Intel_8592/python/gem5/components/processors/spatter_gen/spatter_generator.py.cc -> .o
 [     CXX] build_Intel_8592/python/gem5/components/processors/spatter_gen/spatter_kernel.py.cc -> .o
 [     CXX] build_Intel_8592/python/gem5/components/processors/simple_core.py.cc -> .o
 [     CXX] build_Intel_8592/python/gem5/components/processors/base_cpu_core.py.cc -> .o
 [     CXX] build_Intel_8592/python/gem5/components/processors/simple_processor.py.cc -> .o
 [     CXX] build_Intel_8592/python/gem5/components/processors/decoupled_processor.py.cc -> .o
 [     CXX] build_Intel_8592/python/gem5/components/processors/base_cpu_processor.py.cc -> .o
 [     CXX] build_Intel_8592/python/gem5/components/processors/simple_switchable_processor.py.cc -> .o
 [     CXX] build_Intel_8592/python/gem5/components/processors/switchable_processor.py.cc -> .o
 [     CXX] build_Intel_8592/python/gem5/utils/simpoint.py.cc -> .o
 [     CXX] build_Intel_8592/python/gem5/components/processors/traffic_generator_core.py.cc -> .o
 [     CXX] build_Intel_8592/python/gem5/components/processors/traffic_generator.py.cc -> .o
 [     CXX] build_Intel_8592/python/gem5/prebuilt/__init__.py.cc -> .o
 [     CXX] build_Intel_8592/python/gem5/prebuilt/demo/__init__.py.cc -> .o
 [     CXX] build_Intel_8592/python/gem5/prebuilt/demo/x86_demo_board.py.cc -> .o
 [     CXX] build_Intel_8592/python/gem5/prebuilt/demo/riscv_demo_board.py.cc -> .o
 [     CXX] build_Intel_8592/python/gem5/prebuilt/demo/arm_demo_board.py.cc -> .o
 [     CXX] build_Intel_8592/python/gem5/prebuilt/riscvmatched/__init__.py.cc -> .o
 [     CXX] build_Intel_8592/python/gem5/prebuilt/riscvmatched/riscvmatched_board.py.cc -> .o
 [     CXX] build_Intel_8592/python/gem5/prebuilt/riscvmatched/riscvmatched_cache.py.cc -> .o
 [     CXX] build_Intel_8592/python/gem5/prebuilt/riscvmatched/riscvmatched_processor.py.cc -> .o
 [     CXX] build_Intel_8592/python/gem5/prebuilt/riscvmatched/riscvmatched_core.py.cc -> .o
 [     CXX] build_Intel_8592/python/gem5/prebuilt/viper/__init__.py.cc -> .o
 [     CXX] build_Intel_8592/python/gem5/prebuilt/viper/board.py.cc -> .o
 [     CXX] build_Intel_8592/python/gem5/prebuilt/viper/cpu_cache_hierarchy.py.cc -> .o
 [     CXX] build_Intel_8592/python/gem5/prebuilt/viper/gpu_cache_hierarchy.py.cc -> .o
 [     CXX] build_Intel_8592/python/gem5/prebuilt/viper/viper_network.py.cc -> .o
 [     CXX] build_Intel_8592/python/gem5/resources/__init__.py.cc -> .o
 [     CXX] build_Intel_8592/python/gem5/resources/client.py.cc -> .o
 [     CXX] build_Intel_8592/python/gem5/resources/downloader.py.cc -> .o
 [     CXX] build_Intel_8592/python/gem5/resources/md5_utils.py.cc -> .o
 [     CXX] build_Intel_8592/python/gem5/resources/resource.py.cc -> .o
 [     CXX] build_Intel_8592/python/gem5/resources/workload.py.cc -> .o
 [     CXX] build_Intel_8592/python/gem5/resources/looppoint.py.cc -> .o
 [     CXX] build_Intel_8592/python/gem5/resources/elfie.py.cc -> .o
 [     CXX] build_Intel_8592/python/gem5/resources/client_api/__init__.py.cc -> .o
 [     CXX] build_Intel_8592/python/gem5/resources/client_api/jsonclient.py.cc -> .o
 [     CXX] build_Intel_8592/python/gem5/resources/client_api/azure_functions_client.py.cc -> .o
 [     CXX] build_Intel_8592/python/gem5/resources/client_api/abstract_client.py.cc -> .o
 [     CXX] build_Intel_8592/python/gem5/resources/client_api/client_query.py.cc -> .o
 [     CXX] build_Intel_8592/python/gem5/gem5_default_config.py.cc -> .o
 [     CXX] build_Intel_8592/python/gem5/utils/__init__.py.cc -> .o
 [     CXX] build_Intel_8592/python/gem5/utils/filelock.py.cc -> .o
 [     CXX] build_Intel_8592/python/gem5/utils/override.py.cc -> .o
 [     CXX] build_Intel_8592/python/gem5/utils/progress_bar.py.cc -> .o
 [     CXX] build_Intel_8592/python/gem5/utils/requires.py.cc -> .o
 [     CXX] build_Intel_8592/python/gem5/utils/socks_ssl_context.py.cc -> .o
 [     CXX] build_Intel_8592/python/gem5/utils/multisim/__init__.py.cc -> .o
 [     CXX] build_Intel_8592/python/gem5/utils/multisim/multisim.py.cc -> .o
 [     CXX] build_Intel_8592/python/gem5/utils/multisim/__main__.py.cc -> .o
 [     CXX] build_Intel_8592/python/gem5/utils/multiprocessing/__init__.py.cc -> .o
 [     CXX] build_Intel_8592/python/gem5/utils/multiprocessing/_command_line.py.cc -> .o
 [     CXX] build_Intel_8592/python/gem5/utils/multiprocessing/context.py.cc -> .o
 [     CXX] build_Intel_8592/python/gem5/utils/multiprocessing/popen_spawn_gem5.py.cc -> .o
 [     CXX] build_Intel_8592/python/importer.py.cc -> .o
 [     CXX] build_Intel_8592/python/m5/__init__.py.cc -> .o
 [     CXX] build_Intel_8592/python/m5/SimObject.py.cc -> .o
 [     CXX] build_Intel_8592/python/m5/citations.py.cc -> .o
 [     CXX] build_Intel_8592/python/m5/core.py.cc -> .o
 [     CXX] build_Intel_8592/python/m5/debug.py.cc -> .o
 [     CXX] build_Intel_8592/python/m5/event.py.cc -> .o
 [     CXX] build_Intel_8592/python/m5/main.py.cc -> .o
 [     CXX] build_Intel_8592/python/m5/options.py.cc -> .o
 [     CXX] build_Intel_8592/python/m5/proxy.py.cc -> .o
 [     CXX] build_Intel_8592/python/m5/simulate.py.cc -> .o
 [     CXX] build_Intel_8592/python/m5/ticks.py.cc -> .o
 [     CXX] build_Intel_8592/python/m5/trace.py.cc -> .o
 [     CXX] build_Intel_8592/python/m5/objects/__init__.py.cc -> .o
 [     CXX] build_Intel_8592/python/m5/params/__init__.py.cc -> .o
 [     CXX] build_Intel_8592/python/m5/params/base_params.py.cc -> .o
 [     CXX] build_Intel_8592/python/m5/params/deprecated_params.py.cc -> .o
 [     CXX] build_Intel_8592/python/m5/params/enum_params.py.cc -> .o
 [     CXX] build_Intel_8592/python/m5/params/network_params.py.cc -> .o
 [     CXX] build_Intel_8592/python/m5/params/null_params.py.cc -> .o
 [     CXX] build_Intel_8592/python/m5/params/pin_params.py.cc -> .o
 [     CXX] build_Intel_8592/python/m5/params/param_types.py.cc -> .o
 [     CXX] build_Intel_8592/python/m5/params/port_params.py.cc -> .o
 [     CXX] build_Intel_8592/python/m5/params/power_params.py.cc -> .o
 [     CXX] build_Intel_8592/python/m5/params/time_params.py.cc -> .o
 [     CXX] build_Intel_8592/python/m5/stats/__init__.py.cc -> .o
 [     CXX] build_Intel_8592/python/m5/util/__init__.py.cc -> .o
 [     CXX] build_Intel_8592/python/m5/util/attrdict.py.cc -> .o
 [     CXX] build_Intel_8592/python/m5/util/convert.py.cc -> .o
 [     CXX] build_Intel_8592/python/m5/util/dot_writer.py.cc -> .o
 [     CXX] build_Intel_8592/python/m5/util/dot_writer_ruby.py.cc -> .o
 [     CXX] build_Intel_8592/python/m5/util/fdthelper.py.cc -> .o
 [     CXX] build_Intel_8592/python/m5/util/multidict.py.cc -> .o
 [     CXX] build_Intel_8592/python/m5/util/pybind.py.cc -> .o
 [     CXX] build_Intel_8592/python/m5/util/terminal.py.cc -> .o
 [     CXX] build_Intel_8592/python/m5/util/terminal_formatter.py.cc -> .o
 [     CXX] build_Intel_8592/python/m5/ext/__init__.py.cc -> .o
 [     CXX] build_Intel_8592/python/m5/ext/pyfdt/pyfdt.py.cc -> .o
 [     CXX] build_Intel_8592/python/m5/ext/pyfdt/__init__.py.cc -> .o
 [     CXX] build_Intel_8592/python/m5/ext/pystats/__init__.py.cc -> .o
 [     CXX] build_Intel_8592/python/m5/ext/pystats/serializable_stat.py.cc -> .o
 [     CXX] build_Intel_8592/python/m5/ext/pystats/abstract_stat.py.cc -> .o
 [     CXX] build_Intel_8592/python/m5/ext/pystats/group.py.cc -> .o
 [     CXX] build_Intel_8592/python/m5/ext/pystats/simstat.py.cc -> .o
 [     CXX] build_Intel_8592/python/m5/ext/pystats/statistic.py.cc -> .o
 [     CXX] build_Intel_8592/python/m5/ext/pystats/storagetype.py.cc -> .o
 [     CXX] build_Intel_8592/python/m5/ext/pystats/timeconversion.py.cc -> .o
 [     CXX] build_Intel_8592/python/m5/ext/pystats/jsonloader.py.cc -> .o
 [     CXX] build_Intel_8592/python/m5/stats/gem5stats.py.cc -> .o
 [     CXX] src/python/embedded.cc -> build_Intel_8592/python/embedded.o
 [     CXX] src/python/importer.cc -> build_Intel_8592/python/importer.o
 [     CXX] build_Intel_8592/python/m5ImporterCode.cc -> .o
 [     CXX] src/python/pybind11/core.cc -> build_Intel_8592/python/pybind11/core.o
 [     CXX] src/python/pybind11/debug.cc -> build_Intel_8592/python/pybind11/debug.o
 [     CXX] src/python/pybind11/event.cc -> build_Intel_8592/python/pybind11/event.o
 [     CXX] src/python/pybind11/object_file.cc -> build_Intel_8592/python/pybind11/object_file.o
 [     CXX] src/python/pybind11/port.cc -> build_Intel_8592/python/pybind11/port.o
 [CONFIG H] HAVE_HDF5, 0 -> build_Intel_8592/config/have_hdf5.hh
 [     CXX] src/python/pybind11/stats.cc -> build_Intel_8592/python/pybind11/stats.o
 [     CXX] build_Intel_8592/python/m5/objects/SimObject.py.cc -> .o
 [SO Param] m5.objects.SimObject, SimObject -> build_Intel_8592/python/_m5/param_SimObject.cc
 [ENUM STR] m5.objects.SimObject, ByteOrder -> build_Intel_8592/enums/ByteOrder.cc
 [     CXX] build_Intel_8592/dev/Device.py.cc -> .o
 [     CXX] build_Intel_8592/python/_m5/param_SimObject.cc -> .o
 [SO Param] m5.objects.Device, PioDevice -> build_Intel_8592/python/_m5/param_PioDevice.cc
 [SO Param] m5.objects.Device, BasicPioDevice -> build_Intel_8592/python/_m5/param_BasicPioDevice.cc
 [     CXX] build_Intel_8592/enums/ByteOrder.cc -> .o
 [SO Param] m5.objects.Device, DmaDevice -> build_Intel_8592/python/_m5/param_DmaDevice.cc
 [SO Param] m5.objects.Device, PioDevice -> build_Intel_8592/params/PioDevice.hh
 [SO Param] m5.objects.Device, BasicPioDevice -> build_Intel_8592/params/BasicPioDevice.hh
 [SO Param] m5.objects.Device, DmaVirtDevice -> build_Intel_8592/python/_m5/param_DmaVirtDevice.cc
 [SO Param] m5.objects.Device, DmaDevice -> build_Intel_8592/params/DmaDevice.hh
 [SO Param] m5.objects.Device, IsaFake -> build_Intel_8592/python/_m5/param_IsaFake.cc
 [ TRACING]  -> build_Intel_8592/debug/IsaFake.hh
 [     CXX] build_Intel_8592/python/_m5/param_BasicPioDevice.cc -> .o
 [     CXX] build_Intel_8592/python/_m5/param_PioDevice.cc -> .o
 [     CXX] src/dev/io_device.cc -> build_Intel_8592/dev/io_device.o
 [SO Param] m5.objects.Device, IsaFake -> build_Intel_8592/params/IsaFake.hh
 [SO Param] m5.objects.Device, DmaVirtDevice -> build_Intel_8592/params/DmaVirtDevice.hh
 [     CXX] build_Intel_8592/python/_m5/param_DmaDevice.cc -> .o
 [ TRACING]  -> build_Intel_8592/debug/DMA.hh
 [     CXX] src/dev/dma_device.cc -> build_Intel_8592/dev/dma_device.o
 [     CXX] src/dev/isa_fake.cc -> build_Intel_8592/dev/isa_fake.o
 [     CXX] build_Intel_8592/python/_m5/param_IsaFake.cc -> .o
 [     CXX] build_Intel_8592/python/_m5/param_DmaVirtDevice.cc -> .o
 [     CXX] src/dev/dma_virt_device.cc -> build_Intel_8592/dev/dma_virt_device.o
 [ TRACING]  -> build_Intel_8592/debug/IntPin.cc
 [     CXX] build_Intel_8592/debug/IntPin.cc -> .o
 [ TRACING]  -> build_Intel_8592/debug/IsaFake.cc
 [ TRACING]  -> build_Intel_8592/debug/DMA.cc
 [     CXX] build_Intel_8592/debug/IsaFake.cc -> .o
 [     CXX] build_Intel_8592/debug/DMA.cc -> .o
 [     CXX] build_Intel_8592/dev/Platform.py.cc -> .o
 [SO Param] m5.objects.Platform, Platform -> build_Intel_8592/python/_m5/param_Platform.cc
 [SO Param] m5.objects.Platform, Platform -> build_Intel_8592/params/Platform.hh
 [     CXX] build_Intel_8592/dev/BadDevice.py.cc -> .o
 [SO Param] m5.objects.BadDevice, BadDevice -> build_Intel_8592/python/_m5/param_BadDevice.cc
 [SO Param] m5.objects.BadDevice, BadDevice -> build_Intel_8592/params/BadDevice.hh
 [ TRACING]  -> build_Intel_8592/debug/Intel8254Timer.hh
 [ TRACING]  -> build_Intel_8592/debug/MC146818.hh
 [     CXX] src/dev/intel_8254_timer.cc -> build_Intel_8592/dev/intel_8254_timer.o
 [     CXX] src/dev/mc146818.cc -> build_Intel_8592/dev/mc146818.o
 [     CXX] src/dev/pixelpump.cc -> build_Intel_8592/dev/pixelpump.o
 [     CXX] build_Intel_8592/python/_m5/param_Platform.cc -> .o
 [     CXX] src/dev/platform.cc -> build_Intel_8592/dev/platform.o
 [ TRACING]  -> build_Intel_8592/debug/Intel8254Timer.cc
 [     CXX] src/dev/baddev.cc -> build_Intel_8592/dev/baddev.o
 [     CXX] build_Intel_8592/debug/Intel8254Timer.cc -> .o
 [     CXX] build_Intel_8592/python/_m5/param_BadDevice.cc -> .o
 [ TRACING]  -> build_Intel_8592/debug/MC146818.cc
 [     CXX] build_Intel_8592/debug/MC146818.cc -> .o
 [     CXX] build_Intel_8592/dev/serial/Serial.py.cc -> .o
 [SO Param] m5.objects.Serial, SerialDevice -> build_Intel_8592/python/_m5/param_SerialDevice.cc
 [SO Param] m5.objects.Serial, SerialNullDevice -> build_Intel_8592/python/_m5/param_SerialNullDevice.cc
 [     CXX] build_Intel_8592/dev/serial/Terminal.py.cc -> .o
 [SO Param] m5.objects.Terminal, Terminal -> build_Intel_8592/python/_m5/param_Terminal.cc
 [ENUM STR] m5.objects.Terminal, TerminalDump -> build_Intel_8592/enums/TerminalDump.cc
 [     CXX] build_Intel_8592/dev/serial/Uart.py.cc -> .o
 [SO Param] m5.objects.Uart, Uart -> build_Intel_8592/python/_m5/param_Uart.cc
 [SO Param] m5.objects.Serial, SerialDevice -> build_Intel_8592/params/SerialDevice.hh
 [SO Param] m5.objects.Uart, SimpleUart -> build_Intel_8592/python/_m5/param_SimpleUart.cc
 [SO Param] m5.objects.Serial, SerialNullDevice -> build_Intel_8592/params/SerialNullDevice.hh
 [SO Param] m5.objects.Uart, Uart8250 -> build_Intel_8592/python/_m5/param_Uart8250.cc
 [SO Param] m5.objects.Uart, SimpleUart -> build_Intel_8592/params/SimpleUart.hh
 [ENUMDECL] m5.objects.Terminal, TerminalDump -> build_Intel_8592/enums/TerminalDump.hh
 [SO Param] m5.objects.Terminal, Terminal -> build_Intel_8592/params/Terminal.hh
 [SO Param] m5.objects.Uart, Uart -> build_Intel_8592/params/Uart.hh
 [ TRACING]  -> build_Intel_8592/debug/Terminal.hh
 [ TRACING]  -> build_Intel_8592/debug/TerminalVerbose.hh
 [ TRACING]  -> build_Intel_8592/debug/Uart.hh
 [SO Param] m5.objects.Uart, Uart8250 -> build_Intel_8592/params/Uart8250.hh
 [ TRACING]  -> build_Intel_8592/debug/Terminal.cc
 [     CXX] build_Intel_8592/python/_m5/param_SerialDevice.cc -> .o
 [ TRACING]  -> build_Intel_8592/debug/TerminalVerbose.cc
 [     CXX] build_Intel_8592/python/_m5/param_SerialNullDevice.cc -> .o
 [     CXX] src/dev/serial/serial.cc -> build_Intel_8592/dev/serial/serial.o
 [ TRACING]  -> build_Intel_8592/debug/Uart.cc
 [     CXX] build_Intel_8592/dev/storage/Ide.py.cc -> .o
 [     CXX] build_Intel_8592/debug/Terminal.cc -> .o
 [     CXX] build_Intel_8592/debug/TerminalVerbose.cc -> .o
 [SO Param] m5.objects.Ide, IdeDisk -> build_Intel_8592/python/_m5/param_IdeDisk.cc
 [     CXX] build_Intel_8592/debug/Uart.cc -> .o
 [     CXX] build_Intel_8592/enums/TerminalDump.cc -> .o
 [     CXX] build_Intel_8592/python/_m5/param_Terminal.cc -> .o
 [SO Param] m5.objects.Ide, IdeController -> build_Intel_8592/python/_m5/param_IdeController.cc
 [     CXX] src/dev/serial/simple.cc -> build_Intel_8592/dev/serial/simple.o
 [     CXX] src/dev/serial/uart8250.cc -> build_Intel_8592/dev/serial/uart8250.o
 [     CXX] build_Intel_8592/python/_m5/param_Uart8250.cc -> .o
 [     CXX] build_Intel_8592/python/_m5/param_SimpleUart.cc -> .o
 [ENUMDECL] m5.objects.Ide, IdeID -> build_Intel_8592/enums/IdeID.hh
 [SO Param] m5.objects.Ide, IdeDisk -> build_Intel_8592/params/IdeDisk.hh
 [SO Param] m5.objects.Ide, IdeController -> build_Intel_8592/params/IdeController.hh
 [SO Param] m5.objects.PciDevice, PciBar -> build_Intel_8592/params/PciBar.hh
 [SO Param] m5.objects.PciDevice, PciBarNone -> build_Intel_8592/params/PciBarNone.hh
 [SO Param] m5.objects.PciDevice, PciDevice -> build_Intel_8592/params/PciDevice.hh
 [SO Param] m5.objects.PciDevice, PciEndpoint -> build_Intel_8592/params/PciEndpoint.hh
 [SO Param] m5.objects.PciDevice, PciIoBar -> build_Intel_8592/params/PciIoBar.hh
 [SO Param] m5.objects.PciDevice, PciLegacyIoBar -> build_Intel_8592/params/PciLegacyIoBar.hh
 [SO Param] m5.objects.PciDevice, PciMemBar -> build_Intel_8592/params/PciMemBar.hh
 [SO Param] m5.objects.PciDevice, PciMemUpperBar -> build_Intel_8592/params/PciMemUpperBar.hh
 [SO Param] m5.objects.PciDevice, PciType1Device -> build_Intel_8592/params/PciType1Device.hh
 [SO Param] m5.objects.DiskImage, CowDiskImage -> build_Intel_8592/params/CowDiskImage.hh
 [SO Param] m5.objects.DiskImage, DiskImage -> build_Intel_8592/params/DiskImage.hh
 [SO Param] m5.objects.DiskImage, RawDiskImage -> build_Intel_8592/params/RawDiskImage.hh
 [SO Param] m5.objects.PciUpstream, PciConfigError -> build_Intel_8592/params/PciConfigError.hh
 [SO Param] m5.objects.PciUpstream, PciUpstream -> build_Intel_8592/params/PciUpstream.hh
 [SO Param] m5.objects.PciUpstream, PciUpDownBridge -> build_Intel_8592/params/PciUpDownBridge.hh
 [     CXX] src/dev/serial/uart.cc -> build_Intel_8592/dev/serial/uart.o
 [     CXX] build_Intel_8592/python/_m5/param_Uart.cc -> .o
 [     CXX] src/dev/serial/terminal.cc -> build_Intel_8592/dev/serial/terminal.o
 [ENUM STR] m5.objects.Ide, IdeID -> build_Intel_8592/enums/IdeID.cc
 [ TRACING]  -> build_Intel_8592/debug/IdeCtrl.hh
 [ TRACING]  -> build_Intel_8592/debug/IdeDisk.hh
 [ TRACING]  -> build_Intel_8592/debug/IdeCtrl.cc
 [ TRACING]  -> build_Intel_8592/debug/IdeDisk.cc
 [     CXX] build_Intel_8592/dev/storage/DiskImage.py.cc -> .o
 [SO Param] m5.objects.DiskImage, DiskImage -> build_Intel_8592/python/_m5/param_DiskImage.cc
 [SO Param] m5.objects.DiskImage, RawDiskImage -> build_Intel_8592/python/_m5/param_RawDiskImage.cc
 [SO Param] m5.objects.DiskImage, CowDiskImage -> build_Intel_8592/python/_m5/param_CowDiskImage.cc
 [     CXX] build_Intel_8592/debug/IdeCtrl.cc -> .o
 [     CXX] build_Intel_8592/dev/storage/SimpleDisk.py.cc -> .o
 [     CXX] build_Intel_8592/debug/IdeDisk.cc -> .o
 [SO Param] m5.objects.SimpleDisk, SimpleDisk -> build_Intel_8592/python/_m5/param_SimpleDisk.cc
 [ TRACING]  -> build_Intel_8592/debug/DiskImageRead.hh
 [ TRACING]  -> build_Intel_8592/debug/DiskImageWrite.hh
 [ TRACING]  -> build_Intel_8592/debug/SimpleDisk.hh
 [ TRACING]  -> build_Intel_8592/debug/SimpleDiskData.hh
 [SO Param] m5.objects.SimpleDisk, SimpleDisk -> build_Intel_8592/params/SimpleDisk.hh
 [ TRACING]  -> build_Intel_8592/debug/DiskImageRead.cc
 [ TRACING]  -> build_Intel_8592/debug/DiskImageWrite.cc
 [     CXX] src/dev/storage/ide_disk.cc -> build_Intel_8592/dev/storage/ide_disk.o
 [     CXX] src/dev/storage/disk_image.cc -> build_Intel_8592/dev/storage/disk_image.o
 [     CXX] src/dev/storage/ide_ctrl.cc -> build_Intel_8592/dev/storage/ide_ctrl.o
 [     CXX] build_Intel_8592/enums/IdeID.cc -> .o
 [     CXX] build_Intel_8592/python/_m5/param_IdeDisk.cc -> .o
 [     CXX] build_Intel_8592/debug/DiskImageRead.cc -> .o
 [     CXX] build_Intel_8592/debug/DiskImageWrite.cc -> .o
 [     CXX] build_Intel_8592/python/_m5/param_IdeController.cc -> .o
 [ TRACING]  -> build_Intel_8592/debug/SimpleDisk.cc
 [ TRACING]  -> build_Intel_8592/debug/SimpleDiskData.cc
 [ TRACING]  -> build_Intel_8592/debug/DiskImageAll.cc
 [ TRACING]  -> build_Intel_8592/debug/IdeAll.cc
 [     CXX] build_Intel_8592/dev/i2c/I2C.py.cc -> .o
 [     CXX] build_Intel_8592/python/_m5/param_DiskImage.cc -> .o
 [     CXX] build_Intel_8592/debug/SimpleDisk.cc -> .o
 [     CXX] build_Intel_8592/python/_m5/param_CowDiskImage.cc -> .o
 [     CXX] build_Intel_8592/python/_m5/param_RawDiskImage.cc -> .o
 [     CXX] build_Intel_8592/debug/SimpleDiskData.cc -> .o
 [ TRACING]  -> build_Intel_8592/debug/DiskImageAll.hh
 [SO Param] m5.objects.I2C, I2CDevice -> build_Intel_8592/python/_m5/param_I2CDevice.cc
 [ TRACING]  -> build_Intel_8592/debug/IdeAll.hh
 [SO Param] m5.objects.I2C, I2CBus -> build_Intel_8592/python/_m5/param_I2CBus.cc
 [SO Param] m5.objects.I2C, I2CBus -> build_Intel_8592/params/I2CBus.hh
 [SO Param] m5.objects.I2C, I2CDevice -> build_Intel_8592/params/I2CDevice.hh
 [     CXX] build_Intel_8592/dev/net/Ethernet.py.cc -> .o
 [     CXX] build_Intel_8592/debug/DiskImageAll.cc -> .o
 [     CXX] build_Intel_8592/debug/IdeAll.cc -> .o
 [     CXX] build_Intel_8592/python/_m5/param_SimpleDisk.cc -> .o
 [     CXX] src/dev/storage/simple_disk.cc -> build_Intel_8592/dev/storage/simple_disk.o
 [SO Param] m5.objects.Ethernet, EtherLink -> build_Intel_8592/python/_m5/param_EtherLink.cc
 [SO Param] m5.objects.Ethernet, DistEtherLink -> build_Intel_8592/python/_m5/param_DistEtherLink.cc
 [SO Param] m5.objects.Ethernet, EtherBus -> build_Intel_8592/python/_m5/param_EtherBus.cc
 [SO Param] m5.objects.Ethernet, EtherSwitch -> build_Intel_8592/python/_m5/param_EtherSwitch.cc
 [SO Param] m5.objects.Ethernet, EtherTapBase -> build_Intel_8592/python/_m5/param_EtherTapBase.cc
 [SO Param] m5.objects.Ethernet, EtherTapStub -> build_Intel_8592/python/_m5/param_EtherTapStub.cc
 [SO Param] m5.objects.Ethernet, EtherDump -> build_Intel_8592/python/_m5/param_EtherDump.cc
 [     CXX] build_Intel_8592/python/_m5/param_I2CBus.cc -> .o
 [     CXX] src/dev/i2c/bus.cc -> build_Intel_8592/dev/i2c/bus.o
 [     CXX] build_Intel_8592/python/_m5/param_I2CDevice.cc -> .o
 [SO Param] m5.objects.Ethernet, EtherDevice -> build_Intel_8592/python/_m5/param_EtherDevice.cc
 [SO Param] m5.objects.Ethernet, IGbE -> build_Intel_8592/python/_m5/param_IGbE.cc
 [SO Param] m5.objects.Ethernet, EtherDevBase -> build_Intel_8592/python/_m5/param_EtherDevBase.cc
 [SO Param] m5.objects.Ethernet, NSGigE -> build_Intel_8592/python/_m5/param_NSGigE.cc
 [SO Param] m5.objects.Ethernet, Sinic -> build_Intel_8592/python/_m5/param_Sinic.cc
 [SO Param] m5.objects.Ethernet, EtherLink -> build_Intel_8592/params/EtherLink.hh
 [SO Param] m5.objects.Ethernet, DistEtherLink -> build_Intel_8592/params/DistEtherLink.hh
 [SO Param] m5.objects.Ethernet, EtherBus -> build_Intel_8592/params/EtherBus.hh
 [SO Param] m5.objects.Ethernet, EtherSwitch -> build_Intel_8592/params/EtherSwitch.hh
 [SO Param] m5.objects.Ethernet, EtherTapBase -> build_Intel_8592/params/EtherTapBase.hh
 [SO Param] m5.objects.Ethernet, EtherDump -> build_Intel_8592/params/EtherDump.hh
 [SO Param] m5.objects.Ethernet, EtherTapStub -> build_Intel_8592/params/EtherTapStub.hh
 [SO Param] m5.objects.Ethernet, EtherDevice -> build_Intel_8592/params/EtherDevice.hh
 [SO Param] m5.objects.Ethernet, IGbE -> build_Intel_8592/params/IGbE.hh
 [SO Param] m5.objects.Ethernet, EtherDevBase -> build_Intel_8592/params/EtherDevBase.hh
 [SO Param] m5.objects.Ethernet, Sinic -> build_Intel_8592/params/Sinic.hh
 [SO Param] m5.objects.Ethernet, NSGigE -> build_Intel_8592/params/NSGigE.hh
 [ TRACING]  -> build_Intel_8592/debug/EthernetDesc.hh
 [ TRACING]  -> build_Intel_8592/debug/EthernetIntr.hh
 [CONFIG H] HAVE_TUNTAP, 1 -> build_Intel_8592/config/have_tuntap.hh
 [SO Param] m5.objects.Ethernet, EtherTap -> build_Intel_8592/params/EtherTap.hh
 [SO Param] m5.objects.Ethernet, EtherTap -> build_Intel_8592/python/_m5/param_EtherTap.cc
 [ TRACING]  -> build_Intel_8592/debug/Ethernet.hh
 [ TRACING]  -> build_Intel_8592/debug/EthernetData.hh
 [ TRACING]  -> build_Intel_8592/debug/EthernetAll.hh
 [     CXX] src/dev/net/etherint.cc -> build_Intel_8592/dev/net/etherint.o
 [     CXX] src/dev/net/etherpkt.cc -> build_Intel_8592/dev/net/etherpkt.o
 [     CXX] src/dev/net/pktfifo.cc -> build_Intel_8592/dev/net/pktfifo.o
 [     CXX] build_Intel_8592/python/_m5/param_DistEtherLink.cc -> .o
 [     CXX] src/dev/net/etherdump.cc -> build_Intel_8592/dev/net/etherdump.o
 [     CXX] build_Intel_8592/python/_m5/param_EtherDump.cc -> .o
 [ TRACING]  -> build_Intel_8592/debug/EthernetCksum.hh
 [ TRACING]  -> build_Intel_8592/debug/EthernetDMA.hh
 [ TRACING]  -> build_Intel_8592/debug/EthernetEEPROM.hh
 [ TRACING]  -> build_Intel_8592/debug/EthernetPIO.hh
 [     CXX] src/dev/net/etherdevice.cc -> build_Intel_8592/dev/net/etherdevice.o
 [     CXX] build_Intel_8592/python/_m5/param_Sinic.cc -> .o
 [     CXX] build_Intel_8592/python/_m5/param_NSGigE.cc -> .o
 [     CXX] build_Intel_8592/python/_m5/param_EtherDevBase.cc -> .o
 [     CXX] build_Intel_8592/python/_m5/param_IGbE.cc -> .o
 [     CXX] build_Intel_8592/python/_m5/param_EtherDevice.cc -> .o
 [     CXX] build_Intel_8592/python/_m5/param_EtherTapStub.cc -> .o
 [     CXX] build_Intel_8592/python/_m5/param_EtherTap.cc -> .o
 [     CXX] src/dev/net/ethertap.cc -> build_Intel_8592/dev/net/ethertap.o
 [     CXX] build_Intel_8592/python/_m5/param_EtherTapBase.cc -> .o
 [ TRACING]  -> build_Intel_8592/debug/EthernetSM.hh
 [     CXX] src/dev/net/etherswitch.cc -> build_Intel_8592/dev/net/etherswitch.o
 [     CXX] build_Intel_8592/python/_m5/param_EtherLink.cc -> .o
 [     CXX] build_Intel_8592/python/_m5/param_EtherSwitch.cc -> .o
 [     CXX] src/dev/net/etherbus.cc -> build_Intel_8592/dev/net/etherbus.o
 [     CXX] src/dev/net/etherlink.cc -> build_Intel_8592/dev/net/etherlink.o
 [     CXX] build_Intel_8592/python/_m5/param_EtherBus.cc -> .o
 [ TRACING]  -> build_Intel_8592/debug/Ethernet.cc
 [ TRACING]  -> build_Intel_8592/debug/EthernetCksum.cc
 [     CXX] build_Intel_8592/debug/Ethernet.cc -> .o
 [ TRACING]  -> build_Intel_8592/debug/EthernetDMA.cc
 [ TRACING]  -> build_Intel_8592/debug/EthernetData.cc
 [     CXX] build_Intel_8592/debug/EthernetCksum.cc -> .o
 [     CXX] build_Intel_8592/debug/EthernetDMA.cc -> .o
 [     CXX] build_Intel_8592/debug/EthernetData.cc -> .o
 [ TRACING]  -> build_Intel_8592/debug/EthernetDesc.cc
 [     CXX] build_Intel_8592/debug/EthernetDesc.cc -> .o
 [ TRACING]  -> build_Intel_8592/debug/EthernetEEPROM.cc
 [ TRACING]  -> build_Intel_8592/debug/EthernetIntr.cc
 [     CXX] build_Intel_8592/debug/EthernetEEPROM.cc -> .o
 [ TRACING]  -> build_Intel_8592/debug/EthernetPIO.cc
 [     CXX] build_Intel_8592/debug/EthernetIntr.cc -> .o
 [ TRACING]  -> build_Intel_8592/debug/EthernetSM.cc
 [ TRACING]  -> build_Intel_8592/debug/DistEthernet.hh
 [     CXX] build_Intel_8592/debug/EthernetPIO.cc -> .o
 [     CXX] build_Intel_8592/debug/EthernetSM.cc -> .o
 [ TRACING]  -> build_Intel_8592/debug/DistEthernetPkt.hh
 [     CXX] src/dev/net/dist_iface.cc -> build_Intel_8592/dev/net/dist_iface.o
 [     CXX] src/dev/net/dist_etherlink.cc -> build_Intel_8592/dev/net/dist_etherlink.o
 [ TRACING]  -> build_Intel_8592/debug/DistEthernetCmd.hh
 [ TRACING]  -> build_Intel_8592/debug/DistEthernet.cc
 [ TRACING]  -> build_Intel_8592/debug/DistEthernetPkt.cc
 [ TRACING]  -> build_Intel_8592/debug/DistEthernetCmd.cc
 [     CXX] src/dev/net/tcp_iface.cc -> build_Intel_8592/dev/net/tcp_iface.o
 [     CXX] build_Intel_8592/debug/DistEthernet.cc -> .o
 [     CXX] src/dev/net/i8254xGBe.cc -> build_Intel_8592/dev/net/i8254xGBe.o
 [     CXX] build_Intel_8592/debug/DistEthernetPkt.cc -> .o
 [     CXX] build_Intel_8592/debug/DistEthernetCmd.cc -> .o
 [     CXX] src/dev/net/ns_gige.cc -> build_Intel_8592/dev/net/ns_gige.o
 [     CXX] src/dev/net/sinic.cc -> build_Intel_8592/dev/net/sinic.o
 [ TRACING]  -> build_Intel_8592/debug/EthernetAll.cc
 [ TRACING]  -> build_Intel_8592/debug/EthernetNoData.cc
 [     CXX] build_Intel_8592/dev/virtio/VirtIO.py.cc -> .o
 [     CXX] build_Intel_8592/debug/EthernetAll.cc -> .o
 [ TRACING]  -> build_Intel_8592/debug/EthernetNoData.hh
 [SO Param] m5.objects.VirtIO, VirtIODeviceBase -> build_Intel_8592/python/_m5/param_VirtIODeviceBase.cc
 [     CXX] build_Intel_8592/debug/EthernetNoData.cc -> .o
 [SO Param] m5.objects.VirtIO, VirtIODummyDevice -> build_Intel_8592/python/_m5/param_VirtIODummyDevice.cc
 [SO Param] m5.objects.VirtIO, PciVirtIO -> build_Intel_8592/python/_m5/param_PciVirtIO.cc
 [     CXX] build_Intel_8592/dev/virtio/VirtIOConsole.py.cc -> .o
 [SO Param] m5.objects.VirtIO, VirtIODeviceBase -> build_Intel_8592/params/VirtIODeviceBase.hh
 [SO Param] m5.objects.VirtIOConsole, VirtIOConsole -> build_Intel_8592/python/_m5/param_VirtIOConsole.cc
 [     CXX] build_Intel_8592/dev/virtio/VirtIOBlock.py.cc -> .o
 [SO Param] m5.objects.VirtIOBlock, VirtIOBlock -> build_Intel_8592/python/_m5/param_VirtIOBlock.cc
 [SO Param] m5.objects.VirtIO, VirtIODummyDevice -> build_Intel_8592/params/VirtIODummyDevice.hh
 [SO Param] m5.objects.VirtIO, PciVirtIO -> build_Intel_8592/params/PciVirtIO.hh
 [     CXX] build_Intel_8592/dev/virtio/VirtIORng.py.cc -> .o
 [     CXX] build_Intel_8592/python/_m5/param_VirtIODeviceBase.cc -> .o
 [SO Param] m5.objects.VirtIOConsole, VirtIOConsole -> build_Intel_8592/params/VirtIOConsole.hh
 [SO Param] m5.objects.VirtIORng, VirtIORng -> build_Intel_8592/python/_m5/param_VirtIORng.cc
 [SO Param] m5.objects.VirtIOBlock, VirtIOBlock -> build_Intel_8592/params/VirtIOBlock.hh
 [     CXX] build_Intel_8592/python/_m5/param_VirtIODummyDevice.cc -> .o
 [     CXX] build_Intel_8592/python/_m5/param_PciVirtIO.cc -> .o
 [     CXX] build_Intel_8592/dev/virtio/VirtIO9P.py.cc -> .o
 [     CXX] build_Intel_8592/python/_m5/param_VirtIOConsole.cc -> .o
 [SO Param] m5.objects.VirtIORng, VirtIORng -> build_Intel_8592/params/VirtIORng.hh
 [     CXX] build_Intel_8592/python/_m5/param_VirtIOBlock.cc -> .o
 [SO Param] m5.objects.VirtIO9P, VirtIO9PBase -> build_Intel_8592/python/_m5/param_VirtIO9PBase.cc
 [SO Param] m5.objects.VirtIO9P, VirtIO9PProxy -> build_Intel_8592/python/_m5/param_VirtIO9PProxy.cc
 [SO Param] m5.objects.VirtIO9P, VirtIO9PDiod -> build_Intel_8592/python/_m5/param_VirtIO9PDiod.cc
 [     CXX] build_Intel_8592/python/_m5/param_VirtIORng.cc -> .o
 [SO Param] m5.objects.VirtIO9P, VirtIO9PSocket -> build_Intel_8592/python/_m5/param_VirtIO9PSocket.cc
 [SO Param] m5.objects.VirtIO9P, VirtIO9PBase -> build_Intel_8592/params/VirtIO9PBase.hh
 [SO Param] m5.objects.VirtIO9P, VirtIO9PProxy -> build_Intel_8592/params/VirtIO9PProxy.hh
 [ TRACING]  -> build_Intel_8592/debug/VIO.hh
 [ TRACING]  -> build_Intel_8592/debug/VIOIface.hh
 [     CXX] src/dev/virtio/base.cc -> build_Intel_8592/dev/virtio/base.o
 [ TRACING]  -> build_Intel_8592/debug/VIOConsole.hh
 [SO Param] m5.objects.VirtIO9P, VirtIO9PDiod -> build_Intel_8592/params/VirtIO9PDiod.hh
 [     CXX] src/dev/virtio/pci.cc -> build_Intel_8592/dev/virtio/pci.o
 [SO Param] m5.objects.VirtIO9P, VirtIO9PSocket -> build_Intel_8592/params/VirtIO9PSocket.hh
 [     CXX] src/dev/virtio/console.cc -> build_Intel_8592/dev/virtio/console.o
 [     CXX] build_Intel_8592/python/_m5/param_VirtIO9PBase.cc -> .o
 [ TRACING]  -> build_Intel_8592/debug/VIOBlock.hh
 [     CXX] build_Intel_8592/python/_m5/param_VirtIO9PProxy.cc -> .o
 [ TRACING]  -> build_Intel_8592/debug/VIO9P.hh
 [     CXX] src/dev/virtio/block.cc -> build_Intel_8592/dev/virtio/block.o
 [     CXX] build_Intel_8592/python/_m5/param_VirtIO9PDiod.cc -> .o
 [ TRACING]  -> build_Intel_8592/debug/VIO9PData.hh
 [     CXX] build_Intel_8592/python/_m5/param_VirtIO9PSocket.cc -> .o
 [ TRACING]  -> build_Intel_8592/debug/VIORng.hh
 [     CXX] src/dev/virtio/fs9p.cc -> build_Intel_8592/dev/virtio/fs9p.o
 [ TRACING]  -> build_Intel_8592/debug/VIO.cc
 [     CXX] src/dev/virtio/rng.cc -> build_Intel_8592/dev/virtio/rng.o
 [ TRACING]  -> build_Intel_8592/debug/VIORng.cc
 [     CXX] build_Intel_8592/debug/VIO.cc -> .o
 [ TRACING]  -> build_Intel_8592/debug/VIOIface.cc
 [     CXX] build_Intel_8592/debug/VIORng.cc -> .o
 [     CXX] build_Intel_8592/debug/VIOIface.cc -> .o
 [ TRACING]  -> build_Intel_8592/debug/VIOConsole.cc
 [ TRACING]  -> build_Intel_8592/debug/VIOBlock.cc
 [     CXX] build_Intel_8592/debug/VIOConsole.cc -> .o
 [ TRACING]  -> build_Intel_8592/debug/VIO9P.cc
 [     CXX] build_Intel_8592/debug/VIOBlock.cc -> .o
 [     CXX] build_Intel_8592/debug/VIO9P.cc -> .o
 [ TRACING]  -> build_Intel_8592/debug/VIO9PData.cc
 [     CXX] build_Intel_8592/dev/qemu/QemuFwCfg.py.cc -> .o
 [SO Param] m5.objects.QemuFwCfg, QemuFwCfgItem -> build_Intel_8592/python/_m5/param_QemuFwCfgItem.cc
 [SO Param] m5.objects.QemuFwCfg, QemuFwCfgItemBytes -> build_Intel_8592/python/_m5/param_QemuFwCfgItemBytes.cc
 [     CXX] build_Intel_8592/debug/VIO9PData.cc -> .o
 [SO Param] m5.objects.QemuFwCfg, QemuFwCfgItemFile -> build_Intel_8592/python/_m5/param_QemuFwCfgItemFile.cc
 [SO Param] m5.objects.QemuFwCfg, QemuFwCfgItemString -> build_Intel_8592/python/_m5/param_QemuFwCfgItemString.cc
 [SO Param] m5.objects.QemuFwCfg, QemuFwCfg -> build_Intel_8592/python/_m5/param_QemuFwCfg.cc
 [SO Param] m5.objects.QemuFwCfg, QemuFwCfgIo -> build_Intel_8592/python/_m5/param_QemuFwCfgIo.cc
 [SO Param] m5.objects.QemuFwCfg, QemuFwCfgItem -> build_Intel_8592/params/QemuFwCfgItem.hh
 [SO Param] m5.objects.QemuFwCfg, QemuFwCfgItemBytes -> build_Intel_8592/params/QemuFwCfgItemBytes.hh
 [SO Param] m5.objects.QemuFwCfg, QemuFwCfgItemString -> build_Intel_8592/params/QemuFwCfgItemString.hh
 [SO Param] m5.objects.QemuFwCfg, QemuFwCfgItemFile -> build_Intel_8592/params/QemuFwCfgItemFile.hh
 [SO Param] m5.objects.QemuFwCfg, QemuFwCfg -> build_Intel_8592/params/QemuFwCfg.hh
 [SO Param] m5.objects.QemuFwCfg, QemuFwCfgIo -> build_Intel_8592/params/QemuFwCfgIo.hh
 [SO Param] m5.objects.QemuFwCfg, QemuFwCfgMmio -> build_Intel_8592/params/QemuFwCfgMmio.hh
 [SO Param] m5.objects.QemuFwCfg, QemuFwCfgMmio -> build_Intel_8592/python/_m5/param_QemuFwCfgMmio.cc
 [ TRACING]  -> build_Intel_8592/debug/QemuFwCfg.hh
 [ TRACING]  -> build_Intel_8592/debug/QemuFwCfgVerbose.hh
 [ TRACING]  -> build_Intel_8592/debug/QemuFwCfg.cc
 [ TRACING]  -> build_Intel_8592/debug/QemuFwCfgVerbose.cc
 [     CXX] build_Intel_8592/dev/pci/PciDevice.py.cc -> .o
 [SO Param] m5.objects.PciDevice, PciBar -> build_Intel_8592/python/_m5/param_PciBar.cc
 [SO Param] m5.objects.PciDevice, PciBarNone -> build_Intel_8592/python/_m5/param_PciBarNone.cc
 [SO Param] m5.objects.PciDevice, PciIoBar -> build_Intel_8592/python/_m5/param_PciIoBar.cc
 [SO Param] m5.objects.PciDevice, PciLegacyIoBar -> build_Intel_8592/python/_m5/param_PciLegacyIoBar.cc
 [SO Param] m5.objects.PciDevice, PciMemBar -> build_Intel_8592/python/_m5/param_PciMemBar.cc
 [     CXX] build_Intel_8592/debug/QemuFwCfg.cc -> .o
 [     CXX] build_Intel_8592/debug/QemuFwCfgVerbose.cc -> .o
 [     CXX] build_Intel_8592/python/_m5/param_QemuFwCfgItemBytes.cc -> .o
 [     CXX] build_Intel_8592/python/_m5/param_QemuFwCfgMmio.cc -> .o
 [     CXX] build_Intel_8592/python/_m5/param_PciBar.cc -> .o
 [     CXX] build_Intel_8592/python/_m5/param_PciBarNone.cc -> .o
 [     CXX] build_Intel_8592/python/_m5/param_QemuFwCfgItem.cc -> .o
 [     CXX] build_Intel_8592/python/_m5/param_PciLegacyIoBar.cc -> .o
 [     CXX] build_Intel_8592/python/_m5/param_PciIoBar.cc -> .o
 [     CXX] build_Intel_8592/python/_m5/param_PciMemBar.cc -> .o
 [     CXX] build_Intel_8592/python/_m5/param_QemuFwCfgIo.cc -> .o
 [     CXX] build_Intel_8592/python/_m5/param_QemuFwCfg.cc -> .o
 [     CXX] build_Intel_8592/python/_m5/param_QemuFwCfgItemString.cc -> .o
 [     CXX] build_Intel_8592/python/_m5/param_QemuFwCfgItemFile.cc -> .o
 [     CXX] src/dev/qemu/fw_cfg.cc -> build_Intel_8592/dev/qemu/fw_cfg.o
 [SO Param] m5.objects.PciDevice, PciMemUpperBar -> build_Intel_8592/python/_m5/param_PciMemUpperBar.cc
 [SO Param] m5.objects.PciDevice, PciDevice -> build_Intel_8592/python/_m5/param_PciDevice.cc
 [SO Param] m5.objects.PciDevice, PciEndpoint -> build_Intel_8592/python/_m5/param_PciEndpoint.cc
 [SO Param] m5.objects.PciDevice, PciType1Device -> build_Intel_8592/python/_m5/param_PciType1Device.cc
 [     CXX] build_Intel_8592/python/_m5/param_PciMemUpperBar.cc -> .o
 [     CXX] build_Intel_8592/python/_m5/param_PciDevice.cc -> .o
 [ TRACING]  -> build_Intel_8592/debug/PciDevice.hh
 [     CXX] src/dev/pci/device.cc -> build_Intel_8592/dev/pci/device.o
 [ TRACING]  -> build_Intel_8592/debug/PciDevice.cc
 [     CXX] build_Intel_8592/python/_m5/param_PciEndpoint.cc -> .o
 [     CXX] build_Intel_8592/python/_m5/param_PciType1Device.cc -> .o
 [     CXX] build_Intel_8592/dev/pci/PciUpstream.py.cc -> .o
 [     CXX] build_Intel_8592/debug/PciDevice.cc -> .o
 [SO Param] m5.objects.PciUpstream, PciUpstream -> build_Intel_8592/python/_m5/param_PciUpstream.cc
 [SO Param] m5.objects.PciUpstream, PciUpDownBridge -> build_Intel_8592/python/_m5/param_PciUpDownBridge.cc
 [SO Param] m5.objects.PciUpstream, PciBus -> build_Intel_8592/python/_m5/param_PciBus.cc
 [SO Param] m5.objects.PciUpstream, PciConfigError -> build_Intel_8592/python/_m5/param_PciConfigError.cc
 [     CXX] build_Intel_8592/python/_m5/param_PciUpstream.cc -> .o
 [     CXX] build_Intel_8592/python/_m5/param_PciUpDownBridge.cc -> .o
 [SO Param] m5.objects.PciUpstream, PciBus -> build_Intel_8592/params/PciBus.hh
 [     CXX] build_Intel_8592/python/_m5/param_PciConfigError.cc -> .o
 [ TRACING]  -> build_Intel_8592/debug/PciUpstream.hh
 [     CXX] src/dev/pci/upstream.cc -> build_Intel_8592/dev/pci/upstream.o
 [     CXX] src/dev/pci/up_down_bridge.cc -> build_Intel_8592/dev/pci/up_down_bridge.o
 [ TRACING]  -> build_Intel_8592/debug/PciUpstream.cc
 [     CXX] build_Intel_8592/debug/PciUpstream.cc -> .o
 [     CXX] build_Intel_8592/dev/pci/PciHost.py.cc -> .o
 [     CXX] build_Intel_8592/python/_m5/param_PciBus.cc -> .o
 [     CXX] src/dev/pci/bus.cc -> build_Intel_8592/dev/pci/bus.o
 [SO Param] m5.objects.PciHost, PciHost -> build_Intel_8592/python/_m5/param_PciHost.cc
 [SO Param] m5.objects.PciHost, GenericPciHost -> build_Intel_8592/python/_m5/param_GenericPciHost.cc
 [ TRACING]  -> build_Intel_8592/debug/PciHost.hh
 [SO Param] m5.objects.PciHost, GenericPciHost -> build_Intel_8592/params/GenericPciHost.hh
 [SO Param] m5.objects.PciHost, PciHost -> build_Intel_8592/params/PciHost.hh
 [ TRACING]  -> build_Intel_8592/debug/PciHost.cc
 [     CXX] build_Intel_8592/dev/pci/CopyEngine.py.cc -> .o
 [     CXX] build_Intel_8592/debug/PciHost.cc -> .o
 [SO Param] m5.objects.CopyEngine, CopyEngine -> build_Intel_8592/python/_m5/param_CopyEngine.cc
 [ TRACING]  -> build_Intel_8592/debug/DMACopyEngine.hh
 [SO Param] m5.objects.CopyEngine, CopyEngine -> build_Intel_8592/params/CopyEngine.hh
 [ TRACING]  -> build_Intel_8592/debug/DMACopyEngine.cc
 [     CXX] build_Intel_8592/dev/x86/Pc.py.cc -> .o
 [SO Param] m5.objects.Pc, Pc -> build_Intel_8592/python/_m5/param_Pc.cc
 [SO Param] m5.objects.I82094AA, I82094AA -> build_Intel_8592/params/I82094AA.hh
 [SO Param] m5.objects.I8254, I8254 -> build_Intel_8592/params/I8254.hh
 [     CXX] build_Intel_8592/debug/DMACopyEngine.cc -> .o
 [     CXX] build_Intel_8592/python/_m5/param_PciHost.cc -> .o
 [     CXX] build_Intel_8592/python/_m5/param_GenericPciHost.cc -> .o
 [     CXX] src/dev/pci/host.cc -> build_Intel_8592/dev/pci/host.o
 [ENUMDECL] m5.objects.I8259, X86I8259CascadeMode -> build_Intel_8592/enums/X86I8259CascadeMode.hh
 [SO Param] m5.objects.I8259, I8259 -> build_Intel_8592/params/I8259.hh
 [     CXX] build_Intel_8592/python/_m5/param_CopyEngine.cc -> .o
 [     CXX] src/dev/pci/copy_engine.cc -> build_Intel_8592/dev/pci/copy_engine.o
 [SO Param] m5.objects.Pc, Pc -> build_Intel_8592/params/Pc.hh
 [SO Param] m5.objects.SouthBridge, SouthBridge -> build_Intel_8592/params/SouthBridge.hh
 [     CXX] build_Intel_8592/dev/x86/SouthBridge.py.cc -> .o
 [SO Param] m5.objects.SouthBridge, SouthBridge -> build_Intel_8592/python/_m5/param_SouthBridge.cc
 [     CXX] build_Intel_8592/dev/x86/Cmos.py.cc -> .o
 [SO Param] m5.objects.Cmos, Cmos -> build_Intel_8592/python/_m5/param_Cmos.cc
 [ TRACING]  -> build_Intel_8592/debug/CMOS.hh
 [SO Param] m5.objects.Cmos, Cmos -> build_Intel_8592/params/Cmos.hh
 [ TRACING]  -> build_Intel_8592/debug/CMOS.cc
 [     CXX] build_Intel_8592/dev/x86/I8259.py.cc -> .o
 [SO Param] m5.objects.I8259, I8259 -> build_Intel_8592/python/_m5/param_I8259.cc
 [     CXX] build_Intel_8592/debug/CMOS.cc -> .o
 [ENUM STR] m5.objects.I8259, X86I8259CascadeMode -> build_Intel_8592/enums/X86I8259CascadeMode.cc
 [SO Param] m5.objects.I8042, I8042 -> build_Intel_8592/params/I8042.hh
 [SO Param] m5.objects.I8237, I8237 -> build_Intel_8592/params/I8237.hh
 [SO Param] m5.objects.PcSpeaker, PcSpeaker -> build_Intel_8592/params/PcSpeaker.hh
 [ TRACING]  -> build_Intel_8592/debug/I8259.hh
 [     CXX] src/dev/x86/cmos.cc -> build_Intel_8592/dev/x86/cmos.o
 [     CXX] src/dev/x86/i8259.cc -> build_Intel_8592/dev/x86/i8259.o
 [     CXX] build_Intel_8592/python/_m5/param_I8259.cc -> .o
 [     CXX] build_Intel_8592/enums/X86I8259CascadeMode.cc -> .o
 [     CXX] build_Intel_8592/python/_m5/param_Cmos.cc -> .o
 [ TRACING]  -> build_Intel_8592/debug/I8259.cc
 [     CXX] build_Intel_8592/dev/x86/I8254.py.cc -> .o
 [     CXX] build_Intel_8592/debug/I8259.cc -> .o
 [SO Param] m5.objects.PS2, PS2Device -> build_Intel_8592/params/PS2Device.hh
 [SO Param] m5.objects.I8254, I8254 -> build_Intel_8592/python/_m5/param_I8254.cc
 [     CXX] build_Intel_8592/python/_m5/param_SouthBridge.cc -> .o
 [     CXX] build_Intel_8592/python/_m5/param_Pc.cc -> .o
 [     CXX] build_Intel_8592/python/_m5/param_I8254.cc -> .o
 [     CXX] src/dev/x86/pc.cc -> build_Intel_8592/dev/x86/pc.o
 [     CXX] src/dev/x86/south_bridge.cc -> build_Intel_8592/dev/x86/south_bridge.o
 [ TRACING]  -> build_Intel_8592/debug/I8254.hh
 [     CXX] src/dev/x86/i8254.cc -> build_Intel_8592/dev/x86/i8254.o
 [ TRACING]  -> build_Intel_8592/debug/I8254.cc
 [     CXX] build_Intel_8592/dev/x86/I8237.py.cc -> .o
 [     CXX] build_Intel_8592/debug/I8254.cc -> .o
 [SO Param] m5.objects.I8237, I8237 -> build_Intel_8592/python/_m5/param_I8237.cc
 [     CXX] src/dev/x86/i8237.cc -> build_Intel_8592/dev/x86/i8237.o
 [ TRACING]  -> build_Intel_8592/debug/I8237.cc
 [ TRACING]  -> build_Intel_8592/debug/I8237.hh
 [     CXX] build_Intel_8592/dev/x86/I8042.py.cc -> .o
 [     CXX] build_Intel_8592/debug/I8237.cc -> .o
 [     CXX] build_Intel_8592/python/_m5/param_I8237.cc -> .o
 [SO Param] m5.objects.I8042, I8042 -> build_Intel_8592/python/_m5/param_I8042.cc
 [ TRACING]  -> build_Intel_8592/debug/I8042.hh
 [     CXX] src/dev/x86/i8042.cc -> build_Intel_8592/dev/x86/i8042.o
 [ TRACING]  -> build_Intel_8592/debug/I8042.cc
 [     CXX] build_Intel_8592/debug/I8042.cc -> .o
 [     CXX] build_Intel_8592/dev/x86/X86Ide.py.cc -> .o
 [SO Param] m5.objects.X86Ide, X86IdeController -> build_Intel_8592/python/_m5/param_X86IdeController.cc
 [     CXX] build_Intel_8592/python/_m5/param_I8042.cc -> .o
 [SO Param] m5.objects.X86Ide, X86IdeController -> build_Intel_8592/params/X86IdeController.hh
 [     CXX] build_Intel_8592/dev/x86/PcSpeaker.py.cc -> .o
 [SO Param] m5.objects.PcSpeaker, PcSpeaker -> build_Intel_8592/python/_m5/param_PcSpeaker.cc
 [ TRACING]  -> build_Intel_8592/debug/PcSpeaker.hh
 [ TRACING]  -> build_Intel_8592/debug/PcSpeaker.cc
 [     CXX] build_Intel_8592/dev/x86/I82094AA.py.cc -> .o
 [SO Param] m5.objects.I82094AA, I82094AA -> build_Intel_8592/python/_m5/param_I82094AA.cc
 [     CXX] src/dev/x86/speaker.cc -> build_Intel_8592/dev/x86/speaker.o
 [     CXX] build_Intel_8592/python/_m5/param_X86IdeController.cc -> .o
 [     CXX] build_Intel_8592/python/_m5/param_PcSpeaker.cc -> .o
 [     CXX] build_Intel_8592/python/_m5/param_I82094AA.cc -> .o
 [     CXX] src/dev/x86/ide_ctrl.cc -> build_Intel_8592/dev/x86/ide_ctrl.o
In file included from /usr/include/c++/15/vector:67,
                 from src/dev/pci/copy_engine.hh:49,
                 from src/dev/pci/copy_engine.cc:45:
In function ‘std::__enable_if_t<((bool)std::__is_bitwise_relocatable<_Tp>::value), _Tp*> std::__relocate_a_1(_Tp*, _Tp*, _Tp*, allocator<_T2>&) [with _Tp = gem5::statistics::StatStor*; _Up = gem5::statistics::StatStor*]’,
    inlined from ‘_ForwardIterator std::__relocate_a(_InputIterator, _InputIterator, _ForwardIterator, _Allocator&) [with _InputIterator = gem5::statistics::StatStor**; _ForwardIterator = gem5::statistics::StatStor**; _Allocator = allocator<gem5::statistics::StatStor*>]’ at /usr/include/c++/15/bits/stl_uninitialized.h:1359:33,
    inlined from ‘static std::vector<_Tp, _Alloc>::pointer std::vector<_Tp, _Alloc>::_S_relocate(pointer, pointer, pointer, _Tp_alloc_type&) [with _Tp = gem5::statistics::StatStor*; _Alloc = std::allocator<gem5::statistics::StatStor*>]’ at /usr/include/c++/15/bits/stl_vector.h:539:26,
    inlined from ‘void std::vector<_Tp, _Alloc>::reserve(size_type) [with _Tp = gem5::statistics::StatStor*; _Alloc = std::allocator<gem5::statistics::StatStor*>]’ at /usr/include/c++/15/bits/vector.tcc:80:19,
    inlined from ‘void gem5::statistics::VectorBase<Derived, Stor>::doInit(gem5::statistics::size_type) [with Derived = gem5::statistics::Vector; Stor = gem5::statistics::StatStor]’ at src/base/statistics.hh:959:24:
/usr/include/c++/15/bits/stl_uninitialized.h:1343:27: warning: ‘void* __builtin_memcpy(void*, const void*, long unsigned int)’ forming offset [34359738360, 34359738367] is out of the bounds [0, 34359738360] [-Warray-bounds=]
 1343 |           __builtin_memcpy(__result, __first, __count * sizeof(_Tp));
      |           ~~~~~~~~~~~~~~~~^~~~~~~~~~~~~~~~~~~~~~~~~~~~~~~~~~~~~~~~~~
 [     CXX] build_Intel_8592/debug/PcSpeaker.cc -> .o
 [ TRACING]  -> build_Intel_8592/debug/I82094AA.hh
 [SO Param] m5.objects.X86LocalApic, X86LocalApic -> build_Intel_8592/params/X86LocalApic.hh
 [SO Param] m5.objects.X86TLB, X86TLB -> build_Intel_8592/params/X86TLB.hh
 [ TRACING]  -> build_Intel_8592/debug/I82094AA.cc
 [     CXX] build_Intel_8592/debug/I82094AA.cc -> .o
 [     CXX] build_Intel_8592/dev/x86/X86QemuFwCfg.py.cc -> .o
 [SO Param] m5.objects.X86QemuFwCfg, QemuFwCfgItemE820 -> build_Intel_8592/python/_m5/param_QemuFwCfgItemE820.cc
 [SO Param] m5.objects.E820, X86E820Entry -> build_Intel_8592/params/X86E820Entry.hh
 [SO Param] m5.objects.E820, X86E820Table -> build_Intel_8592/params/X86E820Table.hh
 [SO Param] m5.objects.X86QemuFwCfg, QemuFwCfgItemE820 -> build_Intel_8592/params/QemuFwCfgItemE820.hh
 [     CXX] build_Intel_8592/dev/ps2/PS2.py.cc -> .o
 [SO Param] m5.objects.X86TLB, X86PagetableWalker -> build_Intel_8592/params/X86PagetableWalker.hh
 [SO Param] m5.objects.PS2, PS2Device -> build_Intel_8592/python/_m5/param_PS2Device.cc
 [SO Param] m5.objects.PS2, PS2Keyboard -> build_Intel_8592/python/_m5/param_PS2Keyboard.cc
 [SO Param] m5.objects.PS2, PS2Mouse -> build_Intel_8592/python/_m5/param_PS2Mouse.cc
 [SO Param] m5.objects.PS2, PS2TouchKit -> build_Intel_8592/python/_m5/param_PS2TouchKit.cc
 [ TRACING]  -> build_Intel_8592/debug/PS2.hh
 [SO Param] m5.objects.PS2, PS2Keyboard -> build_Intel_8592/params/PS2Keyboard.hh
 [     CXX] build_Intel_8592/python/_m5/param_QemuFwCfgItemE820.cc -> .o
 [     CXX] src/dev/x86/qemu_fw_cfg.cc -> build_Intel_8592/dev/x86/qemu_fw_cfg.o
 [     CXX] src/dev/x86/i82094aa.cc -> build_Intel_8592/dev/x86/i82094aa.o
 [     CXX] src/dev/ps2/device.cc -> build_Intel_8592/dev/ps2/device.o
 [SO Param] m5.objects.PS2, PS2Mouse -> build_Intel_8592/params/PS2Mouse.hh
 [     CXX] build_Intel_8592/python/_m5/param_PS2Device.cc -> .o
 [SO Param] m5.objects.PS2, PS2TouchKit -> build_Intel_8592/params/PS2TouchKit.hh
 [     CXX] src/dev/ps2/types.cc -> build_Intel_8592/dev/ps2/types.o
 [ TRACING]  -> build_Intel_8592/debug/PS2.cc
 [     CXX] src/dev/ps2/keyboard.cc -> build_Intel_8592/dev/ps2/keyboard.o
 [     CXX] build_Intel_8592/debug/PS2.cc -> .o
 [     CXX] build_Intel_8592/python/_m5/param_PS2Mouse.cc -> .o
 [     CXX] build_Intel_8592/python/_m5/param_PS2TouchKit.cc -> .o
 [     CXX] src/dev/ps2/touchkit.cc -> build_Intel_8592/dev/ps2/touchkit.o
 [     CXX] src/dev/ps2/mouse.cc -> build_Intel_8592/dev/ps2/mouse.o
 [     CXX] build_Intel_8592/python/_m5/param_PS2Keyboard.cc -> .o
 [ TRACING]  -> build_Intel_8592/debug/IntRegs.cc
 [     CXX] build_Intel_8592/debug/IntRegs.cc -> .o
 [ TRACING]  -> build_Intel_8592/debug/FloatRegs.cc
 [     CXX] build_Intel_8592/debug/FloatRegs.cc -> .o
 [ TRACING]  -> build_Intel_8592/debug/VecRegs.cc
 [ TRACING]  -> build_Intel_8592/debug/VecPredRegs.cc
 [     CXX] build_Intel_8592/debug/VecRegs.cc -> .o
 [ TRACING]  -> build_Intel_8592/debug/MatRegs.cc
 [     CXX] build_Intel_8592/debug/VecPredRegs.cc -> .o
 [     CXX] build_Intel_8592/debug/MatRegs.cc -> .o
 [ TRACING]  -> build_Intel_8592/debug/CCRegs.cc
 [     CXX] build_Intel_8592/debug/CCRegs.cc -> .o
 [ TRACING]  -> build_Intel_8592/debug/MiscRegs.cc
 [ TRACING]  -> build_Intel_8592/debug/MiscRegs.hh
 [ TRACING]  -> build_Intel_8592/debug/Registers.cc
 [ TRACING]  -> build_Intel_8592/debug/Decoder.cc
 [     CXX] build_Intel_8592/debug/MiscRegs.cc -> .o
 [ TRACING]  -> build_Intel_8592/debug/Registers.hh
 [ TRACING]  -> build_Intel_8592/debug/Faults.cc
 [ TRACING]  -> build_Intel_8592/debug/TLBVerbose.cc
 [ TRACING]  -> build_Intel_8592/debug/Decoder.hh
 [     CXX] build_Intel_8592/debug/Registers.cc -> .o
 [ TRACING]  -> build_Intel_8592/debug/Faults.hh
 [ TRACING]  -> build_Intel_8592/debug/X86.hh
 [     CXX] src/arch/arm/insts/fplib.cc -> build_Intel_8592/arch/arm/insts/fplib.o
 [     CXX] build_Intel_8592/debug/Decoder.cc -> .o
 [ TRACING]  -> build_Intel_8592/debug/TLBVerbose.hh
 [     CXX] build_Intel_8592/debug/Faults.cc -> .o
 [SO Param] m5.objects.X86ISA, X86ISA -> build_Intel_8592/params/X86ISA.hh
 [SO Param] m5.objects.X86Decoder, X86Decoder -> build_Intel_8592/params/X86Decoder.hh
 [     CXX] build_Intel_8592/debug/TLBVerbose.cc -> .o
 [     CXX] src/arch/x86/emulenv.cc -> build_Intel_8592/arch/x86/emulenv.o
 [ISA DESC] src/arch/x86/isa/main.isa -> build_Intel_8592/arch/x86/generated/decoder-g.cc.inc, build_Intel_8592/arch/x86/generated/decoder-ns.cc.inc, build_Intel_8592/arch/x86/generated/decode-method.cc.inc, build_Intel_8592/arch/x86/generated/decoder.hh, build_Intel_8592/arch/x86/generated/decoder-g.hh.inc, build_Intel_8592/arch/x86/generated/decoder-ns.hh.inc, build_Intel_8592/arch/x86/generated/exec-g.cc.inc, build_Intel_8592/arch/x86/generated/exec-ns.cc.inc, build_Intel_8592/arch/x86/generated/decoder.cc, build_Intel_8592/arch/x86/generated/inst-constrs.cc, build_Intel_8592/arch/x86/generated/generic_cpu_exec.cc
 [SO Param] m5.objects.X86MMU, X86MMU -> build_Intel_8592/params/X86MMU.hh
 [ TRACING]  -> build_Intel_8592/debug/ACPI.hh
 [SO Param] m5.objects.X86FsWorkload, X86FsWorkload -> build_Intel_8592/params/X86FsWorkload.hh
 [SO Param] m5.objects.ACPI, X86ACPIMadt -> build_Intel_8592/params/X86ACPIMadt.hh
 [SO Param] m5.objects.ACPI, X86ACPIMadtIOAPIC -> build_Intel_8592/params/X86ACPIMadtIOAPIC.hh
 [     CXX] src/arch/x86/cpuid.cc -> build_Intel_8592/arch/x86/cpuid.o
 [     CXX] src/arch/x86/decoder.cc -> build_Intel_8592/arch/x86/decoder.o
 [     CXX] src/arch/x86/decoder_tables.cc -> build_Intel_8592/arch/x86/decoder_tables.o
 [SO Param] m5.objects.ACPI, X86ACPIMadtIntSourceOverride -> build_Intel_8592/params/X86ACPIMadtIntSourceOverride.hh
 [SO Param] m5.objects.ACPI, X86ACPIMadtLAPIC -> build_Intel_8592/params/X86ACPIMadtLAPIC.hh
 [SO Param] m5.objects.ACPI, X86ACPIMadtLAPICOverride -> build_Intel_8592/params/X86ACPIMadtLAPICOverride.hh
 [SO Param] m5.objects.ACPI, X86ACPIMadtNMI -> build_Intel_8592/params/X86ACPIMadtNMI.hh
 [SO Param] m5.objects.ACPI, X86ACPIMadtRecord -> build_Intel_8592/params/X86ACPIMadtRecord.hh
 [SO Param] m5.objects.ACPI, X86ACPIRSDP -> build_Intel_8592/params/X86ACPIRSDP.hh
 [SO Param] m5.objects.ACPI, X86ACPIRSDT -> build_Intel_8592/params/X86ACPIRSDT.hh
 [SO Param] m5.objects.ACPI, X86ACPISlit -> build_Intel_8592/params/X86ACPISlit.hh
 [SO Param] m5.objects.ACPI, X86ACPISrat -> build_Intel_8592/params/X86ACPISrat.hh
 [SO Param] m5.objects.ACPI, X86ACPISratMemoryAffinity -> build_Intel_8592/params/X86ACPISratMemoryAffinity.hh
 [SO Param] m5.objects.ACPI, X86ACPISratProcessorAffinity -> build_Intel_8592/params/X86ACPISratProcessorAffinity.hh
 [SO Param] m5.objects.ACPI, X86ACPISratRecord -> build_Intel_8592/params/X86ACPISratRecord.hh
 [SO Param] m5.objects.ACPI, X86ACPISysDescTable -> build_Intel_8592/params/X86ACPISysDescTable.hh
 [SO Param] m5.objects.ACPI, X86ACPIXSDT -> build_Intel_8592/params/X86ACPIXSDT.hh
 [ENUMDECL] m5.objects.IntelMP, X86IntelMPAddressType -> build_Intel_8592/enums/X86IntelMPAddressType.hh
 [ENUMDECL] m5.objects.IntelMP, X86IntelMPInterruptType -> build_Intel_8592/enums/X86IntelMPInterruptType.hh
 [ENUMDECL] m5.objects.IntelMP, X86IntelMPPolarity -> build_Intel_8592/enums/X86IntelMPPolarity.hh
 [ENUMDECL] m5.objects.IntelMP, X86IntelMPRangeList -> build_Intel_8592/enums/X86IntelMPRangeList.hh
 [ENUMDECL] m5.objects.IntelMP, X86IntelMPTriggerMode -> build_Intel_8592/enums/X86IntelMPTriggerMode.hh
Generating LALR tables
 [ENUMDECL] m5.objects.SMBios, Characteristic -> build_Intel_8592/enums/Characteristic.hh
 [ENUMDECL] m5.objects.SMBios, ExtCharacteristic -> build_Intel_8592/enums/ExtCharacteristic.hh
 [SO Param] m5.objects.Workload, KernelWorkload -> build_Intel_8592/params/KernelWorkload.hh
 [     CXX] src/arch/x86/insts/microop.cc -> build_Intel_8592/arch/x86/insts/microop.o
 [     CXX] src/arch/x86/insts/microregop.cc -> build_Intel_8592/arch/x86/insts/microregop.o
 [     CXX] src/arch/x86/insts/static_inst.cc -> build_Intel_8592/arch/x86/insts/static_inst.o
 [ TRACING]  -> build_Intel_8592/debug/LocalApic.hh
 [     CXX] src/arch/x86/isa.cc -> build_Intel_8592/arch/x86/isa.o
 [SO Param] m5.objects.X86NativeTrace, X86NativeTrace -> build_Intel_8592/params/X86NativeTrace.hh
 [SO Param] m5.objects.IntelMP, X86IntelMPConfigTable -> build_Intel_8592/params/X86IntelMPConfigTable.hh
 [     CXX] src/arch/x86/interrupts.cc -> build_Intel_8592/arch/x86/interrupts.o
 [SO Param] m5.objects.IntelMP, X86IntelMPFloatingPointer -> build_Intel_8592/params/X86IntelMPFloatingPointer.hh
 [SO Param] m5.objects.SMBios, X86SMBiosSMBiosTable -> build_Intel_8592/params/X86SMBiosSMBiosTable.hh
 [     CXX] src/arch/x86/pagetable.cc -> build_Intel_8592/arch/x86/pagetable.o
 [     CXX] src/arch/x86/nativetrace.cc -> build_Intel_8592/arch/x86/nativetrace.o
 [ TRACING]  -> build_Intel_8592/debug/PageTableWalker.hh
 [     CXX] src/arch/x86/remote_gdb.cc -> build_Intel_8592/arch/x86/remote_gdb.o
 [ TRACING]  -> build_Intel_8592/debug/TLB.hh
 [     CXX] src/arch/x86/pagetable_walker.cc -> build_Intel_8592/arch/x86/pagetable_walker.o
 [ TRACING]  -> build_Intel_8592/debug/PseudoInst.hh
 [     CXX] src/arch/x86/types.cc -> build_Intel_8592/arch/x86/types.o
 [     CXX] src/arch/x86/utility.cc -> build_Intel_8592/arch/x86/utility.o
 [     CXX] build_Intel_8592/arch/x86/X86SeWorkload.py.cc -> .o
 [SO Param] m5.objects.X86SeWorkload, X86EmuLinux -> build_Intel_8592/python/_m5/param_X86EmuLinux.cc
 [SO Param] m5.objects.X86FsWorkload, X86BareMetalWorkload -> build_Intel_8592/python/_m5/param_X86BareMetalWorkload.cc
 [SO Param] m5.objects.X86FsWorkload, X86FsWorkload -> build_Intel_8592/python/_m5/param_X86FsWorkload.cc
 [     CXX] build_Intel_8592/arch/x86/X86FsWorkload.py.cc -> .o
 [SO Param] m5.objects.X86FsWorkload, X86FsLinux -> build_Intel_8592/python/_m5/param_X86FsLinux.cc
 [     CXX] build_Intel_8592/arch/x86/X86Decoder.py.cc -> .o
 [     CXX] src/arch/x86/tlb.cc -> build_Intel_8592/arch/x86/tlb.o
 [SO Param] m5.objects.X86Decoder, X86Decoder -> build_Intel_8592/python/_m5/param_X86Decoder.cc
 [SO Param] m5.objects.IntelMP, X86IntelMPBaseConfigEntry -> build_Intel_8592/params/X86IntelMPBaseConfigEntry.hh
 [SO Param] m5.objects.IntelMP, X86IntelMPExtConfigEntry -> build_Intel_8592/params/X86IntelMPExtConfigEntry.hh
 [SO Param] m5.objects.SMBios, X86SMBiosSMBiosStructure -> build_Intel_8592/params/X86SMBiosSMBiosStructure.hh
 [     CXX] build_Intel_8592/arch/x86/X86ISA.py.cc -> .o
 [SO Param] m5.objects.X86ISA, X86ISA -> build_Intel_8592/python/_m5/param_X86ISA.cc
 [     CXX] build_Intel_8592/arch/x86/X86LocalApic.py.cc -> .o
 [SO Param] m5.objects.X86LocalApic, X86LocalApic -> build_Intel_8592/python/_m5/param_X86LocalApic.cc
 [     CXX] build_Intel_8592/arch/x86/X86MMU.py.cc -> .o
 [SO Param] m5.objects.X86SeWorkload, X86EmuLinux -> build_Intel_8592/params/X86EmuLinux.hh
 [SO Param] m5.objects.X86FsWorkload, X86BareMetalWorkload -> build_Intel_8592/params/X86BareMetalWorkload.hh
 [SO Param] m5.objects.X86FsWorkload, X86FsLinux -> build_Intel_8592/params/X86FsLinux.hh
 [SO Param] m5.objects.X86MMU, X86MMU -> build_Intel_8592/python/_m5/param_X86MMU.cc
 [     CXX] build_Intel_8592/python/_m5/param_X86Decoder.cc -> .o
 [     CXX] build_Intel_8592/python/_m5/param_X86LocalApic.cc -> .o
 [     CXX] build_Intel_8592/python/_m5/param_X86ISA.cc -> .o
 [     CXX] src/arch/x86/fs_workload.cc -> build_Intel_8592/arch/x86/fs_workload.o
 [     CXX] src/arch/x86/process.cc -> build_Intel_8592/arch/x86/process.o
 [     CXX] build_Intel_8592/python/_m5/param_X86FsWorkload.cc -> .o
 [     CXX] build_Intel_8592/arch/x86/X86NativeTrace.py.cc -> .o
 [SO Param] m5.objects.X86NativeTrace, X86NativeTrace -> build_Intel_8592/python/_m5/param_X86NativeTrace.cc
 [     CXX] build_Intel_8592/arch/x86/X86TLB.py.cc -> .o
 [     CXX] build_Intel_8592/python/_m5/param_X86BareMetalWorkload.cc -> .o
 [     CXX] build_Intel_8592/python/_m5/param_X86FsLinux.cc -> .o
 [     CXX] build_Intel_8592/python/_m5/param_X86MMU.cc -> .o
 [     CXX] build_Intel_8592/python/_m5/param_X86EmuLinux.cc -> .o
 [SO Param] m5.objects.X86TLB, X86PagetableWalker -> build_Intel_8592/python/_m5/param_X86PagetableWalker.cc
 [SO Param] m5.objects.X86TLB, X86TLB -> build_Intel_8592/python/_m5/param_X86TLB.cc
 [     CXX] build_Intel_8592/arch/x86/X86CPU.py.cc -> .o
 [     CXX] build_Intel_8592/python/_m5/param_X86NativeTrace.cc -> .o
 [ TRACING]  -> build_Intel_8592/debug/LocalApic.cc
 [ TRACING]  -> build_Intel_8592/debug/X86.cc
 [ TRACING]  -> build_Intel_8592/debug/ACPI.cc
 [     CXX] build_Intel_8592/debug/LocalApic.cc -> .o
 [     CXX] build_Intel_8592/python/_m5/param_X86PagetableWalker.cc -> .o
 [     CXX] build_Intel_8592/debug/ACPI.cc -> .o
 [     CXX] build_Intel_8592/debug/X86.cc -> .o
 [     CXX] build_Intel_8592/python/_m5/param_X86TLB.cc -> .o
 [     CXX] src/arch/x86/regs/float.cc -> build_Intel_8592/arch/x86/regs/float.o
 [     CXX] src/arch/x86/regs/int.cc -> build_Intel_8592/arch/x86/regs/int.o
 [     CXX] src/arch/x86/regs/msr.cc -> build_Intel_8592/arch/x86/regs/msr.o
 [     CXX] build_Intel_8592/arch/x86/kvm/X86KvmCPU.py.cc -> .o
 [SO Param] m5.objects.X86KvmCPU, X86KvmCPU -> build_Intel_8592/python/_m5/param_X86KvmCPU.cc
 [SO Param] m5.objects.X86KvmCPU, X86KvmCPU -> build_Intel_8592/params/X86KvmCPU.hh
 [     CXX] src/arch/x86/bare_metal/workload.cc -> build_Intel_8592/arch/x86/bare_metal/workload.o
 [     CXX] build_Intel_8592/arch/x86/bios/E820.py.cc -> .o
 [SO Param] m5.objects.E820, X86E820Entry -> build_Intel_8592/python/_m5/param_X86E820Entry.cc
 [SO Param] m5.objects.E820, X86E820Table -> build_Intel_8592/python/_m5/param_X86E820Table.cc
 [     CXX] src/arch/x86/bios/e820.cc -> build_Intel_8592/arch/x86/bios/e820.o
 [     CXX] build_Intel_8592/python/_m5/param_X86KvmCPU.cc -> .o
 [     CXX] src/arch/x86/kvm/x86_cpu.cc -> build_Intel_8592/arch/x86/kvm/x86_cpu.o
 [     CXX] build_Intel_8592/python/_m5/param_X86E820Entry.cc -> .o
 [     CXX] build_Intel_8592/python/_m5/param_X86E820Table.cc -> .o
 [     CXX] build_Intel_8592/arch/x86/bios/SMBios.py.cc -> .o
 [SO Param] m5.objects.SMBios, X86SMBiosSMBiosStructure -> build_Intel_8592/python/_m5/param_X86SMBiosSMBiosStructure.cc
 [SO Param] m5.objects.SMBios, X86SMBiosBiosInformation -> build_Intel_8592/python/_m5/param_X86SMBiosBiosInformation.cc
 [SO Param] m5.objects.SMBios, X86SMBiosSMBiosTable -> build_Intel_8592/python/_m5/param_X86SMBiosSMBiosTable.cc
 [ENUM STR] m5.objects.SMBios, Characteristic -> build_Intel_8592/enums/Characteristic.cc
 [ENUM STR] m5.objects.SMBios, ExtCharacteristic -> build_Intel_8592/enums/ExtCharacteristic.cc
 [SO Param] m5.objects.SMBios, X86SMBiosBiosInformation -> build_Intel_8592/params/X86SMBiosBiosInformation.hh
 [     CXX] build_Intel_8592/arch/x86/bios/IntelMP.py.cc -> .o
 [     CXX] build_Intel_8592/python/_m5/param_X86SMBiosSMBiosTable.cc -> .o
 [     CXX] build_Intel_8592/python/_m5/param_X86SMBiosSMBiosStructure.cc -> .o
 [SO Param] m5.objects.IntelMP, X86IntelMPFloatingPointer -> build_Intel_8592/python/_m5/param_X86IntelMPFloatingPointer.cc
 [     CXX] build_Intel_8592/enums/Characteristic.cc -> .o
 [     CXX] build_Intel_8592/enums/ExtCharacteristic.cc -> .o
 [SO Param] m5.objects.IntelMP, X86IntelMPConfigTable -> build_Intel_8592/python/_m5/param_X86IntelMPConfigTable.cc
 [SO Param] m5.objects.IntelMP, X86IntelMPBaseConfigEntry -> build_Intel_8592/python/_m5/param_X86IntelMPBaseConfigEntry.cc
 [SO Param] m5.objects.IntelMP, X86IntelMPExtConfigEntry -> build_Intel_8592/python/_m5/param_X86IntelMPExtConfigEntry.cc
 [     CXX] src/arch/x86/bios/smbios.cc -> build_Intel_8592/arch/x86/bios/smbios.o
 [     CXX] build_Intel_8592/python/_m5/param_X86IntelMPFloatingPointer.cc -> .o
 [     CXX] build_Intel_8592/python/_m5/param_X86IntelMPConfigTable.cc -> .o
 [     CXX] build_Intel_8592/python/_m5/param_X86IntelMPBaseConfigEntry.cc -> .o
 [     CXX] build_Intel_8592/python/_m5/param_X86SMBiosBiosInformation.cc -> .o
 [     CXX] build_Intel_8592/python/_m5/param_X86IntelMPExtConfigEntry.cc -> .o
 [SO Param] m5.objects.IntelMP, X86IntelMPProcessor -> build_Intel_8592/python/_m5/param_X86IntelMPProcessor.cc
 [SO Param] m5.objects.IntelMP, X86IntelMPBus -> build_Intel_8592/python/_m5/param_X86IntelMPBus.cc
 [SO Param] m5.objects.IntelMP, X86IntelMPIOAPIC -> build_Intel_8592/python/_m5/param_X86IntelMPIOAPIC.cc
 [SO Param] m5.objects.IntelMP, X86IntelMPIOIntAssignment -> build_Intel_8592/python/_m5/param_X86IntelMPIOIntAssignment.cc
 [     CXX] build_Intel_8592/arch/x86/generated/decoder.cc -> .o
 [SO Param] m5.objects.IntelMP, X86IntelMPProcessor -> build_Intel_8592/params/X86IntelMPProcessor.hh
 [SO Param] m5.objects.IntelMP, X86IntelMPBus -> build_Intel_8592/params/X86IntelMPBus.hh
 [SO Param] m5.objects.IntelMP, X86IntelMPIOAPIC -> build_Intel_8592/params/X86IntelMPIOAPIC.hh
 [     CXX] build_Intel_8592/arch/x86/generated/generic_cpu_exec.cc -> .o
 [SO Param] m5.objects.IntelMP, X86IntelMPIOIntAssignment -> build_Intel_8592/params/X86IntelMPIOIntAssignment.hh
 [     CXX] build_Intel_8592/arch/x86/generated/inst-constrs.cc -> .o
 [     CXX] src/arch/x86/insts/badmicroop.cc -> build_Intel_8592/arch/x86/insts/badmicroop.o
 [     CXX] build_Intel_8592/python/_m5/param_X86IntelMPProcessor.cc -> .o
 [     CXX] build_Intel_8592/python/_m5/param_X86IntelMPBus.cc -> .o
 [     CXX] build_Intel_8592/python/_m5/param_X86IntelMPIOAPIC.cc -> .o
 [     CXX] build_Intel_8592/python/_m5/param_X86IntelMPIOIntAssignment.cc -> .o
 [     CXX] src/arch/x86/faults.cc -> build_Intel_8592/arch/x86/faults.o
 [SO Param] m5.objects.IntelMP, X86IntelMPLocalIntAssignment -> build_Intel_8592/python/_m5/param_X86IntelMPLocalIntAssignment.cc
 [SO Param] m5.objects.IntelMP, X86IntelMPAddrSpaceMapping -> build_Intel_8592/python/_m5/param_X86IntelMPAddrSpaceMapping.cc
 [SO Param] m5.objects.IntelMP, X86IntelMPBusHierarchy -> build_Intel_8592/python/_m5/param_X86IntelMPBusHierarchy.cc
 [SO Param] m5.objects.IntelMP, X86IntelMPLocalIntAssignment -> build_Intel_8592/params/X86IntelMPLocalIntAssignment.hh
 [SO Param] m5.objects.IntelMP, X86IntelMPAddrSpaceMapping -> build_Intel_8592/params/X86IntelMPAddrSpaceMapping.hh
 [SO Param] m5.objects.IntelMP, X86IntelMPCompatAddrSpaceMod -> build_Intel_8592/python/_m5/param_X86IntelMPCompatAddrSpaceMod.cc
 [ENUM STR] m5.objects.IntelMP, X86IntelMPInterruptType -> build_Intel_8592/enums/X86IntelMPInterruptType.cc
 [SO Param] m5.objects.IntelMP, X86IntelMPBusHierarchy -> build_Intel_8592/params/X86IntelMPBusHierarchy.hh
 [ENUM STR] m5.objects.IntelMP, X86IntelMPPolarity -> build_Intel_8592/enums/X86IntelMPPolarity.cc
 [     CXX] build_Intel_8592/python/_m5/param_X86IntelMPLocalIntAssignment.cc -> .o
 [     CXX] build_Intel_8592/python/_m5/param_X86IntelMPAddrSpaceMapping.cc -> .o
 [SO Param] m5.objects.IntelMP, X86IntelMPCompatAddrSpaceMod -> build_Intel_8592/params/X86IntelMPCompatAddrSpaceMod.hh
 [ENUM STR] m5.objects.IntelMP, X86IntelMPTriggerMode -> build_Intel_8592/enums/X86IntelMPTriggerMode.cc
 [     CXX] build_Intel_8592/enums/X86IntelMPInterruptType.cc -> .o
 [ENUM STR] m5.objects.IntelMP, X86IntelMPAddressType -> build_Intel_8592/enums/X86IntelMPAddressType.cc
 [     CXX] build_Intel_8592/python/_m5/param_X86IntelMPBusHierarchy.cc -> .o
 [ENUM STR] m5.objects.IntelMP, X86IntelMPRangeList -> build_Intel_8592/enums/X86IntelMPRangeList.cc
 [     CXX] build_Intel_8592/enums/X86IntelMPPolarity.cc -> .o
 [     CXX] build_Intel_8592/arch/x86/bios/ACPI.py.cc -> .o
 [     CXX] src/arch/x86/bios/intelmp.cc -> build_Intel_8592/arch/x86/bios/intelmp.o
 [     CXX] build_Intel_8592/python/_m5/param_X86IntelMPCompatAddrSpaceMod.cc -> .o
 [     CXX] build_Intel_8592/enums/X86IntelMPTriggerMode.cc -> .o
 [SO Param] m5.objects.ACPI, X86ACPISysDescTable -> build_Intel_8592/python/_m5/param_X86ACPISysDescTable.cc
 [     CXX] build_Intel_8592/enums/X86IntelMPAddressType.cc -> .o
 [     CXX] build_Intel_8592/enums/X86IntelMPRangeList.cc -> .o
 [SO Param] m5.objects.ACPI, X86ACPIRSDT -> build_Intel_8592/python/_m5/param_X86ACPIRSDT.cc
 [SO Param] m5.objects.ACPI, X86ACPIXSDT -> build_Intel_8592/python/_m5/param_X86ACPIXSDT.cc
 [     CXX] build_Intel_8592/python/_m5/param_X86ACPISysDescTable.cc -> .o
 [     CXX] build_Intel_8592/python/_m5/param_X86ACPIRSDT.cc -> .o
 [     CXX] build_Intel_8592/python/_m5/param_X86ACPIXSDT.cc -> .o
 [SO Param] m5.objects.ACPI, X86ACPIMadtRecord -> build_Intel_8592/python/_m5/param_X86ACPIMadtRecord.cc
 [SO Param] m5.objects.ACPI, X86ACPIMadt -> build_Intel_8592/python/_m5/param_X86ACPIMadt.cc
 [SO Param] m5.objects.ACPI, X86ACPIMadtLAPIC -> build_Intel_8592/python/_m5/param_X86ACPIMadtLAPIC.cc
 [SO Param] m5.objects.ACPI, X86ACPIMadtIOAPIC -> build_Intel_8592/python/_m5/param_X86ACPIMadtIOAPIC.cc
 [SO Param] m5.objects.ACPI, X86ACPIMadtIntSourceOverride -> build_Intel_8592/python/_m5/param_X86ACPIMadtIntSourceOverride.cc
 [     CXX] build_Intel_8592/python/_m5/param_X86ACPIMadtRecord.cc -> .o
 [SO Param] m5.objects.ACPI, X86ACPIMadtNMI -> build_Intel_8592/python/_m5/param_X86ACPIMadtNMI.cc
 [SO Param] m5.objects.ACPI, X86ACPIMadtLAPICOverride -> build_Intel_8592/python/_m5/param_X86ACPIMadtLAPICOverride.cc
 [SO Param] m5.objects.ACPI, X86ACPISratRecord -> build_Intel_8592/python/_m5/param_X86ACPISratRecord.cc
 [SO Param] m5.objects.ACPI, X86ACPISratProcessorAffinity -> build_Intel_8592/python/_m5/param_X86ACPISratProcessorAffinity.cc
 [     CXX] build_Intel_8592/python/_m5/param_X86ACPIMadt.cc -> .o
 [     CXX] build_Intel_8592/python/_m5/param_X86ACPIMadtLAPIC.cc -> .o
 [SO Param] m5.objects.ACPI, X86ACPISratMemoryAffinity -> build_Intel_8592/python/_m5/param_X86ACPISratMemoryAffinity.cc
 [     CXX] build_Intel_8592/python/_m5/param_X86ACPIMadtIOAPIC.cc -> .o
 [     CXX] build_Intel_8592/python/_m5/param_X86ACPIMadtIntSourceOverride.cc -> .o
 [     CXX] build_Intel_8592/python/_m5/param_X86ACPIMadtNMI.cc -> .o
 [     CXX] build_Intel_8592/python/_m5/param_X86ACPIMadtLAPICOverride.cc -> .o
 [     CXX] build_Intel_8592/python/_m5/param_X86ACPISratRecord.cc -> .o
 [     CXX] build_Intel_8592/python/_m5/param_X86ACPISratProcessorAffinity.cc -> .o
 [SO Param] m5.objects.ACPI, X86ACPISrat -> build_Intel_8592/python/_m5/param_X86ACPISrat.cc
 [SO Param] m5.objects.ACPI, X86ACPISlit -> build_Intel_8592/python/_m5/param_X86ACPISlit.cc
 [     CXX] build_Intel_8592/python/_m5/param_X86ACPISratMemoryAffinity.cc -> .o
 [SO Param] m5.objects.ACPI, X86ACPIRSDP -> build_Intel_8592/python/_m5/param_X86ACPIRSDP.cc
 [     CXX] build_Intel_8592/python/_m5/param_X86ACPISrat.cc -> .o
 [     CXX] build_Intel_8592/python/_m5/param_X86ACPISlit.cc -> .o
 [     CXX] src/arch/x86/bios/acpi.cc -> build_Intel_8592/arch/x86/bios/acpi.o
 [     CXX] build_Intel_8592/python/_m5/param_X86ACPIRSDP.cc -> .o
 [     CXX] src/arch/x86/linux/fs_workload.cc -> build_Intel_8592/arch/x86/linux/fs_workload.o
 [ TRACING]  -> build_Intel_8592/debug/SyscallBase.hh
 [     CXX] src/arch/x86/linux/se_workload.cc -> build_Intel_8592/arch/x86/linux/se_workload.o
 [     CXX] src/arch/x86/linux/syscalls.cc -> build_Intel_8592/arch/x86/linux/syscalls.o
 [     CXX] src/arch/x86/linux/syscall_tbl32.cc -> build_Intel_8592/arch/x86/linux/syscall_tbl32.o
 [     CXX] src/arch/x86/linux/syscall_tbl64.cc -> build_Intel_8592/arch/x86/linux/syscall_tbl64.o
 [     CXX] src/arch/generic/htm.cc -> build_Intel_8592/arch/generic/htm.o
 [     CXX] src/arch/generic/mmu.cc -> build_Intel_8592/arch/generic/mmu.o
 [     CXX] build_Intel_8592/arch/generic/BaseInterrupts.py.cc -> .o
 [SO Param] m5.objects.BaseInterrupts, BaseInterrupts -> build_Intel_8592/python/_m5/param_BaseInterrupts.cc
 [     CXX] build_Intel_8592/python/_m5/param_BaseInterrupts.cc -> .o
 [     CXX] build_Intel_8592/arch/generic/BaseISA.py.cc -> .o
 [SO Param] m5.objects.BaseISA, BaseISA -> build_Intel_8592/python/_m5/param_BaseISA.cc
 [     CXX] build_Intel_8592/arch/generic/BaseMMU.py.cc -> .o
 [SO Param] m5.objects.BaseMMU, BaseMMU -> build_Intel_8592/python/_m5/param_BaseMMU.cc
 [     CXX] build_Intel_8592/python/_m5/param_BaseISA.cc -> .o
 [     CXX] build_Intel_8592/arch/generic/BaseTLB.py.cc -> .o
 [     CXX] build_Intel_8592/python/_m5/param_BaseMMU.cc -> .o
 [SO Param] m5.objects.BaseTLB, BaseTLB -> build_Intel_8592/python/_m5/param_BaseTLB.cc
 [ENUM STR] m5.objects.BaseTLB, TypeTLB -> build_Intel_8592/enums/TypeTLB.cc
 [     CXX] build_Intel_8592/arch/generic/InstDecoder.py.cc -> .o
 [SO Param] m5.objects.InstDecoder, InstDecoder -> build_Intel_8592/python/_m5/param_InstDecoder.cc
 [     CXX] build_Intel_8592/python/_m5/param_BaseTLB.cc -> .o
 [     CXX] build_Intel_8592/enums/TypeTLB.cc -> .o
 [     CXX] build_Intel_8592/python/_m5/param_InstDecoder.cc -> .o
 [ TRACING]  -> build_Intel_8592/debug/PageTableWalker.cc
 [ TRACING]  -> build_Intel_8592/debug/TLB.cc
 [     CXX] src/arch/generic/decoder.cc -> build_Intel_8592/arch/generic/decoder.o
 [     CXX] build_Intel_8592/sim/ClockedObject.py.cc -> .o
 [SO Param] m5.objects.ClockedObject, ClockedObject -> build_Intel_8592/python/_m5/param_ClockedObject.cc
 [     CXX] build_Intel_8592/debug/PageTableWalker.cc -> .o
 [     CXX] build_Intel_8592/sim/TickedObject.py.cc -> .o
 [     CXX] build_Intel_8592/debug/TLB.cc -> .o
 [SO Param] m5.objects.TickedObject, TickedObject -> build_Intel_8592/python/_m5/param_TickedObject.cc
 [     CXX] build_Intel_8592/sim/Workload.py.cc -> .o
 [SO Param] m5.objects.Workload, Workload -> build_Intel_8592/python/_m5/param_Workload.cc
 [     CXX] build_Intel_8592/python/_m5/param_ClockedObject.cc -> .o
 [SO Param] m5.objects.TickedObject, TickedObject -> build_Intel_8592/params/TickedObject.hh
 [SO Param] m5.objects.Workload, StubWorkload -> build_Intel_8592/python/_m5/param_StubWorkload.cc
 [SO Param] m5.objects.Workload, KernelWorkload -> build_Intel_8592/python/_m5/param_KernelWorkload.cc
 [SO Param] m5.objects.Workload, SEWorkload -> build_Intel_8592/python/_m5/param_SEWorkload.cc
 [ENUM STR] m5.objects.Workload, KernelPanicOopsBehaviour -> build_Intel_8592/enums/KernelPanicOopsBehaviour.cc
 [     CXX] build_Intel_8592/python/_m5/param_Workload.cc -> .o
 [     CXX] build_Intel_8592/sim/Root.py.cc -> .o
 [     CXX] build_Intel_8592/python/_m5/param_TickedObject.cc -> .o
 [     CXX] build_Intel_8592/python/_m5/param_StubWorkload.cc -> .o
 [     CXX] build_Intel_8592/python/_m5/param_KernelWorkload.cc -> .o
 [     CXX] build_Intel_8592/python/_m5/param_SEWorkload.cc -> .o
 [     CXX] build_Intel_8592/enums/KernelPanicOopsBehaviour.cc -> .o
 [SO Param] m5.objects.Root, Root -> build_Intel_8592/python/_m5/param_Root.cc
 [     CXX] build_Intel_8592/sim/ClockDomain.py.cc -> .o
 [SO Param] m5.objects.ClockDomain, ClockDomain -> build_Intel_8592/python/_m5/param_ClockDomain.cc
 [SO Param] m5.objects.ClockDomain, SrcClockDomain -> build_Intel_8592/python/_m5/param_SrcClockDomain.cc
 [     CXX] build_Intel_8592/python/_m5/param_Root.cc -> .o
 [     CXX] build_Intel_8592/python/_m5/param_ClockDomain.cc -> .o
 [     CXX] build_Intel_8592/python/_m5/param_SrcClockDomain.cc -> .o
 [SO Param] m5.objects.ClockDomain, DerivedClockDomain -> build_Intel_8592/python/_m5/param_DerivedClockDomain.cc
 [     CXX] build_Intel_8592/sim/VoltageDomain.py.cc -> .o
 [SO Param] m5.objects.VoltageDomain, VoltageDomain -> build_Intel_8592/python/_m5/param_VoltageDomain.cc
 [     CXX] build_Intel_8592/sim/System.py.cc -> .o
 [SO Param] m5.objects.System, System -> build_Intel_8592/python/_m5/param_System.cc
 [ENUM STR] m5.objects.System, MemoryMode -> build_Intel_8592/enums/MemoryMode.cc
 [     CXX] build_Intel_8592/sim/DVFSHandler.py.cc -> .o
 [     CXX] build_Intel_8592/python/_m5/param_DerivedClockDomain.cc -> .o
 [     CXX] build_Intel_8592/python/_m5/param_VoltageDomain.cc -> .o
 [     CXX] build_Intel_8592/python/_m5/param_System.cc -> .o
 [SO Param] m5.objects.DVFSHandler, DVFSHandler -> build_Intel_8592/python/_m5/param_DVFSHandler.cc
 [     CXX] build_Intel_8592/enums/MemoryMode.cc -> .o
 [SO Param] m5.objects.DVFSHandler, DVFSHandler -> build_Intel_8592/params/DVFSHandler.hh
 [ TRACING]  -> build_Intel_8592/debug/DVFS.hh
 [     CXX] build_Intel_8592/python/_m5/param_DVFSHandler.cc -> .o
 [     CXX] build_Intel_8592/sim/SubSystem.py.cc -> .o
 [SO Param] m5.objects.SubSystem, SubSystem -> build_Intel_8592/python/_m5/param_SubSystem.cc
 [     CXX] build_Intel_8592/sim/RedirectPath.py.cc -> .o
 [SO Param] m5.objects.RedirectPath, RedirectPath -> build_Intel_8592/python/_m5/param_RedirectPath.cc
 [     CXX] build_Intel_8592/python/_m5/param_SubSystem.cc -> .o
 [     CXX] build_Intel_8592/sim/PowerState.py.cc -> .o
 [SO Param] m5.objects.PowerState, PowerState -> build_Intel_8592/python/_m5/param_PowerState.cc
 [     CXX] build_Intel_8592/python/_m5/param_RedirectPath.cc -> .o
 [ENUM STR] m5.objects.PowerState, PwrState -> build_Intel_8592/enums/PwrState.cc
 [     CXX] build_Intel_8592/sim/PowerDomain.py.cc -> .o
 [     CXX] build_Intel_8592/python/_m5/param_PowerState.cc -> .o
 [SO Param] m5.objects.PowerDomain, PowerDomain -> build_Intel_8592/python/_m5/param_PowerDomain.cc
 [     CXX] build_Intel_8592/sim/SignalPort.py.cc -> .o
 [     CXX] build_Intel_8592/enums/PwrState.cc -> .o
 [SO Param] m5.objects.PowerDomain, PowerDomain -> build_Intel_8592/params/PowerDomain.hh
 [     CXX] src/sim/async.cc -> build_Intel_8592/sim/async.o
 [     CXX] src/sim/backtrace_glibc.cc -> build_Intel_8592/sim/backtrace_glibc.o
 [     CXX] src/sim/bufval.cc -> build_Intel_8592/sim/bufval.o
 [     CXX] src/sim/core.cc -> build_Intel_8592/sim/core.o
 [     CXX] src/sim/cur_tick.cc -> build_Intel_8592/sim/cur_tick.o
 [VER TAGS]  -> build_Intel_8592/sim/tags.cc
 [     CXX] build_Intel_8592/python/_m5/param_PowerDomain.cc -> .o
 [     CXX] src/sim/cxx_config.cc -> build_Intel_8592/sim/cxx_config.o
 [ TRACING]  -> build_Intel_8592/debug/CxxConfig.hh
 [     CXX] src/sim/cxx_config_ini.cc -> build_Intel_8592/sim/cxx_config_ini.o
 [     CXX] build_Intel_8592/sim/tags.cc -> .o
 [     CXX] src/sim/debug.cc -> build_Intel_8592/sim/debug.o
 [     CXX] src/sim/cxx_manager.cc -> build_Intel_8592/sim/cxx_manager.o
 [     CXX] src/sim/drain.cc -> build_Intel_8592/sim/drain.o
 [     CXX] src/sim/py_interact.cc -> build_Intel_8592/sim/py_interact.o
 [     CXX] src/sim/eventq.cc -> build_Intel_8592/sim/eventq.o
 [     CXX] src/sim/futex_map.cc -> build_Intel_8592/sim/futex_map.o
 [     CXX] src/sim/global_event.cc -> build_Intel_8592/sim/global_event.o
 [     CXX] src/sim/globals.cc -> build_Intel_8592/sim/globals.o
 [     CXX] src/sim/init.cc -> build_Intel_8592/sim/init.o
 [ TRACING]  -> build_Intel_8592/debug/ExternalSignal.hh
 [     CXX] src/sim/main.cc -> build_Intel_8592/sim/main.o
 [     CXX] src/sim/kernel_workload.cc -> build_Intel_8592/sim/kernel_workload.o
 [     CXX] src/sim/init_signals.cc -> build_Intel_8592/sim/init_signals.o
 [     CXX] src/sim/port.cc -> build_Intel_8592/sim/port.o
 [     CXX] src/sim/python.cc -> build_Intel_8592/sim/python.o
 [     CXX] src/sim/redirect_path.cc -> build_Intel_8592/sim/redirect_path.o
 [ TRACING]  -> build_Intel_8592/debug/TimeSync.hh
 [     CXX] src/sim/root.cc -> build_Intel_8592/sim/root.o
 [     CXX] src/sim/serialize.cc -> build_Intel_8592/sim/serialize.o
 [     CXX] src/sim/se_workload.cc -> build_Intel_8592/sim/se_workload.o
 [     CXX] src/sim/sim_events.cc -> build_Intel_8592/sim/sim_events.o
 [     CXX] src/sim/sim_object.cc -> build_Intel_8592/sim/sim_object.o
 [     CXX] src/sim/sub_system.cc -> build_Intel_8592/sim/sub_system.o
 [     CXX] src/sim/ticked_object.cc -> build_Intel_8592/sim/ticked_object.o
 [ TRACING]  -> build_Intel_8592/debug/EnteringEventQueue.hh
 [     CXX] src/sim/simulate.cc -> build_Intel_8592/sim/simulate.o
 [     CXX] src/sim/stat_control.cc -> build_Intel_8592/sim/stat_control.o
 [     CXX] src/sim/stat_register.cc -> build_Intel_8592/sim/stat_register.o
 [ TRACING]  -> build_Intel_8592/debug/ClockDomain.hh
 [ TRACING]  -> build_Intel_8592/debug/VoltageDomain.hh
 [     CXX] src/sim/se_signal.cc -> build_Intel_8592/sim/se_signal.o
 [     CXX] src/sim/linear_solver.cc -> build_Intel_8592/sim/linear_solver.o
 [ TRACING]  -> build_Intel_8592/debug/WorkItems.hh
 [     CXX] src/sim/clock_domain.cc -> build_Intel_8592/sim/clock_domain.o
 [     CXX] src/sim/voltage_domain.cc -> build_Intel_8592/sim/voltage_domain.o
 [     CXX] src/sim/system.cc -> build_Intel_8592/sim/system.o
 [     CXX] src/sim/dvfs_handler.cc -> build_Intel_8592/sim/dvfs_handler.o
 [     CXX] src/sim/clocked_object.cc -> build_Intel_8592/sim/clocked_object.o
 [     CXX] src/sim/mathexpr.cc -> build_Intel_8592/sim/mathexpr.o
 [ TRACING]  -> build_Intel_8592/debug/PowerDomain.hh
 [     CXX] src/sim/stats.cc -> build_Intel_8592/sim/stats.o
 [     CXX] src/sim/power_state.cc -> build_Intel_8592/sim/power_state.o
 [     CXX] src/sim/power_domain.cc -> build_Intel_8592/sim/power_domain.o
 [     CXX] src/sim/workload.cc -> build_Intel_8592/sim/workload.o
 [     CXX] src/sim/mem_pool.cc -> build_Intel_8592/sim/mem_pool.o
 [     CXX] build_Intel_8592/sim/InstTracer.py.cc -> .o
 [SO Param] m5.objects.InstTracer, InstTracer -> build_Intel_8592/python/_m5/param_InstTracer.cc
 [SO Param] m5.objects.InstTracer, InstDisassembler -> build_Intel_8592/python/_m5/param_InstDisassembler.cc
 [     CXX] build_Intel_8592/sim/Process.py.cc -> .o
 [SO Param] m5.objects.Process, Process -> build_Intel_8592/python/_m5/param_Process.cc
 [     CXX] build_Intel_8592/python/_m5/param_InstTracer.cc -> .o
 [SO Param] m5.objects.Process, EmulatedDriver -> build_Intel_8592/python/_m5/param_EmulatedDriver.cc
 [     CXX] src/sim/faults.cc -> build_Intel_8592/sim/faults.o
 [     CXX] build_Intel_8592/python/_m5/param_InstDisassembler.cc -> .o
 [     CXX] src/sim/process.cc -> build_Intel_8592/sim/process.o
 [     CXX] src/sim/fd_array.cc -> build_Intel_8592/sim/fd_array.o
 [     CXX] build_Intel_8592/python/_m5/param_Process.cc -> .o
 [     CXX] src/sim/fd_entry.cc -> build_Intel_8592/sim/fd_entry.o
 [     CXX] src/sim/mem_state.cc -> build_Intel_8592/sim/mem_state.o
 [     CXX] src/sim/pseudo_inst.cc -> build_Intel_8592/sim/pseudo_inst.o
 [     CXX] src/sim/syscall_emul.cc -> build_Intel_8592/sim/syscall_emul.o
 [     CXX] build_Intel_8592/python/_m5/param_EmulatedDriver.cc -> .o
 [     CXX] src/sim/syscall_desc.cc -> build_Intel_8592/sim/syscall_desc.o
 [     CXX] src/sim/vma.cc -> build_Intel_8592/sim/vma.o
 [ TRACING]  -> build_Intel_8592/debug/Checkpoint.cc
 [     CXX] build_Intel_8592/debug/Checkpoint.cc -> .o
 [ TRACING]  -> build_Intel_8592/debug/Config.cc
 [     CXX] build_Intel_8592/debug/Config.cc -> .o
 [ TRACING]  -> build_Intel_8592/debug/CxxConfig.cc
 [     CXX] build_Intel_8592/debug/CxxConfig.cc -> .o
 [ TRACING]  -> build_Intel_8592/debug/Drain.cc
 [     CXX] build_Intel_8592/debug/Drain.cc -> .o
 [ TRACING]  -> build_Intel_8592/debug/Event.cc
 [     CXX] build_Intel_8592/debug/Event.cc -> .o
 [ TRACING]  -> build_Intel_8592/debug/ExternalSignal.cc
 [ TRACING]  -> build_Intel_8592/debug/Flow.cc
 [ TRACING]  -> build_Intel_8592/debug/IPI.cc
 [     CXX] build_Intel_8592/debug/ExternalSignal.cc -> .o
 [ TRACING]  -> build_Intel_8592/debug/Flow.hh
 [ TRACING]  -> build_Intel_8592/debug/IPR.cc
 [ TRACING]  -> build_Intel_8592/debug/IPI.hh
 [     CXX] build_Intel_8592/debug/Flow.cc -> .o
 [ TRACING]  -> build_Intel_8592/debug/IPR.hh
 [ TRACING]  -> build_Intel_8592/debug/Interrupt.cc
 [     CXX] build_Intel_8592/debug/IPI.cc -> .o
 [     CXX] build_Intel_8592/debug/IPR.cc -> .o
 [ TRACING]  -> build_Intel_8592/debug/Interrupt.hh
 [ TRACING]  -> build_Intel_8592/debug/Loader.cc
 [ TRACING]  -> build_Intel_8592/debug/PseudoInst.cc
 [     CXX] build_Intel_8592/debug/Interrupt.cc -> .o
 [ TRACING]  -> build_Intel_8592/debug/Stack.cc
 [     CXX] build_Intel_8592/debug/Loader.cc -> .o
 [     CXX] build_Intel_8592/debug/PseudoInst.cc -> .o
 [     CXX] build_Intel_8592/debug/Stack.cc -> .o
 [ TRACING]  -> build_Intel_8592/debug/SyscallBase.cc
 [ TRACING]  -> build_Intel_8592/debug/SyscallVerbose.cc
 [ TRACING]  -> build_Intel_8592/debug/TimeSync.cc
 [     CXX] build_Intel_8592/debug/SyscallBase.cc -> .o
 [ TRACING]  -> build_Intel_8592/debug/Thread.cc
 [ TRACING]  -> build_Intel_8592/debug/Timer.cc
 [     CXX] build_Intel_8592/debug/SyscallVerbose.cc -> .o
 [ TRACING]  -> build_Intel_8592/debug/VtoPhys.cc
 [     CXX] build_Intel_8592/debug/TimeSync.cc -> .o
 [     CXX] build_Intel_8592/debug/Thread.cc -> .o
 [ TRACING]  -> build_Intel_8592/debug/WorkItems.cc
 [ TRACING]  -> build_Intel_8592/debug/ClockDomain.cc
 [ TRACING]  -> build_Intel_8592/debug/Timer.hh
 [ TRACING]  -> build_Intel_8592/debug/VtoPhys.hh
 [     CXX] build_Intel_8592/debug/WorkItems.cc -> .o
 [     CXX] build_Intel_8592/debug/ClockDomain.cc -> .o
 [     CXX] build_Intel_8592/debug/Timer.cc -> .o
 [ TRACING]  -> build_Intel_8592/debug/VoltageDomain.cc
 [     CXX] build_Intel_8592/debug/VtoPhys.cc -> .o
 [ TRACING]  -> build_Intel_8592/debug/DVFS.cc
 [ TRACING]  -> build_Intel_8592/debug/Vma.cc
 [ TRACING]  -> build_Intel_8592/debug/PowerDomain.cc
 [ TRACING]  -> build_Intel_8592/debug/EnteringEventQueue.cc
 [ TRACING]  -> build_Intel_8592/debug/SyscallAll.cc
 [     CXX] build_Intel_8592/debug/VoltageDomain.cc -> .o
 [     CXX] build_Intel_8592/sim/probe/Probe.py.cc -> .o
 [     CXX] build_Intel_8592/debug/DVFS.cc -> .o
 [     CXX] build_Intel_8592/debug/Vma.cc -> .o
 [     CXX] build_Intel_8592/debug/PowerDomain.cc -> .o
 [SO Param] m5.objects.Probe, ProbeListenerObject -> build_Intel_8592/python/_m5/param_ProbeListenerObject.cc
 [     CXX] build_Intel_8592/debug/EnteringEventQueue.cc -> .o
 [ TRACING]  -> build_Intel_8592/debug/SyscallAll.hh
 [ TRACING]  -> build_Intel_8592/debug/ProbeVerbose.hh
 [     CXX] src/sim/probe/probe_listener_object.cc -> build_Intel_8592/sim/probe/probe_listener_object.o
 [     CXX] build_Intel_8592/debug/SyscallAll.cc -> .o
 [ TRACING]  -> build_Intel_8592/debug/ProbeVerbose.cc
 [     CXX] build_Intel_8592/sim/power/MathExprPowerModel.py.cc -> .o
 [SO Param] m5.objects.MathExprPowerModel, MathExprPowerModel -> build_Intel_8592/python/_m5/param_MathExprPowerModel.cc
 [     CXX] build_Intel_8592/sim/power/PowerModel.py.cc -> .o
 [SO Param] m5.objects.PowerModel, PowerModel -> build_Intel_8592/python/_m5/param_PowerModel.cc
 [     CXX] src/sim/probe/probe.cc -> build_Intel_8592/sim/probe/probe.o
 [     CXX] build_Intel_8592/debug/ProbeVerbose.cc -> .o
 [ENUM STR] m5.objects.PowerModel, PMType -> build_Intel_8592/enums/PMType.cc
 [     CXX] build_Intel_8592/sim/power/PowerModelState.py.cc -> .o
 [SO Param] m5.objects.PowerModelState, PowerModelState -> build_Intel_8592/python/_m5/param_PowerModelState.cc
 [     CXX] build_Intel_8592/sim/power/ThermalDomain.py.cc -> .o
 [SO Param] m5.objects.ThermalDomain, ThermalDomain -> build_Intel_8592/python/_m5/param_ThermalDomain.cc
 [     CXX] build_Intel_8592/sim/power/ThermalModel.py.cc -> .o
 [     CXX] build_Intel_8592/python/_m5/param_ProbeListenerObject.cc -> .o
 [SO Param] m5.objects.ThermalModel, ThermalNode -> build_Intel_8592/python/_m5/param_ThermalNode.cc
 [SO Param] m5.objects.ThermalModel, ThermalResistor -> build_Intel_8592/python/_m5/param_ThermalResistor.cc
 [SO Param] m5.objects.ThermalModel, ThermalCapacitor -> build_Intel_8592/python/_m5/param_ThermalCapacitor.cc
 [SO Param] m5.objects.ThermalModel, ThermalReference -> build_Intel_8592/python/_m5/param_ThermalReference.cc
 [SO Param] m5.objects.MathExprPowerModel, MathExprPowerModel -> build_Intel_8592/params/MathExprPowerModel.hh
 [     CXX] build_Intel_8592/python/_m5/param_PowerModel.cc -> .o
 [SO Param] m5.objects.ThermalModel, ThermalModel -> build_Intel_8592/python/_m5/param_ThermalModel.cc
 [     CXX] src/sim/power/power_model.cc -> build_Intel_8592/sim/power/power_model.o
 [ TRACING]  -> build_Intel_8592/debug/ThermalDomain.hh
 [     CXX] build_Intel_8592/enums/PMType.cc -> .o
 [     CXX] build_Intel_8592/python/_m5/param_PowerModelState.cc -> .o
 [     CXX] build_Intel_8592/python/_m5/param_ThermalDomain.cc -> .o
 [     CXX] src/sim/power/thermal_domain.cc -> build_Intel_8592/sim/power/thermal_domain.o
 [SO Param] m5.objects.ThermalModel, ThermalNode -> build_Intel_8592/params/ThermalNode.hh
 [SO Param] m5.objects.ThermalModel, ThermalResistor -> build_Intel_8592/params/ThermalResistor.hh
 [SO Param] m5.objects.ThermalModel, ThermalCapacitor -> build_Intel_8592/params/ThermalCapacitor.hh
 [SO Param] m5.objects.ThermalModel, ThermalReference -> build_Intel_8592/params/ThermalReference.hh
 [     CXX] src/sim/power/mathexpr_powermodel.cc -> build_Intel_8592/sim/power/mathexpr_powermodel.o
 [     CXX] build_Intel_8592/python/_m5/param_MathExprPowerModel.cc -> .o
 [     CXX] build_Intel_8592/python/_m5/param_ThermalModel.cc -> .o
 [ TRACING]  -> build_Intel_8592/debug/ThermalDomain.cc
 [     CXX] build_Intel_8592/systemc/Tlm.py.cc -> .o
In file included from /usr/include/c++/15/vector:67,
                 from src/sim/power_state.hh:47,
                 from src/sim/power_state.cc:38:
In function ‘std::__enable_if_t<((bool)std::__is_bitwise_relocatable<_Tp>::value), _Tp*> std::__relocate_a_1(_Tp*, _Tp*, _Tp*, allocator<_T2>&) [with _Tp = gem5::statistics::StatStor*; _Up = gem5::statistics::StatStor*]’,
    inlined from ‘_ForwardIterator std::__relocate_a(_InputIterator, _InputIterator, _ForwardIterator, _Allocator&) [with _InputIterator = gem5::statistics::StatStor**; _ForwardIterator = gem5::statistics::StatStor**; _Allocator = allocator<gem5::statistics::StatStor*>]’ at /usr/include/c++/15/bits/stl_uninitialized.h:1359:33,
    inlined from ‘static std::vector<_Tp, _Alloc>::pointer std::vector<_Tp, _Alloc>::_S_relocate(pointer, pointer, pointer, _Tp_alloc_type&) [with _Tp = gem5::statistics::StatStor*; _Alloc = std::allocator<gem5::statistics::StatStor*>]’ at /usr/include/c++/15/bits/stl_vector.h:539:26,
    inlined from ‘void std::vector<_Tp, _Alloc>::reserve(size_type) [with _Tp = gem5::statistics::StatStor*; _Alloc = std::allocator<gem5::statistics::StatStor*>]’ at /usr/include/c++/15/bits/vector.tcc:80:19,
    inlined from ‘void gem5::statistics::VectorBase<Derived, Stor>::doInit(gem5::statistics::size_type) [with Derived = gem5::statistics::Vector; Stor = gem5::statistics::StatStor]’ at src/base/statistics.hh:959:24,
    inlined from ‘Derived& gem5::statistics::VectorBase<Derived, Stor>::init(gem5::statistics::size_type) [with Derived = gem5::statistics::Vector; Stor = gem5::statistics::StatStor]’ at src/base/statistics.hh:1044:20,
    inlined from ‘virtual void gem5::PowerState::PowerStateStats::regStats()’ at src/sim/power_state.cc:259:14:
/usr/include/c++/15/bits/stl_uninitialized.h:1343:27: warning: ‘void* __builtin_memcpy(void*, const void*, long unsigned int)’ forming offset [40, 34359738367] is out of the bounds [0, 40] [-Warray-bounds=]
 1343 |           __builtin_memcpy(__result, __first, __count * sizeof(_Tp));
      |           ~~~~~~~~~~~~~~~~^~~~~~~~~~~~~~~~~~~~~~~~~~~~~~~~~~~~~~~~~~
 [     CXX] src/systemc/tlm_utils/convenience_socket_bases.cc -> build_Intel_8592/systemc/tlm_utils/convenience_socket_bases.o
 [     CXX] build_Intel_8592/debug/ThermalDomain.cc -> .o
 [     CXX] src/systemc/tlm_utils/instance_specific_extensions.cc -> build_Intel_8592/systemc/tlm_utils/instance_specific_extensions.o
 [     CXX] build_Intel_8592/python/_m5/param_ThermalResistor.cc -> .o
 [     CXX] src/sim/power/thermal_node.cc -> build_Intel_8592/sim/power/thermal_node.o
 [     CXX] build_Intel_8592/python/_m5/param_ThermalCapacitor.cc -> .o
 [     CXX] build_Intel_8592/python/_m5/param_ThermalNode.cc -> .o
 [     CXX] build_Intel_8592/python/_m5/param_ThermalReference.cc -> .o
 [     CXX] src/sim/power/thermal_model.cc -> build_Intel_8592/sim/power/thermal_model.o
 [     CXX] src/systemc/utils/functions.cc -> build_Intel_8592/systemc/utils/functions.o
 [     CXX] src/systemc/utils/messages.cc -> build_Intel_8592/systemc/utils/messages.o
 [     CXX] src/systemc/utils/report.cc -> build_Intel_8592/systemc/utils/report.o
 [     CXX] src/systemc/utils/sc_report.cc -> build_Intel_8592/systemc/utils/sc_report.o
 [     CXX] src/systemc/utils/sc_report_handler.cc -> build_Intel_8592/systemc/utils/sc_report_handler.o
 [     CXX] src/systemc/utils/sc_trace_file.cc -> build_Intel_8592/systemc/utils/sc_trace_file.o
 [     CXX] src/systemc/utils/sc_vector.cc -> build_Intel_8592/systemc/utils/sc_vector.o
 [     CXX] src/systemc/utils/tracefile.cc -> build_Intel_8592/systemc/utils/tracefile.o
 [     CXX] src/systemc/utils/vcd.cc -> build_Intel_8592/systemc/utils/vcd.o
 [     CXX] src/systemc/tlm_core/2/quantum/global_quantum.cc -> build_Intel_8592/systemc/tlm_core/2/quantum/global_quantum.o
 [     CXX] src/systemc/tlm_core/2/quantum/global_quantum_python.cc -> build_Intel_8592/systemc/tlm_core/2/quantum/global_quantum_python.o
 [     CXX] src/systemc/tlm_core/2/generic_payload/gp.cc -> build_Intel_8592/systemc/tlm_core/2/generic_payload/gp.o
 [     CXX] src/systemc/tlm_core/2/generic_payload/phase.cc -> build_Intel_8592/systemc/tlm_core/2/generic_payload/phase.o
 [     CXX] src/systemc/channel/messages.cc -> build_Intel_8592/systemc/channel/messages.o
 [SO Param] m5.objects.SystemC, SystemC_Kernel -> build_Intel_8592/params/SystemC_Kernel.hh
 [     CXX] src/systemc/channel/sc_event_queue.cc -> build_Intel_8592/systemc/channel/sc_event_queue.o
 [     CXX] src/systemc/channel/sc_in_resolved.cc -> build_Intel_8592/systemc/channel/sc_in_resolved.o
 [     CXX] src/systemc/channel/sc_inout_resolved.cc -> build_Intel_8592/systemc/channel/sc_inout_resolved.o
 [     CXX] src/systemc/channel/sc_out_resolved.cc -> build_Intel_8592/systemc/channel/sc_out_resolved.o
 [     CXX] src/systemc/channel/sc_mutex.cc -> build_Intel_8592/systemc/channel/sc_mutex.o
 [     CXX] src/systemc/channel/sc_semaphore.cc -> build_Intel_8592/systemc/channel/sc_semaphore.o
 [     CXX] src/systemc/channel/sc_signal.cc -> build_Intel_8592/systemc/channel/sc_signal.o
 [     CXX] src/systemc/channel/sc_signal_resolved.cc -> build_Intel_8592/systemc/channel/sc_signal_resolved.o
 [     CXX] src/systemc/channel/sc_clock.cc -> build_Intel_8592/systemc/channel/sc_clock.o
 [     CXX] build_Intel_8592/systemc/python/systemc.py.cc -> .o
 [     CXX] build_Intel_8592/systemc/python/tlm.py.cc -> .o
 [     CXX] build_Intel_8592/systemc/tlm_bridge/TlmBridge.py.cc -> .o
 [SO Param] m5.objects.TlmBridge, Gem5ToTlmBridgeBase -> build_Intel_8592/python/_m5/param_Gem5ToTlmBridgeBase.cc
 [SO Param] m5.objects.TlmBridge, TlmToGem5BridgeBase -> build_Intel_8592/python/_m5/param_TlmToGem5BridgeBase.cc
 [SO Param] m5.objects.TlmBridge, Gem5ToTlmBridge32 -> build_Intel_8592/python/_m5/param_Gem5ToTlmBridge32.cc
 [SO Param] m5.objects.TlmBridge, Gem5ToTlmBridge64 -> build_Intel_8592/python/_m5/param_Gem5ToTlmBridge64.cc
 [SO Param] m5.objects.TlmBridge, Gem5ToTlmBridge128 -> build_Intel_8592/python/_m5/param_Gem5ToTlmBridge128.cc
 [SO Param] m5.objects.TlmBridge, Gem5ToTlmBridge256 -> build_Intel_8592/python/_m5/param_Gem5ToTlmBridge256.cc
 [SO Param] m5.objects.TlmBridge, Gem5ToTlmBridge512 -> build_Intel_8592/python/_m5/param_Gem5ToTlmBridge512.cc
 [SO Param] m5.objects.TlmBridge, Gem5ToTlmBridgeBase -> build_Intel_8592/params/Gem5ToTlmBridgeBase.hh
 [SO Param] m5.objects.TlmBridge, TlmToGem5BridgeBase -> build_Intel_8592/params/TlmToGem5BridgeBase.hh
 [SO Param] m5.objects.TlmBridge, Gem5ToTlmBridge32 -> build_Intel_8592/params/Gem5ToTlmBridge32.hh
 [SO Param] m5.objects.TlmBridge, TlmToGem5Bridge32 -> build_Intel_8592/python/_m5/param_TlmToGem5Bridge32.cc
 [SO Param] m5.objects.TlmBridge, Gem5ToTlmBridge64 -> build_Intel_8592/params/Gem5ToTlmBridge64.hh
 [SO Param] m5.objects.TlmBridge, Gem5ToTlmBridge128 -> build_Intel_8592/params/Gem5ToTlmBridge128.hh
 [SO Param] m5.objects.TlmBridge, TlmToGem5Bridge64 -> build_Intel_8592/python/_m5/param_TlmToGem5Bridge64.cc
 [SO Param] m5.objects.TlmBridge, TlmToGem5Bridge128 -> build_Intel_8592/python/_m5/param_TlmToGem5Bridge128.cc
 [SO Param] m5.objects.TlmBridge, Gem5ToTlmBridge256 -> build_Intel_8592/params/Gem5ToTlmBridge256.hh
 [SO Param] m5.objects.TlmBridge, Gem5ToTlmBridge512 -> build_Intel_8592/params/Gem5ToTlmBridge512.hh
 [SO Param] m5.objects.TlmBridge, TlmToGem5Bridge256 -> build_Intel_8592/python/_m5/param_TlmToGem5Bridge256.cc
 [SO Param] m5.objects.SystemC, SystemC_ScModule -> build_Intel_8592/params/SystemC_ScModule.hh
 [SO Param] m5.objects.TlmBridge, TlmToGem5Bridge512 -> build_Intel_8592/python/_m5/param_TlmToGem5Bridge512.cc
 [     CXX] src/systemc/tlm_bridge/sc_mm.cc -> build_Intel_8592/systemc/tlm_bridge/sc_mm.o
 [SO Param] m5.objects.TlmBridge, TlmToGem5Bridge32 -> build_Intel_8592/params/TlmToGem5Bridge32.hh
 [ TRACING]  -> build_Intel_8592/debug/TlmBridge.hh
 [SO Param] m5.objects.TlmBridge, TlmToGem5Bridge128 -> build_Intel_8592/params/TlmToGem5Bridge128.hh
 [SO Param] m5.objects.TlmBridge, TlmToGem5Bridge256 -> build_Intel_8592/params/TlmToGem5Bridge256.hh
 [SO Param] m5.objects.TlmBridge, TlmToGem5Bridge512 -> build_Intel_8592/params/TlmToGem5Bridge512.hh
 [SO Param] m5.objects.TlmBridge, TlmToGem5Bridge64 -> build_Intel_8592/params/TlmToGem5Bridge64.hh
 [ TRACING]  -> build_Intel_8592/debug/TlmBridge.cc
 [     CXX] build_Intel_8592/systemc/core/SystemC.py.cc -> .o
 [SO Param] m5.objects.SystemC, SystemC_Kernel -> build_Intel_8592/python/_m5/param_SystemC_Kernel.cc
 [SO Param] m5.objects.SystemC, SystemC_ScObject -> build_Intel_8592/python/_m5/param_SystemC_ScObject.cc
 [SO Param] m5.objects.SystemC, SystemC_ScModule -> build_Intel_8592/python/_m5/param_SystemC_ScModule.cc
 [     CXX] src/systemc/core/channel.cc -> build_Intel_8592/systemc/core/channel.o
 [     CXX] build_Intel_8592/debug/TlmBridge.cc -> .o
 [     CXX] src/systemc/core/event.cc -> build_Intel_8592/systemc/core/event.o
 [     CXX] src/systemc/core/kernel.cc -> build_Intel_8592/systemc/core/kernel.o
 [     CXX] src/systemc/core/messages.cc -> build_Intel_8592/systemc/core/messages.o
 [     CXX] src/systemc/core/module.cc -> build_Intel_8592/systemc/core/module.o
 [     CXX] src/systemc/core/object.cc -> build_Intel_8592/systemc/core/object.o
 [     CXX] src/systemc/core/port.cc -> build_Intel_8592/systemc/core/port.o
 [     CXX] src/systemc/core/process.cc -> build_Intel_8592/systemc/core/process.o
 [     CXX] src/systemc/core/sched_event.cc -> build_Intel_8592/systemc/core/sched_event.o
 [SO Param] m5.objects.SystemC, SystemC_ScObject -> build_Intel_8592/params/SystemC_ScObject.hh
 [     CXX] src/systemc/core/scheduler.cc -> build_Intel_8592/systemc/core/scheduler.o
 [     CXX] src/systemc/core/sensitivity.cc -> build_Intel_8592/systemc/core/sensitivity.o
 [     CXX] src/systemc/core/time.cc -> build_Intel_8592/systemc/core/time.o
 [     CXX] src/systemc/core/sc_attr.cc -> build_Intel_8592/systemc/core/sc_attr.o
 [     CXX] src/systemc/core/sc_event.cc -> build_Intel_8592/systemc/core/sc_event.o
 [     CXX] src/systemc/core/sc_export.cc -> build_Intel_8592/systemc/core/sc_export.o
 [     CXX] build_Intel_8592/python/_m5/param_SystemC_Kernel.cc -> .o
 [     CXX] src/systemc/core/sc_interface.cc -> build_Intel_8592/systemc/core/sc_interface.o
 [     CXX] src/systemc/core/sc_join.cc -> build_Intel_8592/systemc/core/sc_join.o
 [     CXX] src/systemc/core/sc_main.cc -> build_Intel_8592/systemc/core/sc_main.o
 [     CXX] src/systemc/core/sc_main_fiber.cc -> build_Intel_8592/systemc/core/sc_main_fiber.o
 [     CXX] src/systemc/core/sc_module.cc -> build_Intel_8592/systemc/core/sc_module.o
 [     CXX] src/systemc/core/sc_module_name.cc -> build_Intel_8592/systemc/core/sc_module_name.o
 [     CXX] build_Intel_8592/python/_m5/param_Gem5ToTlmBridge32.cc -> .o
 [     CXX] build_Intel_8592/python/_m5/param_TlmToGem5Bridge32.cc -> .o
 [     CXX] build_Intel_8592/python/_m5/param_SystemC_ScModule.cc -> .o
 [     CXX] build_Intel_8592/python/_m5/param_TlmToGem5Bridge128.cc -> .o
 [     CXX] build_Intel_8592/python/_m5/param_Gem5ToTlmBridge512.cc -> .o
 [     CXX] build_Intel_8592/python/_m5/param_SystemC_ScObject.cc -> .o
 [     CXX] build_Intel_8592/python/_m5/param_TlmToGem5Bridge64.cc -> .o
 [     CXX] build_Intel_8592/python/_m5/param_TlmToGem5BridgeBase.cc -> .o
 [     CXX] build_Intel_8592/python/_m5/param_Gem5ToTlmBridgeBase.cc -> .o
 [     CXX] src/systemc/tlm_bridge/sc_ext.cc -> build_Intel_8592/systemc/tlm_bridge/sc_ext.o
 [     CXX] build_Intel_8592/python/_m5/param_Gem5ToTlmBridge256.cc -> .o
 [     CXX] src/systemc/tlm_bridge/gem5_to_tlm.cc -> build_Intel_8592/systemc/tlm_bridge/gem5_to_tlm.o
 [     CXX] build_Intel_8592/python/_m5/param_Gem5ToTlmBridge128.cc -> .o
 [     CXX] build_Intel_8592/python/_m5/param_TlmToGem5Bridge256.cc -> .o
 [     CXX] build_Intel_8592/python/_m5/param_TlmToGem5Bridge512.cc -> .o
 [     CXX] build_Intel_8592/python/_m5/param_Gem5ToTlmBridge64.cc -> .o
 [     CXX] src/systemc/tlm_bridge/tlm_to_gem5.cc -> build_Intel_8592/systemc/tlm_bridge/tlm_to_gem5.o
 [     CXX] src/systemc/core/sc_object.cc -> build_Intel_8592/systemc/core/sc_object.o
 [     CXX] src/systemc/core/sc_port.cc -> build_Intel_8592/systemc/core/sc_port.o
 [     CXX] src/systemc/core/sc_process_handle.cc -> build_Intel_8592/systemc/core/sc_process_handle.o
 [     CXX] src/systemc/core/sc_prim.cc -> build_Intel_8592/systemc/core/sc_prim.o
 [     CXX] src/systemc/core/sc_sensitive.cc -> build_Intel_8592/systemc/core/sc_sensitive.o
 [     CXX] src/systemc/core/sc_simcontext.cc -> build_Intel_8592/systemc/core/sc_simcontext.o
 [     CXX] src/systemc/core/sc_spawn.cc -> build_Intel_8592/systemc/core/sc_spawn.o
 [     CXX] src/systemc/core/sc_time.cc -> build_Intel_8592/systemc/core/sc_time.o
 [     CXX] src/systemc/core/python.cc -> build_Intel_8592/systemc/core/python.o
 [     CXX] src/systemc/core/sc_main_python.cc -> build_Intel_8592/systemc/core/sc_main_python.o
 [     CXX] src/systemc/core/sc_time_python.cc -> build_Intel_8592/systemc/core/sc_time_python.o
 [     CXX] src/systemc/dt/sc_mempool.cc -> build_Intel_8592/systemc/dt/sc_mempool.o
 [     CXX] src/systemc/dt/int/messages.cc -> build_Intel_8592/systemc/dt/int/messages.o
 [     CXX] src/systemc/dt/int/sc_int_base.cc -> build_Intel_8592/systemc/dt/int/sc_int_base.o
 [     CXX] src/systemc/dt/int/sc_int_mask.cc -> build_Intel_8592/systemc/dt/int/sc_int_mask.o
 [     CXX] src/systemc/dt/int/sc_length_param.cc -> build_Intel_8592/systemc/dt/int/sc_length_param.o
 [     CXX] src/systemc/dt/int/sc_nbexterns.cc -> build_Intel_8592/systemc/dt/int/sc_nbexterns.o
 [     CXX] src/systemc/dt/int/sc_nbutils.cc -> build_Intel_8592/systemc/dt/int/sc_nbutils.o
 [     CXX] src/systemc/dt/int/sc_signed.cc -> build_Intel_8592/systemc/dt/int/sc_signed.o
 [     CXX] src/systemc/dt/int/sc_uint_base.cc -> build_Intel_8592/systemc/dt/int/sc_uint_base.o
 [     CXX] src/systemc/dt/int/sc_unsigned.cc -> build_Intel_8592/systemc/dt/int/sc_unsigned.o
 [     CXX] src/systemc/dt/fx/messages.cc -> build_Intel_8592/systemc/dt/fx/messages.o
 [     CXX] src/systemc/dt/fx/sc_fxcast_switch.cc -> build_Intel_8592/systemc/dt/fx/sc_fxcast_switch.o
 [     CXX] src/systemc/dt/fx/sc_fxdefs.cc -> build_Intel_8592/systemc/dt/fx/sc_fxdefs.o
 [     CXX] src/systemc/dt/fx/scfx_mant.cc -> build_Intel_8592/systemc/dt/fx/scfx_mant.o
 [     CXX] src/systemc/dt/fx/sc_fxnum.cc -> build_Intel_8592/systemc/dt/fx/sc_fxnum.o
 [     CXX] src/systemc/dt/fx/sc_fxnum_observer.cc -> build_Intel_8592/systemc/dt/fx/sc_fxnum_observer.o
 [     CXX] src/systemc/dt/fx/scfx_pow10.cc -> build_Intel_8592/systemc/dt/fx/scfx_pow10.o
 [     CXX] src/systemc/dt/fx/scfx_rep.cc -> build_Intel_8592/systemc/dt/fx/scfx_rep.o
 [     CXX] src/systemc/dt/fx/sc_fxtype_params.cc -> build_Intel_8592/systemc/dt/fx/sc_fxtype_params.o
 [     CXX] src/systemc/dt/fx/scfx_utils.cc -> build_Intel_8592/systemc/dt/fx/scfx_utils.o
 [     CXX] src/systemc/dt/fx/sc_fxval.cc -> build_Intel_8592/systemc/dt/fx/sc_fxval.o
 [     CXX] src/systemc/dt/fx/sc_fxval_observer.cc -> build_Intel_8592/systemc/dt/fx/sc_fxval_observer.o
 [     CXX] src/systemc/dt/misc/sc_concatref.cc -> build_Intel_8592/systemc/dt/misc/sc_concatref.o
 [     CXX] src/systemc/dt/misc/sc_value_base.cc -> build_Intel_8592/systemc/dt/misc/sc_value_base.o
 [     CXX] src/systemc/dt/bit/messages.cc -> build_Intel_8592/systemc/dt/bit/messages.o
 [     CXX] src/systemc/dt/bit/sc_bit.cc -> build_Intel_8592/systemc/dt/bit/sc_bit.o
 [     CXX] src/systemc/dt/bit/sc_bv_base.cc -> build_Intel_8592/systemc/dt/bit/sc_bv_base.o
 [     CXX] src/systemc/dt/bit/sc_logic.cc -> build_Intel_8592/systemc/dt/bit/sc_logic.o
 [     CXX] src/systemc/dt/bit/sc_lv_base.cc -> build_Intel_8592/systemc/dt/bit/sc_lv_base.o
 [     CXX] build_Intel_8592/learning_gem5/part2/SimpleObject.py.cc -> .o
 [SO Param] m5.objects.SimpleObject, SimpleObject -> build_Intel_8592/python/_m5/param_SimpleObject.cc
 [     CXX] build_Intel_8592/learning_gem5/part2/HelloObject.py.cc -> .o
 [SO Param] m5.objects.HelloObject, HelloObject -> build_Intel_8592/python/_m5/param_HelloObject.cc
 [SO Param] m5.objects.HelloObject, GoodbyeObject -> build_Intel_8592/python/_m5/param_GoodbyeObject.cc
 [     CXX] build_Intel_8592/learning_gem5/part2/SimpleMemobj.py.cc -> .o
 [SO Param] m5.objects.SimpleMemobj, SimpleMemobj -> build_Intel_8592/python/_m5/param_SimpleMemobj.cc
 [     CXX] build_Intel_8592/learning_gem5/part2/SimpleCache.py.cc -> .o
 [SO Param] m5.objects.SimpleCache, SimpleCache -> build_Intel_8592/python/_m5/param_SimpleCache.cc
 [SO Param] m5.objects.SimpleObject, SimpleObject -> build_Intel_8592/params/SimpleObject.hh
 [ TRACING]  -> build_Intel_8592/debug/HelloExample.hh
 [SO Param] m5.objects.HelloObject, HelloObject -> build_Intel_8592/params/HelloObject.hh
 [SO Param] m5.objects.HelloObject, GoodbyeObject -> build_Intel_8592/params/GoodbyeObject.hh
 [ TRACING]  -> build_Intel_8592/debug/SimpleMemobj.hh
 [SO Param] m5.objects.SimpleMemobj, SimpleMemobj -> build_Intel_8592/params/SimpleMemobj.hh
 [ TRACING]  -> build_Intel_8592/debug/SimpleCache.hh
 [SO Param] m5.objects.SimpleCache, SimpleCache -> build_Intel_8592/params/SimpleCache.hh
 [ TRACING]  -> build_Intel_8592/debug/HelloExample.cc
 [ TRACING]  -> build_Intel_8592/debug/SimpleMemobj.cc
 [ TRACING]  -> build_Intel_8592/debug/SimpleCache.cc
 [     CXX] build_Intel_8592/debug/HelloExample.cc -> .o
 [     CXX] build_Intel_8592/debug/SimpleMemobj.cc -> .o
 [     CXX] build_Intel_8592/debug/SimpleCache.cc -> .o
 [     CXX] build_Intel_8592/python/m5/defines.py.cc -> .o
 [     CXX] build_Intel_8592/python/m5/info.py.cc -> .o
 [     CXX] src/learning_gem5/part2/simple_object.cc -> build_Intel_8592/learning_gem5/part2/simple_object.o
 [     CXX] build_Intel_8592/python/_m5/param_SimpleObject.cc -> .o
 [     CXX] src/learning_gem5/part2/goodbye_object.cc -> build_Intel_8592/learning_gem5/part2/goodbye_object.o
 [     CXX] build_Intel_8592/python/_m5/param_GoodbyeObject.cc -> .o
 [     CXX] src/learning_gem5/part2/simple_memobj.cc -> build_Intel_8592/learning_gem5/part2/simple_memobj.o
 [     CXX] build_Intel_8592/python/_m5/param_SimpleCache.cc -> .o
 [     CXX] src/learning_gem5/part2/simple_cache.cc -> build_Intel_8592/learning_gem5/part2/simple_cache.o
 [     CXX] build_Intel_8592/python/_m5/param_SimpleMemobj.cc -> .o
 [     CXX] src/learning_gem5/part2/hello_object.cc -> build_Intel_8592/learning_gem5/part2/hello_object.o
 [     CXX] build_Intel_8592/python/_m5/param_HelloObject.cc -> .o
 [     CXX] src/base/date.cc -> build_Intel_8592/base/date.o
 [    LINK]  -> build_Intel_8592/gem5.opt
scons: done building targets.
*** Summary of Warnings ***
Warning: Detected GCC version 15.2.0 is not officially supported.
         gem5 supports GCC v11 up to v14.2.
Warning: You can get a 12% performance improvement by installing tcmalloc
         (libgoogle-perftools-dev package on Ubuntu or RedHat).
Warning: Header file <capstone/capstone.h> not found.
         This host has no capstone library installed.
Warning: Header file <png.h> not found.
         This host has no libpng library.
         Disabling support for PNG framebuffers.
Warning: Couldn't find HDF5 C++ libraries. Disabling HDF5 support.
Warning: While checking protoc version: [Errno 2] No such file or directory:
         'protoc'
Warning: Protocol buffer compiler (protoc) not found.
         Please install protobuf-compiler for tracing support.
